Date,VIX,VIX3M,SP500,GOLD,TNY,DXY
1990-01-02,17.239999771118164,,359.69000244140625,,7.940000057220459,94.29000091552734
1990-01-03,18.190000534057617,,358.760009765625,,7.989999771118164,94.41999816894531
1990-01-04,19.219999313354492,,355.6700134277344,,7.980000019073486,92.5199966430664
1990-01-05,20.110000610351562,,352.20001220703125,,7.989999771118164,92.8499984741211
1990-01-08,20.260000228881836,,353.7900085449219,,8.020000457763672,92.05000305175781
1990-01-09,22.200000762939453,,349.6199951171875,,8.020000457763672,92.3499984741211
1990-01-10,22.440000534057617,,347.30999755859375,,8.029999732971191,92.38999938964844
1990-01-11,20.049999237060547,,348.5299987792969,,8.039999961853027,92.4000015258789
1990-01-12,24.639999389648438,,339.92999267578125,,8.100000381469727,92.43000030517578
1990-01-15,26.34000015258789,,337.0,,8.100000381469727,92.83999633789062
1990-01-16,24.18000030517578,,340.75,,8.199999809265137,92.94000244140625
1990-01-17,24.15999984741211,,337.3999938964844,,8.1899995803833,92.72000122070312
1990-01-18,24.34000015258789,,338.19000244140625,,8.319999694824219,93.73999786376953
1990-01-19,22.5,,339.1499938964844,,8.260000228881836,93.69000244140625
1990-01-22,26.700000762939453,,330.3800048828125,,8.270000457763672,94.31999969482422
1990-01-23,24.719999313354492,,331.6099853515625,,8.260000228881836,93.19000244140625
1990-01-24,25.389999389648438,,330.260009765625,,8.380000114440918,93.02999877929688
1990-01-25,25.6299991607666,,326.0799865722656,,8.420000076293945,92.6500015258789
1990-01-26,26.280000686645508,,325.79998779296875,,8.489999771118164,92.5199966430664
1990-01-29,26.440000534057617,,325.20001220703125,,8.5,92.0999984741211
1990-01-30,27.25,,322.9800109863281,,8.510000228881836,92.91000366210938
1990-01-31,25.360000610351562,,329.0799865722656,,8.430000305175781,92.41000366210938
1990-02-01,24.8700008392334,,328.7900085449219,,8.420000076293945,92.16000366210938
1990-02-02,24.31999969482422,,330.9200134277344,,8.5,92.44000244140625
1990-02-05,24.540000915527344,,331.8500061035156,,8.529999732971191,91.54000091552734
1990-02-06,24.690000534057617,,329.6600036621094,,8.569999694824219,91.55000305175781
1990-02-07,24.290000915527344,,333.75,,8.520000457763672,91.75
1990-02-08,23.770000457763672,,332.9599914550781,,8.489999771118164,91.9800033569336
1990-02-09,23.690000534057617,,333.6199951171875,,8.3100004196167,91.9800033569336
1990-02-12,24.3799991607666,,330.0799865722656,,8.399999618530273,92.11000061035156
1990-02-13,23.760000228881836,,331.0199890136719,,8.350000381469727,92.30000305175781
1990-02-14,22.049999237060547,,332.010009765625,,8.359999656677246,92.12999725341797
1990-02-15,19.709999084472656,,334.8900146484375,,8.430000305175781,92.79000091552734
1990-02-16,20.780000686645508,,332.7200012207031,,8.420000076293945,92.18000030517578
1990-02-20,22.780000686645508,,327.989990234375,,8.619999885559082,91.81999969482422
1990-02-21,23.889999389648438,,327.6700134277344,,8.619999885559082,91.80000305175781
1990-02-22,22.540000915527344,,325.70001220703125,,8.539999961853027,91.9800033569336
1990-02-23,23.690000534057617,,324.1499938964844,,8.529999732971191,92.16000366210938
1990-02-26,23.559999465942383,,328.6700134277344,,8.460000038146973,92.97000122070312
1990-02-27,22.690000534057617,,330.260009765625,,8.40999984741211,92.70999908447266
1990-02-28,21.989999771118164,,331.8900146484375,,8.510000228881836,93.29000091552734
1990-03-01,21.899999618530273,,332.739990234375,,8.59000015258789,94.0
1990-03-02,21.34000015258789,,335.5400085449219,,8.539999961853027,94.01000213623047
1990-03-05,22.030000686645508,,333.739990234375,,8.649999618530273,93.2699966430664
1990-03-06,20.549999237060547,,337.92999267578125,,8.59000015258789,93.55999755859375
1990-03-07,19.100000381469727,,336.95001220703125,,8.579999923706055,93.63999938964844
1990-03-08,19.739999771118164,,340.2699890136719,,8.569999694824219,93.52999877929688
1990-03-09,20.299999237060547,,337.92999267578125,,8.649999618530273,93.87000274658203
1990-03-12,20.06999969482422,,338.6700134277344,,8.630000114440918,94.38999938964844
1990-03-13,21.049999237060547,,336.0,,8.729999542236328,94.30000305175781
1990-03-14,19.649999618530273,,336.8699951171875,,8.649999618530273,94.25
1990-03-15,18.809999465942383,,338.07000732421875,,8.65999984741211,93.77999877929688
1990-03-16,17.6200008392334,,341.9100036621094,,8.59000015258789,93.80000305175781
1990-03-19,18.290000915527344,,343.5299987792969,,8.59000015258789,93.48999786376953
1990-03-20,19.059999465942383,,341.57000732421875,,8.539999961853027,94.29000091552734
1990-03-21,20.100000381469727,,339.739990234375,,8.550000190734863,94.41000366210938
1990-03-22,22.739999771118164,,335.69000244140625,,8.529999732971191,94.16999816894531
1990-03-23,20.459999084472656,,337.2200012207031,,8.520000457763672,94.37000274658203
1990-03-26,19.59000015258789,,337.6300048828125,,8.510000228881836,94.27999877929688
1990-03-27,21.010000228881836,,341.5,,8.520000457763672,94.41000366210938
1990-03-28,19.770000457763672,,342.0,,8.510000228881836,94.47000122070312
1990-03-29,18.459999084472656,,340.7900085449219,,8.600000381469727,93.7300033569336
1990-03-30,19.729999542236328,,339.94000244140625,,8.649999618530273,93.69000244140625
1990-04-02,22.84000015258789,,338.70001220703125,,8.649999618530273,94.05999755859375
1990-04-03,20.440000534057617,,343.6400146484375,,8.630000114440918,94.01000213623047
1990-04-04,22.030000686645508,,341.0899963378906,,8.550000190734863,93.9800033569336
1990-04-05,21.209999084472656,,340.7300109863281,,8.569999694824219,93.86000061035156
1990-04-06,21.760000228881836,,340.0799865722656,,8.5600004196167,93.72000122070312
1990-04-09,22.299999237060547,,341.3699951171875,,8.59000015258789,93.68000030517578
1990-04-10,21.690000534057617,,342.07000732421875,,8.600000381469727,93.0
1990-04-11,17.729999542236328,,341.9200134277344,,8.630000114440918,92.93000030517578
1990-04-12,19.799999237060547,,344.3399963378906,,8.640000343322754,92.87000274658203
1990-04-16,20.75,,344.739990234375,,8.680000305175781,93.33999633789062
1990-04-17,20.3799991607666,,344.67999267578125,,8.770000457763672,93.27999877929688
1990-04-18,22.670000076293945,,340.7200012207031,,8.859999656677246,92.86000061035156
1990-04-19,22.459999084472656,,338.0899963378906,,8.869999885559082,92.98999786376953
1990-04-20,23.329999923706055,,335.1199951171875,,8.949999809265137,93.29000091552734
1990-04-23,24.15999984741211,,331.04998779296875,,8.979999542236328,93.7699966430664
1990-04-24,21.700000762939453,,330.3599853515625,,9.0,93.77999877929688
1990-04-25,20.860000610351562,,332.0299987792969,,9.010000228881836,93.08999633789062
1990-04-26,20.25,,332.9200134277344,,9.069999694824219,93.19999694824219
1990-04-27,22.190000534057617,,329.1099853515625,,9.0600004196167,93.0199966430664
1990-04-30,19.520000457763672,,330.79998779296875,,9.039999961853027,93.06999969482422
1990-05-01,18.43000030517578,,332.25,,9.079999923706055,93.08999633789062
1990-05-02,19.31999969482422,,334.4800109863281,,9.09000015258789,93.23999786376953
1990-05-03,17.809999465942383,,335.57000732421875,,9.039999961853027,93.12999725341797
1990-05-04,17.280000686645508,,338.3900146484375,,8.84000015258789,92.37000274658203
1990-05-07,17.649999618530273,,340.5299987792969,,8.869999885559082,92.01000213623047
1990-05-08,18.489999771118164,,342.010009765625,,8.84000015258789,91.98999786376953
1990-05-09,18.639999389648438,,342.8599853515625,,8.880000114440918,91.1500015258789
1990-05-10,18.59000015258789,,343.82000732421875,,8.819999694824219,91.20999908447266
1990-05-11,19.809999465942383,,352.0,,8.640000343322754,91.12000274658203
1990-05-14,20.139999389648438,,354.75,,8.609999656677246,91.0999984741211
1990-05-15,19.489999771118164,,354.2799987792969,,8.649999618530273,91.08999633789062
1990-05-16,17.709999084472656,,354.0,,8.680000305175781,91.16000366210938
1990-05-17,17.270000457763672,,354.4700012207031,,8.6899995803833,91.33999633789062
1990-05-18,17.200000762939453,,354.6400146484375,,8.75,91.30999755859375
1990-05-21,16.719999313354492,,358.0,,8.739999771118164,91.91000366210938
1990-05-22,17.84000015258789,,358.42999267578125,,8.649999618530273,92.0
1990-05-23,17.18000030517578,,359.2900085449219,,8.609999656677246,92.13999938964844
1990-05-24,17.700000762939453,,358.4100036621094,,8.630000114440918,92.37000274658203
1990-05-25,17.31999969482422,,354.5799865722656,,8.6899995803833,92.26000213623047
1990-05-29,18.75,,360.6499938964844,,8.65999984741211,92.02999877929688
1990-05-30,17.440000534057617,,360.8599853515625,,8.619999885559082,92.31999969482422
1990-05-31,17.3700008392334,,361.2300109863281,,8.600000381469727,92.9800033569336
1990-06-01,17.09000015258789,,363.1600036621094,,8.4399995803833,92.95999908447266
1990-06-04,18.389999389648438,,367.3999938964844,,8.4399995803833,92.91000366210938
1990-06-05,18.969999313354492,,366.6400146484375,,8.470000267028809,92.61000061035156
1990-06-06,17.420000076293945,,364.9599914550781,,8.460000038146973,92.63999938964844
1990-06-07,16.8799991607666,,363.1499938964844,,8.460000038146973,92.73999786376953
1990-06-08,17.579999923706055,,358.7099914550781,,8.460000038146973,93.08000183105469
1990-06-11,16.34000015258789,,361.6300048828125,,8.479999542236328,92.91999816894531
1990-06-12,16.600000381469727,,366.25,,8.479999542236328,92.93000030517578
1990-06-13,17.3799991607666,,364.8999938964844,,8.399999618530273,92.5199966430664
1990-06-14,17.399999618530273,,362.8999938964844,,8.380000114440918,92.81999969482422
1990-06-15,15.899999618530273,,362.9100036621094,,8.460000038146973,92.58000183105469
1990-06-18,17.709999084472656,,356.8800048828125,,8.5,92.12000274658203
1990-06-19,15.229999542236328,,358.4700012207031,,8.510000228881836,91.77999877929688
1990-06-20,15.270000457763672,,359.1000061035156,,8.550000190734863,92.08000183105469
1990-06-21,14.720000267028809,,360.4700012207031,,8.520000457763672,92.08999633789062
1990-06-22,19.360000610351562,,355.42999267578125,,8.510000228881836,91.98999786376953
1990-06-25,17.059999465942383,,352.30999755859375,,8.579999923706055,92.16999816894531
1990-06-26,16.290000915527344,,352.05999755859375,,8.5600004196167,91.5199966430664
1990-06-27,16.0,,355.1400146484375,,8.520000457763672,91.44000244140625
1990-06-28,16.18000030517578,,357.6300048828125,,8.470000267028809,91.66999816894531
1990-06-29,15.5,,358.0199890136719,,8.430000305175781,91.1500015258789
1990-07-02,16.260000228881836,,359.5400085449219,,8.430000305175781,90.58999633789062
1990-07-03,16.110000610351562,,360.1600036621094,,8.399999618530273,90.41000366210938
1990-07-05,17.25,,355.67999267578125,,8.420000076293945,90.44999694824219
1990-07-06,16.40999984741211,,358.4200134277344,,8.510000228881836,90.5199966430664
1990-07-09,16.65999984741211,,359.5199890136719,,8.569999694824219,90.2699966430664
1990-07-10,16.920000076293945,,356.489990234375,,8.569999694824219,89.58000183105469
1990-07-11,16.68000030517578,,361.2300109863281,,8.569999694824219,90.18000030517578
1990-07-12,17.059999465942383,,365.44000244140625,,8.5,89.37999725341797
1990-07-13,17.09000015258789,,367.30999755859375,,8.449999809265137,90.05000305175781
1990-07-16,16.75,,368.95001220703125,,8.4399995803833,90.27999877929688
1990-07-17,16.65999984741211,,367.5199890136719,,8.4399995803833,89.69999694824219
1990-07-18,18.899999618530273,,364.2200012207031,,8.5,89.83999633789062
1990-07-19,18.559999465942383,,365.32000732421875,,8.510000228881836,89.62000274658203
1990-07-20,15.630000114440918,,361.6099853515625,,8.479999542236328,89.54000091552734
1990-07-23,23.68000030517578,,355.30999755859375,,8.479999542236328,88.88999938964844
1990-07-24,21.790000915527344,,355.7900085449219,,8.529999732971191,88.8499984741211
1990-07-25,20.190000534057617,,357.0899963378906,,8.489999771118164,89.16000366210938
1990-07-26,20.260000228881836,,355.9100036621094,,8.489999771118164,89.13999938964844
1990-07-27,21.1200008392334,,353.44000244140625,,8.420000076293945,88.43000030517578
1990-07-30,21.15999984741211,,355.54998779296875,,8.34000015258789,88.12999725341797
1990-07-31,21.110000610351562,,356.1499938964844,,8.359999656677246,87.16999816894531
1990-08-01,21.639999389648438,,355.5199890136719,,8.289999961853027,87.41999816894531
1990-08-02,20.43000030517578,,351.4800109863281,,8.40999984741211,87.7300033569336
1990-08-03,28.739999771118164,,344.8599853515625,,8.430000305175781,87.55000305175781
1990-08-06,35.90999984741211,,334.42999267578125,,8.710000038146973,87.12000274658203
1990-08-07,32.75,,334.8299865722656,,8.779999732971191,87.5199966430664
1990-08-08,28.270000457763672,,338.3500061035156,,8.770000457763672,87.58999633789062
1990-08-09,24.389999389648438,,339.94000244140625,,8.65999984741211,87.69000244140625
1990-08-10,25.75,,335.5199890136719,,8.680000305175781,87.58000183105469
1990-08-13,25.739999771118164,,338.8399963378906,,8.710000038146973,87.01000213623047
1990-08-14,24.18000030517578,,339.3900146484375,,8.65999984741211,86.37999725341797
1990-08-15,23.309999465942383,,340.05999755859375,,8.640000343322754,86.26000213623047
1990-08-16,27.15999984741211,,332.3900146484375,,8.760000228881836,85.83000183105469
1990-08-17,27.530000686645508,,327.8299865722656,,8.800000190734863,85.56999969482422
1990-08-20,26.459999084472656,,328.510009765625,,8.8100004196167,86.19000244140625
1990-08-21,28.899999618530273,,321.8599853515625,,8.84000015258789,86.16999816894531
1990-08-22,30.549999237060547,,316.54998779296875,,8.90999984741211,85.97000122070312
1990-08-23,36.470001220703125,,307.05999755859375,,9.0,85.0999984741211
1990-08-24,33.93000030517578,,311.510009765625,,9.050000190734863,85.66000366210938
1990-08-27,29.6299991607666,,321.44000244140625,,8.899999618530273,85.26000213623047
1990-08-28,29.1200008392334,,321.3399963378906,,8.9399995803833,85.4000015258789
1990-08-29,27.3799991607666,,324.19000244140625,,8.84000015258789,85.56999969482422
1990-08-30,29.889999389648438,,318.7099914550781,,8.859999656677246,85.91999816894531
1990-08-31,29.899999618530273,,322.55999755859375,,8.859999656677246,86.55999755859375
1990-09-04,29.579999923706055,,323.0899963378906,,8.899999618530273,86.77999877929688
1990-09-05,28.520000457763672,,324.3900146484375,,8.859999656677246,85.7300033569336
1990-09-06,30.190000534057617,,320.4599914550781,,8.84000015258789,85.47000122070312
1990-09-07,28.729999542236328,,323.3999938964844,,8.8100004196167,86.05000305175781
1990-09-10,29.34000015258789,,321.6300048828125,,8.850000381469727,86.75
1990-09-11,28.3799991607666,,321.0400085449219,,8.829999923706055,86.9000015258789
1990-09-12,28.1200008392334,,322.5400085449219,,8.819999694824219,86.94000244140625
1990-09-13,29.329999923706055,,318.6499938964844,,8.819999694824219,85.79000091552734
1990-09-14,30.559999465942383,,316.8299865722656,,8.869999885559082,85.72000122070312
1990-09-17,29.549999237060547,,317.7699890136719,,8.899999618530273,84.87999725341797
1990-09-18,28.81999969482422,,318.6000061035156,,8.899999618530273,85.23999786376953
1990-09-19,27.8799991607666,,316.6000061035156,,8.880000114440918,85.9800033569336
1990-09-20,28.65999984741211,,311.4800109863281,,8.90999984741211,86.19999694824219
1990-09-21,30.040000915527344,,311.32000732421875,,8.989999771118164,86.30999755859375
1990-09-24,30.559999465942383,,304.5899963378906,,9.039999961853027,85.4800033569336
1990-09-25,28.809999465942383,,308.260009765625,,9.020000457763672,85.93000030517578
1990-09-26,28.190000534057617,,305.05999755859375,,9.0,85.7699966430664
1990-09-27,28.670000076293945,,300.9700012207031,,8.90999984741211,85.72000122070312
1990-09-28,29.110000610351562,,306.04998779296875,,8.819999694824219,86.0
1990-10-01,28.059999465942383,,314.94000244140625,,8.710000038146973,85.43000030517578
1990-10-02,27.280000686645508,,315.2099914550781,,8.6899995803833,85.0999984741211
1990-10-03,27.899999618530273,,311.3999938964844,,8.710000038146973,84.70999908447266
1990-10-04,27.510000228881836,,312.69000244140625,,8.670000076293945,84.12999725341797
1990-10-05,27.850000381469727,,311.5,,8.649999618530273,84.27999877929688
1990-10-08,28.040000915527344,,313.4800109863281,,8.649999618530273,83.5999984741211
1990-10-09,30.709999084472656,,305.1000061035156,,8.829999923706055,83.20999908447266
1990-10-10,31.190000534057617,,300.3900146484375,,8.890000343322754,83.29000091552734
1990-10-11,33.97999954223633,,295.4599914550781,,8.920000076293945,82.79000091552734
1990-10-12,31.940000534057617,,300.0299987792969,,8.84000015258789,83.16000366210938
1990-10-15,31.639999389648438,,303.2300109863281,,8.800000190734863,83.25
1990-10-16,31.450000762939453,,298.9200134277344,,8.789999961853027,82.58999633789062
1990-10-17,31.3700008392334,,298.760009765625,,8.760000228881836,82.55999755859375
1990-10-18,29.600000381469727,,305.739990234375,,8.710000038146973,81.95999908447266
1990-10-19,27.860000610351562,,312.4800109863281,,8.619999885559082,82.30000305175781
1990-10-22,27.270000457763672,,314.760009765625,,8.630000114440918,82.95999908447266
1990-10-23,27.56999969482422,,312.3599853515625,,8.649999618530273,83.06999969482422
1990-10-24,28.280000686645508,,312.6000061035156,,8.65999984741211,82.4800033569336
1990-10-25,29.040000915527344,,310.1700134277344,,8.619999885559082,83.04000091552734
1990-10-26,30.75,,304.7099914550781,,8.630000114440918,82.87999725341797
1990-10-29,31.540000915527344,,301.8800048828125,,8.699999809265137,83.23999786376953
1990-10-30,30.520000457763672,,304.05999755859375,,8.699999809265137,82.91999816894531
1990-10-31,30.040000915527344,,304.0,,8.649999618530273,83.27999877929688
1990-11-01,30.25,,307.0199890136719,,8.569999694824219,82.81999969482422
1990-11-02,30.030000686645508,,311.8500061035156,,8.569999694824219,82.26000213623047
1990-11-05,29.850000381469727,,314.5899963378906,,8.5,81.70999908447266
1990-11-06,29.110000610351562,,311.6199951171875,,8.520000457763672,82.11000061035156
1990-11-07,30.8700008392334,,306.010009765625,,8.569999694824219,82.04000091552734
1990-11-08,30.790000915527344,,307.6099853515625,,8.579999923706055,82.13999938964844
1990-11-09,26.959999084472656,,313.739990234375,,8.489999771118164,82.12000274658203
1990-11-12,25.600000381469727,,319.4800109863281,,8.489999771118164,81.70999908447266
1990-11-13,24.579999923706055,,317.6700134277344,,8.369999885559082,81.8499984741211
1990-11-14,22.889999389648438,,320.3999938964844,,8.359999656677246,81.62999725341797
1990-11-15,22.56999969482422,,317.0199890136719,,8.369999885559082,81.83999633789062
1990-11-16,21.34000015258789,,317.1199951171875,,8.300000190734863,81.58999633789062
1990-11-19,20.950000762939453,,319.3399963378906,,8.350000381469727,81.55999755859375
1990-11-20,20.09000015258789,,315.30999755859375,,8.3100004196167,81.62000274658203
1990-11-21,21.09000015258789,,316.0299987792969,,8.270000457763672,81.51000213623047
1990-11-23,20.979999542236328,,315.1000061035156,,8.279999732971191,81.87000274658203
1990-11-26,22.760000228881836,,316.510009765625,,8.270000457763672,82.0999984741211
1990-11-27,22.860000610351562,,318.1000061035156,,8.279999732971191,81.70999908447266
1990-11-28,22.959999084472656,,317.95001220703125,,8.300000190734863,82.2300033569336
1990-11-29,23.90999984741211,,316.4200134277344,,8.319999694824219,83.26000213623047
1990-11-30,22.15999984741211,,322.2200012207031,,8.260000228881836,82.93000030517578
1990-12-03,22.290000915527344,,324.1000061035156,,8.220000267028809,83.80999755859375
1990-12-04,22.030000686645508,,326.3500061035156,,8.199999809265137,83.23999786376953
1990-12-05,20.940000534057617,,329.9200134277344,,8.15999984741211,83.20999908447266
1990-12-06,22.6200008392334,,329.07000732421875,,8.180000305175781,82.70999908447266
1990-12-07,22.59000015258789,,327.75,,8.029999732971191,81.93000030517578
1990-12-10,23.579999923706055,,328.8900146484375,,7.980000019073486,82.0999984741211
1990-12-11,23.75,,326.44000244140625,,7.940000057220459,82.33000183105469
1990-12-12,21.280000686645508,,330.19000244140625,,7.909999847412109,82.12999725341797
1990-12-13,23.049999237060547,,329.3399963378906,,7.980000019073486,82.30999755859375
1990-12-14,23.850000381469727,,326.82000732421875,,8.050000190734863,82.55999755859375
1990-12-17,24.850000381469727,,326.0199890136719,,8.020000457763672,82.77999877929688
1990-12-18,23.110000610351562,,330.04998779296875,,7.989999771118164,82.33999633789062
1990-12-19,23.079999923706055,,330.20001220703125,,8.0,82.5999984741211
1990-12-20,23.1299991607666,,330.1199951171875,,8.050000190734863,83.88999938964844
1990-12-21,22.65999984741211,,331.75,,8.109999656677246,84.69999694824219
1990-12-24,24.030000686645508,,329.8999938964844,,8.199999809265137,84.70999908447266
1990-12-26,24.18000030517578,,330.8500061035156,,8.149999618530273,85.04000091552734
1990-12-27,24.809999465942383,,328.2900085449219,,8.109999656677246,84.7300033569336
1990-12-28,25.049999237060547,,328.7200012207031,,8.140000343322754,83.26000213623047
1990-12-31,26.3799991607666,,330.2200012207031,,8.079999923706055,83.06999969482422
1991-01-02,26.6200008392334,,326.45001220703125,,7.96999979019165,82.79000091552734
1991-01-03,27.93000030517578,,321.9100036621094,,7.929999828338623,82.80999755859375
1991-01-04,27.190000534057617,,321.0,,8.020000457763672,83.36000061035156
1991-01-07,28.950000762939453,,315.44000244140625,,8.130000114440918,84.66999816894531
1991-01-08,30.3799991607666,,314.8999938964844,,8.15999984741211,84.94999694824219
1991-01-09,33.29999923706055,,311.489990234375,,8.25,84.52999877929688
1991-01-10,31.329999923706055,,314.5299987792969,,8.15999984741211,84.19000244140625
1991-01-11,32.630001068115234,,315.2300109863281,,8.199999809265137,84.29000091552734
1991-01-14,36.20000076293945,,312.489990234375,,8.229999542236328,84.83000183105469
1991-01-15,36.15999984741211,,313.7300109863281,,8.220000267028809,84.8499984741211
1991-01-16,33.20000076293945,,316.1700134277344,,8.239999771118164,85.11000061035156
1991-01-17,27.450000762939453,,327.9700012207031,,8.050000190734863,83.37000274658203
1991-01-18,25.389999389648438,,332.2300109863281,,8.029999732971191,82.7699966430664
1991-01-21,24.329999923706055,,331.05999755859375,,8.029999732971191,82.44999694824219
1991-01-22,24.899999618530273,,328.30999755859375,,8.069999694824219,82.79000091552734
1991-01-23,23.920000076293945,,330.2099914550781,,8.039999961853027,82.22000122070312
1991-01-24,22.860000610351562,,334.7799987792969,,8.0,82.41999816894531
1991-01-25,22.200000762939453,,336.07000732421875,,8.0600004196167,82.7300033569336
1991-01-28,23.049999237060547,,336.0299987792969,,8.0600004196167,82.38999938964844
1991-01-29,23.170000076293945,,335.8399963378906,,8.050000190734863,82.72000122070312
1991-01-30,21.3700008392334,,340.9100036621094,,8.050000190734863,82.4800033569336
1991-01-31,20.90999984741211,,343.92999267578125,,8.029999732971191,82.0
1991-02-01,21.040000915527344,,343.04998779296875,,7.909999847412109,81.63999938964844
1991-02-04,21.860000610351562,,348.3399963378906,,7.880000114440918,81.37999725341797
1991-02-05,21.459999084472656,,351.260009765625,,7.849999904632568,81.02999877929688
1991-02-06,22.68000030517578,,358.07000732421875,,7.789999961853027,80.5199966430664
1991-02-07,23.600000381469727,,356.5199890136719,,7.820000171661377,80.88999938964844
1991-02-08,23.3799991607666,,359.3500061035156,,7.769999980926514,80.83999633789062
1991-02-11,22.559999465942383,,368.5799865722656,,7.78000020980835,80.48999786376953
1991-02-12,22.260000228881836,,365.5,,7.78000020980835,80.88999938964844
1991-02-13,20.860000610351562,,369.0199890136719,,7.78000020980835,81.2300033569336
1991-02-14,21.479999542236328,,364.2200012207031,,7.800000190734863,81.37999725341797
1991-02-15,19.56999969482422,,369.05999755859375,,7.78000020980835,81.91999816894531
1991-02-19,19.84000015258789,,369.3900146484375,,7.800000190734863,82.61000061035156
1991-02-20,22.260000228881836,,365.1400146484375,,7.840000152587891,82.66999816894531
1991-02-21,20.780000686645508,,364.9700012207031,,7.880000114440918,82.4800033569336
1991-02-22,21.010000228881836,,365.6499938964844,,7.909999847412109,83.12999725341797
1991-02-25,22.860000610351562,,367.260009765625,,7.909999847412109,83.86000061035156
1991-02-26,20.3799991607666,,362.80999755859375,,7.960000038146973,83.93000030517578
1991-02-27,21.260000228881836,,367.739990234375,,7.980000019073486,83.87000274658203
1991-02-28,21.229999542236328,,367.07000732421875,,8.020000457763672,84.08000183105469
1991-03-01,21.229999542236328,,370.4700012207031,,8.119999885559082,84.83999633789062
1991-03-04,20.860000610351562,,369.3299865722656,,8.119999885559082,84.70999908447266
1991-03-05,20.450000762939453,,376.7200012207031,,8.079999923706055,85.05000305175781
1991-03-06,20.549999237060547,,376.1700134277344,,8.109999656677246,84.94000244140625
1991-03-07,21.049999237060547,,375.9100036621094,,8.069999694824219,85.23999786376953
1991-03-08,20.809999465942383,,374.95001220703125,,8.130000114440918,86.30999755859375
1991-03-11,20.8799991607666,,372.9599914550781,,8.0600004196167,86.9000015258789
1991-03-12,18.81999969482422,,370.0299987792969,,8.09000015258789,86.20999908447266
1991-03-13,16.09000015258789,,374.57000732421875,,8.020000457763672,86.3499984741211
1991-03-14,14.9399995803833,,373.5,,8.020000457763672,86.72000122070312
1991-03-15,14.899999618530273,,373.5899963378906,,8.100000381469727,87.9000015258789
1991-03-18,15.789999961853027,,372.1099853515625,,8.149999618530273,88.91000366210938
1991-03-19,16.110000610351562,,366.5899963378906,,8.25,89.63999938964844
1991-03-20,16.040000915527344,,367.9200134277344,,8.199999809265137,89.41000366210938
1991-03-21,16.860000610351562,,366.5799865722656,,8.15999984741211,88.87000274658203
1991-03-22,16.489999771118164,,367.4800109863281,,8.130000114440918,89.47000122070312
1991-03-25,16.760000228881836,,369.8299865722656,,8.130000114440918,91.08000183105469
1991-03-26,16.309999465942383,,376.29998779296875,,8.130000114440918,91.04000091552734
1991-03-27,16.549999237060547,,375.3500061035156,,8.079999923706055,91.87000274658203
1991-03-28,16.8799991607666,,375.2200012207031,,8.050000190734863,92.0199966430664
1991-04-01,17.420000076293945,,371.29998779296875,,8.069999694824219,90.80999755859375
1991-04-02,17.399999618530273,,379.5,,8.029999732971191,90.3499984741211
1991-04-03,17.610000610351562,,378.94000244140625,,8.050000190734863,90.45999908447266
1991-04-04,18.010000228881836,,379.7699890136719,,8.0,89.91999816894531
1991-04-05,17.6299991607666,,375.3599853515625,,7.989999771118164,90.62999725341797
1991-04-08,17.40999984741211,,378.6600036621094,,7.980000019073486,90.94999694824219
1991-04-09,20.1200008392334,,373.55999755859375,,8.029999732971191,89.62000274658203
1991-04-10,19.729999542236328,,373.1499938964844,,8.100000381469727,90.5199966430664
1991-04-11,17.239999771118164,,377.6300048828125,,8.09000015258789,89.94000244140625
1991-04-12,18.450000762939453,,380.3999938964844,,7.980000019073486,90.36000061035156
1991-04-15,16.5,,381.19000244140625,,7.949999809265137,89.63999938964844
1991-04-16,15.819999694824219,,387.6199951171875,,7.96999979019165,89.56999969482422
1991-04-17,15.470000267028809,,390.45001220703125,,7.949999809265137,89.83999633789062
1991-04-18,16.260000228881836,,388.4599914550781,,8.020000457763672,91.30000305175781
1991-04-19,15.680000305175781,,384.20001220703125,,8.100000381469727,92.70999908447266
1991-04-22,16.780000686645508,,380.95001220703125,,8.149999618530273,93.80999755859375
1991-04-23,17.020000457763672,,381.760009765625,,8.119999885559082,92.93000030517578
1991-04-24,16.719999313354492,,382.760009765625,,8.0600004196167,93.1500015258789
1991-04-25,17.149999618530273,,379.25,,8.069999694824219,93.26000213623047
1991-04-26,17.270000457763672,,379.0199890136719,,8.0600004196167,93.45999908447266
1991-04-29,18.270000457763672,,373.6600036621094,,8.069999694824219,93.30999755859375
1991-04-30,18.239999771118164,,375.3399963378906,,8.020000457763672,91.54000091552734
1991-05-01,17.770000457763672,,380.2900085449219,,8.010000228881836,91.91000366210938
1991-05-02,17.520000457763672,,380.5199890136719,,7.96999979019165,92.2699966430664
1991-05-03,17.239999771118164,,380.79998779296875,,8.039999961853027,93.44000244140625
1991-05-06,17.920000076293945,,380.0799865722656,,8.050000190734863,92.69000244140625
1991-05-07,17.459999084472656,,377.32000732421875,,8.0600004196167,92.06999969482422
1991-05-08,17.780000686645508,,378.510009765625,,8.039999961853027,92.5999984741211
1991-05-09,17.170000076293945,,383.25,,8.020000457763672,92.51000213623047
1991-05-10,17.540000915527344,,375.739990234375,,8.119999885559082,92.37999725341797
1991-05-13,17.65999984741211,,376.760009765625,,8.069999694824219,92.01000213623047
1991-05-14,18.0,,371.6199951171875,,8.140000343322754,91.29000091552734
1991-05-15,18.3799991607666,,368.57000732421875,,8.130000114440918,90.79000091552734
1991-05-16,17.239999771118164,,372.19000244140625,,8.119999885559082,91.1500015258789
1991-05-17,16.639999389648438,,372.3900146484375,,8.079999923706055,92.94999694824219
1991-05-20,17.100000381469727,,372.2799987792969,,8.100000381469727,92.72000122070312
1991-05-21,16.06999969482422,,375.3500061035156,,8.0600004196167,91.81999969482422
1991-05-22,16.15999984741211,,376.19000244140625,,8.0600004196167,92.26000213623047
1991-05-23,16.110000610351562,,374.9599914550781,,8.100000381469727,91.9000015258789
1991-05-24,15.229999542236328,,377.489990234375,,8.100000381469727,91.73999786376953
1991-05-28,15.670000076293945,,381.94000244140625,,8.069999694824219,91.16000366210938
1991-05-29,15.899999618530273,,382.7900085449219,,8.069999694824219,92.0199966430664
1991-05-30,16.020000457763672,,386.9599914550781,,8.020000457763672,92.18000030517578
1991-05-31,15.930000305175781,,389.8299865722656,,8.0600004196167,93.12999725341797
1991-06-03,16.8700008392334,,388.05999755859375,,8.140000343322754,93.44000244140625
1991-06-04,16.170000076293945,,387.739990234375,,8.140000343322754,93.29000091552734
1991-06-05,16.399999618530273,,385.0899963378906,,8.1899995803833,93.4800033569336
1991-06-06,16.93000030517578,,383.6300048828125,,8.229999542236328,93.69999694824219
1991-06-07,16.979999542236328,,379.42999267578125,,8.289999961853027,94.55999755859375
1991-06-10,17.469999313354492,,378.57000732421875,,8.289999961853027,94.55999755859375
1991-06-11,17.31999969482422,,381.04998779296875,,8.289999961853027,94.86000061035156
1991-06-12,17.719999313354492,,376.6499938964844,,8.359999656677246,95.55999755859375
1991-06-13,16.989999771118164,,377.6300048828125,,8.34000015258789,95.91000366210938
1991-06-14,15.979999542236328,,382.2900085449219,,8.289999961853027,95.79000091552734
1991-06-17,15.5,,380.1300048828125,,8.300000190734863,95.77999877929688
1991-06-18,16.139999389648438,,378.5899963378906,,8.319999694824219,96.7300033569336
1991-06-19,17.440000534057617,,375.0899963378906,,8.329999923706055,95.55000305175781
1991-06-20,16.75,,375.4200134277344,,8.300000190734863,95.38999938964844
1991-06-21,16.510000228881836,,377.75,,8.319999694824219,95.80999755859375
1991-06-24,18.280000686645508,,370.94000244140625,,8.329999923706055,95.05000305175781
1991-06-25,17.850000381469727,,370.6499938964844,,8.329999923706055,95.55000305175781
1991-06-26,17.979999542236328,,371.5899963378906,,8.329999923706055,95.30000305175781
1991-06-27,17.8700008392334,,374.3999938964844,,8.319999694824219,95.51000213623047
1991-06-28,19.549999237060547,,371.1600036621094,,8.239999771118164,96.05999755859375
1991-07-01,18.639999389648438,,377.9200134277344,,8.260000228881836,96.80999755859375
1991-07-02,17.6299991607666,,377.4700012207031,,8.270000457763672,97.1500015258789
1991-07-03,19.469999313354492,,373.3299865722656,,8.260000228881836,97.06999969482422
1991-07-05,18.350000381469727,,374.0799865722656,,8.34000015258789,96.70999908447266
1991-07-08,20.290000915527344,,377.94000244140625,,8.34000015258789,96.02999877929688
1991-07-09,19.760000228881836,,376.1099853515625,,8.359999656677246,96.4800033569336
1991-07-10,19.190000534057617,,375.739990234375,,8.350000381469727,96.3499984741211
1991-07-11,17.389999389648438,,376.9700012207031,,8.300000190734863,97.18000030517578
1991-07-12,18.290000915527344,,380.25,,8.260000228881836,95.05999755859375
1991-07-15,17.780000686645508,,382.3900146484375,,8.260000228881836,95.20999908447266
1991-07-16,17.489999771118164,,381.5400085449219,,8.270000457763672,95.58000183105469
1991-07-17,17.520000457763672,,381.17999267578125,,8.300000190734863,95.23999786376953
1991-07-18,15.770000457763672,,385.3699951171875,,8.3100004196167,94.66000366210938
1991-07-19,15.5,,384.2200012207031,,8.279999732971191,93.4800033569336
1991-07-22,16.899999618530273,,382.8800048828125,,8.279999732971191,94.16999816894531
1991-07-23,16.579999923706055,,379.4200134277344,,8.3100004196167,94.0
1991-07-24,16.40999984741211,,378.6400146484375,,8.239999771118164,93.2300033569336
1991-07-25,15.739999771118164,,380.9599914550781,,8.199999809265137,94.19000244140625
1991-07-26,15.449999809265137,,380.92999267578125,,8.199999809265137,93.5199966430664
1991-07-29,15.670000076293945,,383.1499938964844,,8.199999809265137,93.75
1991-07-30,15.470000267028809,,386.69000244140625,,8.210000038146973,94.0
1991-07-31,15.180000305175781,,387.80999755859375,,8.199999809265137,93.48999786376953
1991-08-01,15.470000267028809,,387.1199951171875,,8.199999809265137,93.9800033569336
1991-08-02,15.260000228881836,,387.17999267578125,,8.0600004196167,93.36000061035156
1991-08-05,15.920000076293945,,385.05999755859375,,8.039999961853027,92.33999633789062
1991-08-06,15.539999961853027,,390.6199951171875,,7.96999979019165,91.87999725341797
1991-08-07,15.5600004196167,,390.55999755859375,,7.929999828338623,92.01000213623047
1991-08-08,15.979999542236328,,389.32000732421875,,7.980000019073486,92.30000305175781
1991-08-09,15.449999809265137,,387.1199951171875,,7.980000019073486,92.86000061035156
1991-08-12,15.260000228881836,,388.0199890136719,,7.949999809265137,92.69999694824219
1991-08-13,14.729999542236328,,389.6199951171875,,7.909999847412109,92.97000122070312
1991-08-14,15.09000015258789,,389.8999938964844,,7.820000171661377,93.19999694824219
1991-08-15,15.1899995803833,,389.3299865722656,,7.840000152587891,93.73999786376953
1991-08-16,16.010000228881836,,385.5799865722656,,7.840000152587891,94.37999725341797
1991-08-19,21.190000534057617,,376.4700012207031,,7.829999923706055,96.45999908447266
1991-08-20,18.860000610351562,,379.42999267578125,,7.809999942779541,95.45999908447266
1991-08-21,15.619999885559082,,390.5899963378906,,7.800000190734863,93.2300033569336
1991-08-22,14.59000015258789,,391.3299865722656,,7.78000020980835,92.9000015258789
1991-08-23,14.40999984741211,,394.1700134277344,,7.880000114440918,93.58999633789062
1991-08-26,14.8100004196167,,393.8500061035156,,7.909999847412109,93.5
1991-08-27,15.460000038146973,,393.05999755859375,,7.889999866485596,93.5999984741211
1991-08-28,15.3100004196167,,396.6400146484375,,7.820000171661377,93.13999938964844
1991-08-29,14.819999694824219,,396.4700012207031,,7.739999771118164,93.37000274658203
1991-08-30,14.460000038146973,,395.42999267578125,,7.820000171661377,93.48999786376953
1991-09-03,16.56999969482422,,392.1499938964844,,7.809999942779541,92.97000122070312
1991-09-04,17.18000030517578,,389.9700012207031,,7.809999942779541,92.91999816894531
1991-09-05,17.309999465942383,,389.1400146484375,,7.829999923706055,93.0
1991-09-06,16.760000228881836,,389.1000061035156,,7.760000228881836,92.11000061035156
1991-09-09,17.729999542236328,,388.57000732421875,,7.730000019073486,91.11000061035156
1991-09-10,18.219999313354492,,384.55999755859375,,7.730000019073486,91.16999816894531
1991-09-11,17.959999084472656,,385.0899963378906,,7.739999771118164,90.94999694824219
1991-09-12,16.209999084472656,,387.3399963378906,,7.670000076293945,90.7699966430664
1991-09-13,17.8799991607666,,383.5899963378906,,7.659999847412109,90.77999877929688
1991-09-16,17.81999969482422,,385.7799987792969,,7.630000114440918,90.33999633789062
1991-09-17,17.68000030517578,,385.5,,7.619999885559082,90.19000244140625
1991-09-18,17.559999465942383,,386.94000244140625,,7.619999885559082,90.83000183105469
1991-09-19,17.559999465942383,,387.55999755859375,,7.610000133514404,90.94999694824219
1991-09-20,17.079999923706055,,387.9200134277344,,7.570000171661377,90.77999877929688
1991-09-23,16.3799991607666,,385.9200134277344,,7.550000190734863,90.06999969482422
1991-09-24,16.040000915527344,,387.7099914550781,,7.559999942779541,90.8499984741211
1991-09-25,15.680000305175781,,386.8800048828125,,7.579999923706055,90.55000305175781
1991-09-26,15.350000381469727,,386.489990234375,,7.559999942779541,90.83000183105469
1991-09-27,16.309999465942383,,385.8999938964844,,7.489999771118164,90.12000274658203
1991-09-30,15.850000381469727,,387.8599853515625,,7.46999979019165,89.9000015258789
1991-10-01,14.8100004196167,,389.20001220703125,,7.449999809265137,90.0199966430664
1991-10-02,15.8100004196167,,388.260009765625,,7.46999979019165,89.8499984741211
1991-10-03,17.040000915527344,,384.4700012207031,,7.46999979019165,89.5199966430664
1991-10-04,15.630000114440918,,381.25,,7.389999866485596,90.05999755859375
1991-10-07,18.579999923706055,,379.5,,7.400000095367432,90.12000274658203
1991-10-08,17.809999465942383,,380.6700134277344,,7.429999828338623,90.94999694824219
1991-10-09,18.540000915527344,,376.79998779296875,,7.510000228881836,90.5999984741211
1991-10-10,17.799999237060547,,380.54998779296875,,7.579999923706055,90.80999755859375
1991-10-11,17.600000381469727,,381.45001220703125,,7.489999771118164,90.5
1991-10-14,16.709999084472656,,386.4700012207031,,7.489999771118164,90.88999938964844
1991-10-15,16.219999313354492,,391.010009765625,,7.460000038146973,91.5199966430664
1991-10-16,14.850000381469727,,392.79998779296875,,7.449999809265137,91.26000213623047
1991-10-17,16.31999969482422,,391.9200134277344,,7.550000190734863,90.75
1991-10-18,15.869999885559082,,392.5,,7.53000020980835,90.43000030517578
1991-10-21,16.65999984741211,,390.0199890136719,,7.619999885559082,90.73999786376953
1991-10-22,16.549999237060547,,387.8299865722656,,7.670000076293945,91.02999877929688
1991-10-23,16.260000228881836,,387.94000244140625,,7.690000057220459,91.62000274658203
1991-10-24,15.619999885559082,,385.07000732421875,,7.650000095367432,91.08000183105469
1991-10-25,15.75,,384.20001220703125,,7.679999828338623,91.12999725341797
1991-10-28,15.449999809265137,,389.5199890136719,,7.650000095367432,91.88999938964844
1991-10-29,15.550000190734863,,391.4800109863281,,7.510000228881836,90.4800033569336
1991-10-30,15.460000038146973,,392.9599914550781,,7.480000019073486,89.88999938964844
1991-10-31,15.479999542236328,,392.45001220703125,,7.46999979019165,89.93000030517578
1991-11-01,15.600000381469727,,391.32000732421875,,7.480000019073486,88.69999694824219
1991-11-04,16.350000381469727,,390.2799987792969,,7.5,88.44000244140625
1991-11-05,16.479999542236328,,388.7099914550781,,7.559999942779541,88.54000091552734
1991-11-06,16.469999313354492,,389.9700012207031,,7.510000228881836,88.58000183105469
1991-11-07,15.970000267028809,,393.7200012207031,,7.429999828338623,88.70999908447266
1991-11-08,15.430000305175781,,392.8900146484375,,7.409999847412109,88.91000366210938
1991-11-11,14.890000343322754,,393.1199951171875,,7.409999847412109,88.63999938964844
1991-11-12,14.039999961853027,,396.739990234375,,7.369999885559082,88.69999694824219
1991-11-13,13.949999809265137,,397.4100036621094,,7.409999847412109,88.54000091552734
1991-11-14,13.960000038146973,,397.1499938964844,,7.349999904632568,88.26000213623047
1991-11-15,21.18000030517578,,382.6199951171875,,7.329999923706055,87.86000061035156
1991-11-18,18.280000686645508,,385.239990234375,,7.329999923706055,87.44999694824219
1991-11-19,20.34000015258789,,379.4200134277344,,7.369999885559082,86.87000274658203
1991-11-20,20.399999618530273,,378.5299987792969,,7.380000114440918,87.22000122070312
1991-11-21,19.110000610351562,,380.05999755859375,,7.389999866485596,87.11000061035156
1991-11-22,21.200000762939453,,376.1400146484375,,7.440000057220459,86.62999725341797
1991-11-25,21.920000076293945,,375.3399963378906,,7.449999809265137,86.6500015258789
1991-11-26,19.799999237060547,,377.9599914550781,,7.420000076293945,87.5999984741211
1991-11-27,19.84000015258789,,376.54998779296875,,7.420000076293945,87.83999633789062
1991-11-29,20.260000228881836,,375.2200012207031,,7.380000114440918,88.19000244140625
1991-12-02,20.18000030517578,,381.3999938964844,,7.320000171661377,87.73999786376953
1991-12-03,19.700000762939453,,380.9599914550781,,7.28000020980835,87.51000213623047
1991-12-04,19.540000915527344,,380.07000732421875,,7.170000076293945,87.11000061035156
1991-12-05,20.190000534057617,,377.3900146484375,,7.210000038146973,86.62999725341797
1991-12-06,19.040000915527344,,379.1000061035156,,7.260000228881836,85.75
1991-12-09,19.739999771118164,,378.260009765625,,7.21999979019165,86.01000213623047
1991-12-10,19.889999389648438,,377.8999938964844,,7.210000038146973,86.25
1991-12-11,20.56999969482422,,377.70001220703125,,7.21999979019165,86.26000213623047
1991-12-12,19.079999923706055,,381.54998779296875,,7.190000057220459,86.4800033569336
1991-12-13,17.8799991607666,,384.4700012207031,,7.21999979019165,86.62000274658203
1991-12-16,17.6200008392334,,384.4599914550781,,7.210000038146973,86.0999984741211
1991-12-17,18.1200008392334,,382.739990234375,,7.179999828338623,86.0199966430664
1991-12-18,17.780000686645508,,383.4800109863281,,7.190000057220459,85.80000305175781
1991-12-19,17.959999084472656,,382.5199890136719,,7.110000133514404,85.4800033569336
1991-12-20,17.649999618530273,,387.0400085449219,,6.96999979019165,84.45999908447266
1991-12-23,16.610000610351562,,396.82000732421875,,6.880000114440918,83.72000122070312
1991-12-24,15.670000076293945,,399.3299865722656,,6.880000114440918,83.87999725341797
1991-12-26,15.4399995803833,,404.8399963378906,,6.849999904632568,83.30999755859375
1991-12-27,15.699999809265137,,406.4599914550781,,6.820000171661377,83.62000274658203
1991-12-30,17.6299991607666,,415.1400146484375,,6.760000228881836,83.73999786376953
1991-12-31,19.309999465942383,,417.0899963378906,,6.710000038146973,83.5199966430664
1992-01-02,18.950000762939453,,417.260009765625,,6.78000020980835,83.83000183105469
1992-01-03,18.75,,419.3399963378906,,6.849999904632568,84.41999816894531
1992-01-06,18.959999084472656,,417.9599914550781,,6.820000171661377,83.16999816894531
1992-01-07,19.229999542236328,,417.3999938964844,,6.760000228881836,82.83999633789062
1992-01-08,18.719999313354492,,418.1000061035156,,6.769999980926514,82.91999816894531
1992-01-09,18.959999084472656,,417.6099853515625,,6.789999961853027,85.31999969482422
1992-01-10,18.450000762939453,,415.1000061035156,,6.849999904632568,86.51000213623047
1992-01-13,18.010000228881836,,414.3399963378906,,6.920000076293945,86.18000030517578
1992-01-14,17.010000228881836,,420.44000244140625,,7.03000020980835,86.66999816894531
1992-01-15,17.389999389648438,,420.7699890136719,,7.050000190734863,88.18000030517578
1992-01-16,17.639999389648438,,418.2099914550781,,7.130000114440918,87.83000183105469
1992-01-17,16.31999969482422,,418.8599853515625,,7.090000152587891,86.38999938964844
1992-01-20,16.420000076293945,,416.3599853515625,,7.090000152587891,86.2699966430664
1992-01-21,17.920000076293945,,412.6400146484375,,7.03000020980835,86.1500015258789
1992-01-22,16.75,,418.1300048828125,,7.090000152587891,86.26000213623047
1992-01-23,16.459999084472656,,414.9599914550781,,7.199999809265137,86.94000244140625
1992-01-24,16.239999771118164,,415.4800109863281,,7.25,86.37000274658203
1992-01-27,16.670000076293945,,414.989990234375,,7.239999771118164,87.41000366210938
1992-01-28,17.670000076293945,,414.9599914550781,,7.159999847412109,87.05000305175781
1992-01-29,17.6200008392334,,410.3399963378906,,7.25,86.9800033569336
1992-01-30,17.489999771118164,,411.6199951171875,,7.309999942779541,87.58000183105469
1992-01-31,17.399999618530273,,408.7799987792969,,7.309999942779541,87.48999786376953
1992-02-03,18.200000762939453,,409.5299987792969,,7.360000133514404,87.08000183105469
1992-02-04,17.959999084472656,,413.8500061035156,,7.289999961853027,86.69999694824219
1992-02-05,18.219999313354492,,413.8399963378906,,7.210000038146973,86.25
1992-02-06,18.790000915527344,,413.82000732421875,,7.199999809265137,86.0999984741211
1992-02-07,18.510000228881836,,411.0899963378906,,7.199999809265137,85.29000091552734
1992-02-10,18.559999465942383,,413.7699890136719,,7.210000038146973,86.0999984741211
1992-02-11,17.700000762939453,,413.760009765625,,7.230000019073486,86.93000030517578
1992-02-12,17.3700008392334,,417.1300048828125,,7.300000190734863,87.5
1992-02-13,17.450000762939453,,413.69000244140625,,7.400000095367432,88.27999877929688
1992-02-14,17.030000686645508,,412.4800109863281,,7.409999847412109,88.31999969482422
1992-02-18,18.219999313354492,,407.3800048828125,,7.46999979019165,89.05999755859375
1992-02-19,17.15999984741211,,408.260009765625,,7.420000076293945,89.05000305175781
1992-02-20,16.719999313354492,,413.8999938964844,,7.409999847412109,89.08999633789062
1992-02-21,16.8700008392334,,411.42999267578125,,7.449999809265137,89.6500015258789
1992-02-24,17.1299991607666,,412.2699890136719,,7.46999979019165,89.44000244140625
1992-02-25,16.350000381469727,,410.45001220703125,,7.440000057220459,89.75
1992-02-26,16.639999389648438,,415.3500061035156,,7.329999923706055,89.19999694824219
1992-02-27,16.510000228881836,,413.8599853515625,,7.349999904632568,88.72000122070312
1992-02-28,16.68000030517578,,412.70001220703125,,7.269999980926514,88.98999786376953
1992-03-02,16.8799991607666,,412.45001220703125,,7.380000114440918,89.19999694824219
1992-03-03,17.260000228881836,,412.8500061035156,,7.429999828338623,89.97000122070312
1992-03-04,17.889999389648438,,409.3299865722656,,7.429999828338623,90.51000213623047
1992-03-05,18.469999313354492,,406.510009765625,,7.510000228881836,90.69000244140625
1992-03-06,19.75,,404.44000244140625,,7.480000019073486,90.4800033569336
1992-03-09,19.68000030517578,,405.2099914550781,,7.420000076293945,90.26000213623047
1992-03-10,18.68000030517578,,406.8900146484375,,7.429999828338623,90.72000122070312
1992-03-11,19.790000915527344,,404.0299987792969,,7.510000228881836,90.3499984741211
1992-03-12,19.719999313354492,,403.8900146484375,,7.619999885559082,90.83000183105469
1992-03-13,18.350000381469727,,405.8399963378906,,7.710000038146973,90.83999633789062
1992-03-16,18.459999084472656,,406.3900146484375,,7.690000057220459,90.51000213623047
1992-03-17,16.790000915527344,,409.5799865722656,,7.619999885559082,89.76000213623047
1992-03-18,16.690000534057617,,409.1499938964844,,7.619999885559082,89.98999786376953
1992-03-19,16.520000457763672,,409.79998779296875,,7.570000171661377,90.91000366210938
1992-03-20,16.81999969482422,,411.29998779296875,,7.639999866485596,90.94000244140625
1992-03-23,16.729999542236328,,409.9100036621094,,7.619999885559082,90.68000030517578
1992-03-24,16.31999969482422,,408.8800048828125,,7.53000020980835,90.54000091552734
1992-03-25,16.190000534057617,,407.5199890136719,,7.53000020980835,90.0
1992-03-26,16.290000915527344,,407.8599853515625,,7.570000171661377,90.5199966430664
1992-03-27,16.020000457763672,,403.5,,7.539999961853027,89.5199966430664
1992-03-30,15.970000267028809,,403.0,,7.539999961853027,89.80999755859375
1992-03-31,16.18000030517578,,403.69000244140625,,7.539999961853027,89.6500015258789
1992-04-01,16.479999542236328,,404.2300109863281,,7.460000038146973,90.22000122070312
1992-04-02,17.059999465942383,,400.5,,7.46999979019165,89.8499984741211
1992-04-03,16.719999313354492,,401.54998779296875,,7.420000076293945,89.08000183105469
1992-04-06,16.719999313354492,,405.5899963378906,,7.409999847412109,89.0199966430664
1992-04-07,18.809999465942383,,398.05999755859375,,7.409999847412109,88.8499984741211
1992-04-08,20.149999618530273,,394.5,,7.440000057220459,88.9800033569336
1992-04-09,17.889999389648438,,400.6400146484375,,7.349999904632568,88.4800033569336
1992-04-10,16.850000381469727,,404.2900085449219,,7.369999885559082,89.25
1992-04-13,16.989999771118164,,406.0799865722656,,7.329999923706055,89.9000015258789
1992-04-14,15.979999542236328,,412.3900146484375,,7.349999904632568,89.80999755859375
1992-04-15,15.149999618530273,,416.2799987792969,,7.369999885559082,90.12000274658203
1992-04-16,14.850000381469727,,416.0400085449219,,7.449999809265137,90.51000213623047
1992-04-20,15.930000305175781,,410.17999267578125,,7.590000152587891,90.51000213623047
1992-04-21,16.530000686645508,,410.260009765625,,7.579999923706055,90.51000213623047
1992-04-22,15.960000038146973,,409.80999755859375,,7.570000171661377,90.20999908447266
1992-04-23,15.829999923706055,,411.6000061035156,,7.590000152587891,90.27999877929688
1992-04-24,15.710000038146973,,409.0199890136719,,7.550000190734863,89.79000091552734
1992-04-27,16.489999771118164,,408.45001220703125,,7.599999904632568,89.77999877929688
1992-04-28,16.239999771118164,,409.1099853515625,,7.570000171661377,89.75
1992-04-29,15.949999809265137,,412.0199890136719,,7.599999904632568,89.93000030517578
1992-04-30,15.529999732971191,,414.95001220703125,,7.610000133514404,89.62000274658203
1992-05-01,16.610000610351562,,412.5299987792969,,7.559999942779541,89.12000274658203
1992-05-04,16.920000076293945,,416.9100036621094,,7.579999923706055,89.44999694824219
1992-05-05,16.65999984741211,,416.8399963378906,,7.559999942779541,89.04000091552734
1992-05-06,16.809999465942383,,416.7900085449219,,7.460000038146973,88.66999816894531
1992-05-07,16.540000915527344,,415.8500061035156,,7.489999771118164,88.91999816894531
1992-05-08,15.649999618530273,,416.04998779296875,,7.409999847412109,89.38999938964844
1992-05-11,15.170000076293945,,418.489990234375,,7.400000095367432,89.1500015258789
1992-05-12,15.680000305175781,,416.2900085449219,,7.360000133514404,88.29000091552734
1992-05-13,15.1899995803833,,416.45001220703125,,7.340000152587891,87.5999984741211
1992-05-14,15.489999771118164,,413.1400146484375,,7.340000152587891,87.94000244140625
1992-05-15,14.819999694824219,,410.0899963378906,,7.28000020980835,87.62999725341797
1992-05-18,14.619999885559082,,412.80999755859375,,7.28000020980835,86.91000366210938
1992-05-19,13.569999694824219,,416.3699951171875,,7.199999809265137,86.75
1992-05-20,13.619999885559082,,415.3900146484375,,7.25,87.2699966430664
1992-05-21,13.920000076293945,,412.6000061035156,,7.389999866485596,87.95999908447266
1992-05-22,13.729999542236328,,414.0199890136719,,7.349999904632568,87.9000015258789
1992-05-26,14.920000076293945,,411.4100036621094,,7.460000038146973,87.6500015258789
1992-05-27,13.989999771118164,,412.1700134277344,,7.440000057220459,88.83000183105469
1992-05-28,13.770000457763672,,416.739990234375,,7.360000133514404,88.2699966430664
1992-05-29,13.859999656677246,,415.3500061035156,,7.329999923706055,87.22000122070312
1992-06-01,14.430000305175781,,417.29998779296875,,7.389999866485596,87.19999694824219
1992-06-02,14.569999694824219,,413.5,,7.349999904632568,87.33999633789062
1992-06-03,14.350000381469727,,414.5899963378906,,7.340000152587891,87.26000213623047
1992-06-04,13.65999984741211,,413.260009765625,,7.340000152587891,87.08000183105469
1992-06-05,14.649999618530273,,413.4800109863281,,7.309999942779541,86.58000183105469
1992-06-08,15.1899995803833,,413.3599853515625,,7.309999942779541,86.56999969482422
1992-06-09,15.970000267028809,,410.05999755859375,,7.329999923706055,86.72000122070312
1992-06-10,16.6200008392334,,407.25,,7.349999904632568,86.77999877929688
1992-06-11,16.290000915527344,,409.04998779296875,,7.329999923706055,86.01000213623047
1992-06-12,14.949999809265137,,409.760009765625,,7.289999961853027,85.97000122070312
1992-06-15,14.760000228881836,,410.2900085449219,,7.28000020980835,85.72000122070312
1992-06-16,15.220000267028809,,408.32000732421875,,7.239999771118164,85.44000244140625
1992-06-17,18.079999923706055,,402.260009765625,,7.230000019073486,85.94999694824219
1992-06-18,18.200000762939453,,400.9599914550781,,7.190000057220459,85.61000061035156
1992-06-19,16.309999465942383,,403.6700134277344,,7.239999771118164,85.91000366210938
1992-06-22,16.65999984741211,,403.3999938964844,,7.239999771118164,85.58000183105469
1992-06-23,14.529999732971191,,404.0400085449219,,7.25,85.56999969482422
1992-06-24,14.399999618530273,,403.8399963378906,,7.199999809265137,84.9000015258789
1992-06-25,14.399999618530273,,403.1199951171875,,7.139999866485596,84.27999877929688
1992-06-26,14.670000076293945,,403.45001220703125,,7.150000095367432,84.12999725341797
1992-06-29,13.210000038146973,,408.94000244140625,,7.119999885559082,83.62000274658203
1992-06-30,13.350000381469727,,408.1400146484375,,7.139999866485596,83.72000122070312
1992-07-01,13.34000015258789,,412.8800048828125,,7.099999904632568,83.63999938964844
1992-07-02,13.880000114440918,,411.7699890136719,,6.929999828338623,83.0999984741211
1992-07-06,14.869999885559082,,413.8399963378906,,6.900000095367432,83.12999725341797
1992-07-07,15.829999923706055,,409.1600036621094,,6.869999885559082,82.1500015258789
1992-07-08,15.529999732971191,,410.2799987792969,,6.909999847412109,82.31999969482422
1992-07-09,14.600000381469727,,414.2300109863281,,6.909999847412109,83.31999969482422
1992-07-10,13.699999809265137,,414.6199951171875,,6.929999828338623,82.62000274658203
1992-07-13,14.010000228881836,,414.8699951171875,,6.96999979019165,81.83999633789062
1992-07-14,13.5,,417.67999267578125,,6.96999979019165,82.18000030517578
1992-07-15,12.520000457763672,,417.1000061035156,,6.900000095367432,82.06999969482422
1992-07-16,12.270000457763672,,417.5400085449219,,6.869999885559082,81.75
1992-07-17,12.600000381469727,,415.6199951171875,,6.900000095367432,81.04000091552734
1992-07-20,12.65999984741211,,413.75,,6.900000095367432,82.54000091552734
1992-07-21,12.600000381469727,,413.760009765625,,6.889999866485596,82.41000366210938
1992-07-22,13.569999694824219,,410.92999267578125,,6.849999904632568,82.44000244140625
1992-07-23,13.329999923706055,,412.0799865722656,,6.71999979019165,82.33999633789062
1992-07-24,13.369999885559082,,411.6000061035156,,6.730000019073486,83.18000030517578
1992-07-27,13.899999618530273,,411.5400085449219,,6.690000057220459,82.2300033569336
1992-07-28,13.050000190734863,,417.5199890136719,,6.630000114440918,81.83000183105469
1992-07-29,13.4399995803833,,422.2300109863281,,6.599999904632568,82.22000122070312
1992-07-30,13.5,,423.9200134277344,,6.690000057220459,81.9800033569336
1992-07-31,13.170000076293945,,424.2099914550781,,6.71999979019165,81.91000366210938
1992-08-03,13.829999923706055,,425.0899963378906,,6.71999979019165,81.9000015258789
1992-08-04,13.579999923706055,,424.3599853515625,,6.659999847412109,82.02999877929688
1992-08-05,13.819999694824219,,422.19000244140625,,6.639999866485596,82.30000305175781
1992-08-06,14.229999542236328,,420.5899963378906,,6.650000095367432,82.1500015258789
1992-08-07,13.9399995803833,,418.8800048828125,,6.570000171661377,81.6500015258789
1992-08-10,14.510000228881836,,419.4200134277344,,6.519999980926514,81.61000061035156
1992-08-11,15.09000015258789,,418.8999938964844,,6.5,81.75
1992-08-12,14.880000114440918,,417.7799987792969,,6.480000019073486,81.61000061035156
1992-08-13,15.34000015258789,,417.7300109863281,,6.550000190734863,81.30000305175781
1992-08-14,14.65999984741211,,419.9100036621094,,6.53000020980835,81.66000366210938
1992-08-17,14.609999656677246,,420.739990234375,,6.559999942779541,81.58000183105469
1992-08-18,13.84000015258789,,421.3399963378906,,6.480000019073486,81.33000183105469
1992-08-19,14.350000381469727,,418.19000244140625,,6.46999979019165,81.19000244140625
1992-08-20,14.479999542236328,,418.260009765625,,6.460000038146973,80.91999816894531
1992-08-21,15.010000228881836,,414.8500061035156,,6.53000020980835,80.16000366210938
1992-08-24,16.190000534057617,,410.7200012207031,,6.679999828338623,78.94000244140625
1992-08-25,15.619999885559082,,411.6099853515625,,6.730000019073486,78.87000274658203
1992-08-26,14.5,,413.510009765625,,6.679999828338623,79.20999908447266
1992-08-27,13.65999984741211,,413.5299987792969,,6.639999866485596,79.30999755859375
1992-08-28,13.140000343322754,,414.8399963378906,,6.630000114440918,79.16999816894531
1992-08-31,13.579999923706055,,414.0299987792969,,6.619999885559082,78.87999725341797
1992-09-01,13.399999618530273,,416.07000732421875,,6.559999942779541,78.33000183105469
1992-09-02,12.729999542236328,,417.9800109863281,,6.539999961853027,78.41000366210938
1992-09-03,12.880000114440918,,417.9800109863281,,6.539999961853027,79.4000015258789
1992-09-04,12.979999542236328,,417.0799865722656,,6.400000095367432,78.81999969482422
1992-09-08,13.649999618530273,,414.44000244140625,,6.289999961853027,78.48999786376953
1992-09-09,13.359999656677246,,416.3599853515625,,6.309999942779541,79.45999908447266
1992-09-10,12.920000076293945,,419.95001220703125,,6.309999942779541,79.73999786376953
1992-09-11,12.470000267028809,,419.5799865722656,,6.369999885559082,81.12999725341797
1992-09-14,13.0,,425.2699890136719,,6.320000171661377,82.9000015258789
1992-09-15,13.630000114440918,,419.7699890136719,,6.400000095367432,83.38999938964844
1992-09-16,14.720000267028809,,419.9200134277344,,6.409999847412109,84.33000183105469
1992-09-17,14.3100004196167,,419.92999267578125,,6.400000095367432,83.63999938964844
1992-09-18,13.739999771118164,,422.92999267578125,,6.409999847412109,84.83999633789062
1992-09-21,13.449999809265137,,422.1400146484375,,6.420000076293945,84.41999816894531
1992-09-22,13.880000114440918,,417.1400146484375,,6.5,84.69000244140625
1992-09-23,13.829999923706055,,417.44000244140625,,6.539999961853027,84.44999694824219
1992-09-24,13.4399995803833,,418.4700012207031,,6.480000019073486,84.06999969482422
1992-09-25,14.800000190734863,,414.3500061035156,,6.409999847412109,83.8499984741211
1992-09-28,15.1899995803833,,416.6199951171875,,6.369999885559082,82.69000244140625
1992-09-29,14.970000267028809,,416.79998779296875,,6.369999885559082,81.0
1992-09-30,14.279999732971191,,417.79998779296875,,6.369999885559082,81.0999984741211
1992-10-01,16.309999465942383,,416.2900085449219,,6.230000019073486,81.79000091552734
1992-10-02,17.790000915527344,,410.4700012207031,,6.260000228881836,81.36000061035156
1992-10-05,20.010000228881836,,407.57000732421875,,6.239999771118164,82.4000015258789
1992-10-06,19.950000762939453,,407.17999267578125,,6.300000190734863,82.62000274658203
1992-10-07,21.020000457763672,,404.25,,6.460000038146973,83.27999877929688
1992-10-08,19.260000228881836,,407.75,,6.409999847412109,84.87000274658203
1992-10-09,20.510000228881836,,402.6600036621094,,6.519999980926514,84.80999755859375
1992-10-12,19.489999771118164,,407.44000244140625,,6.519999980926514,84.0199966430664
1992-10-13,17.899999618530273,,409.29998779296875,,6.510000228881836,83.80999755859375
1992-10-14,18.420000076293945,,409.3699951171875,,6.510000228881836,83.75
1992-10-15,17.110000610351562,,409.6000061035156,,6.53000020980835,83.52999877929688
1992-10-16,17.010000228881836,,411.7300109863281,,6.599999904632568,84.55999755859375
1992-10-19,17.309999465942383,,414.9800109863281,,6.690000057220459,85.5
1992-10-20,16.8700008392334,,415.4800109863281,,6.860000133514404,86.45999908447266
1992-10-21,16.6200008392334,,415.6700134277344,,6.800000190734863,86.62999725341797
1992-10-22,15.84000015258789,,414.8999938964844,,6.739999771118164,85.93000030517578
1992-10-23,16.459999084472656,,414.1000061035156,,6.829999923706055,86.80000305175781
1992-10-26,16.31999969482422,,418.1600036621094,,6.829999923706055,87.25
1992-10-27,16.239999771118164,,418.489990234375,,6.78000020980835,87.01000213623047
1992-10-28,15.949999809265137,,420.1300048828125,,6.760000228881836,87.66000366210938
1992-10-29,15.470000267028809,,420.8599853515625,,6.710000038146973,87.33000183105469
1992-10-30,16.149999618530273,,418.67999267578125,,6.800000190734863,87.62999725341797
1992-11-02,16.670000076293945,,422.75,,6.880000114440918,88.83999633789062
1992-11-03,17.329999923706055,,419.9200134277344,,6.869999885559082,88.55000305175781
1992-11-04,16.280000686645508,,417.1099853515625,,6.889999866485596,88.6500015258789
1992-11-05,15.380000114440918,,418.3399963378906,,6.869999885559082,89.20999908447266
1992-11-06,14.6899995803833,,417.5799865722656,,6.96999979019165,89.91999816894531
1992-11-09,14.229999542236328,,418.5899963378906,,7.0,90.19000244140625
1992-11-10,14.369999885559082,,418.6199951171875,,6.909999847412109,89.80999755859375
1992-11-11,13.989999771118164,,422.20001220703125,,6.909999847412109,89.62000274658203
1992-11-12,14.369999885559082,,422.8699951171875,,6.789999961853027,89.44000244140625
1992-11-13,14.609999656677246,,422.42999267578125,,6.820000171661377,88.97000122070312
1992-11-16,14.859999656677246,,420.67999267578125,,6.900000095367432,90.02999877929688
1992-11-17,15.010000228881836,,419.2699890136719,,6.860000133514404,90.01000213623047
1992-11-18,14.550000190734863,,422.8500061035156,,6.78000020980835,89.86000061035156
1992-11-19,14.329999923706055,,423.6099853515625,,6.809999942779541,89.52999877929688
1992-11-20,13.670000076293945,,426.6499938964844,,6.840000152587891,91.12000274658203
1992-11-23,13.399999618530273,,425.1199951171875,,6.860000133514404,90.87000274658203
1992-11-24,12.65999984741211,,427.5899963378906,,6.820000171661377,90.68000030517578
1992-11-25,12.5,,429.19000244140625,,6.840000152587891,90.41000366210938
1992-11-27,12.579999923706055,,430.1600036621094,,6.929999828338623,91.11000061035156
1992-11-30,13.010000228881836,,431.3500061035156,,6.949999809265137,90.83999633789062
1992-12-01,12.800000190734863,,430.7799987792969,,6.940000057220459,90.13999938964844
1992-12-02,12.5600004196167,,429.8900146484375,,6.929999828338623,90.02999877929688
1992-12-03,12.029999732971191,,429.9100036621094,,6.909999847412109,90.1500015258789
1992-12-04,11.8100004196167,,432.05999755859375,,6.840000152587891,90.58999633789062
1992-12-07,12.0,,435.30999755859375,,6.78000020980835,88.97000122070312
1992-12-08,11.729999542236328,,436.989990234375,,6.730000019073486,89.12000274658203
1992-12-09,12.579999923706055,,435.6499938964844,,6.760000228881836,89.88999938964844
1992-12-10,12.75,,434.6400146484375,,6.769999980926514,90.1500015258789
1992-12-11,12.34000015258789,,433.7300109863281,,6.800000190734863,90.0999984741211
1992-12-14,12.65999984741211,,432.8399963378906,,6.829999923706055,89.70999908447266
1992-12-15,12.40999984741211,,432.57000732421875,,6.829999923706055,89.77999877929688
1992-12-16,12.579999923706055,,431.5199890136719,,6.769999980926514,89.33000183105469
1992-12-17,12.140000343322754,,435.42999267578125,,6.769999980926514,89.37999725341797
1992-12-18,11.65999984741211,,441.2799987792969,,6.760000228881836,89.68000030517578
1992-12-21,11.649999618530273,,440.70001220703125,,6.710000038146973,89.83000183105469
1992-12-22,11.75,,440.30999755859375,,6.650000095367432,90.75
1992-12-23,11.510000228881836,,439.0299987792969,,6.679999828338623,91.05000305175781
1992-12-24,11.569999694824219,,439.7699890136719,,6.690000057220459,91.18000030517578
1992-12-28,12.220000267028809,,439.1499938964844,,6.71999979019165,92.16000366210938
1992-12-29,12.289999961853027,,437.9800109863281,,6.690000057220459,92.1500015258789
1992-12-30,12.600000381469727,,438.82000732421875,,6.679999828338623,92.16999816894531
1992-12-31,12.569999694824219,,435.7099914550781,,6.699999809265137,92.36000061035156
1993-01-04,13.359999656677246,,435.3800048828125,,6.599999904632568,93.45999908447266
1993-01-05,13.350000381469727,,434.3399963378906,,6.610000133514404,92.62999725341797
1993-01-06,13.369999885559082,,434.5199890136719,,6.630000114440918,93.06999969482422
1993-01-07,14.720000267028809,,430.7300109863281,,6.760000228881836,93.19000244140625
1993-01-08,13.770000457763672,,429.04998779296875,,6.75,93.44999694824219
1993-01-11,12.859999656677246,,430.95001220703125,,6.710000038146973,92.69000244140625
1993-01-12,12.779999732971191,,431.0400085449219,,6.71999979019165,92.88999938964844
1993-01-13,12.420000076293945,,433.0299987792969,,6.710000038146973,92.62000274658203
1993-01-14,11.989999771118164,,435.94000244140625,,6.650000095367432,92.66000366210938
1993-01-15,11.569999694824219,,437.1499938964844,,6.599999904632568,93.04000091552734
1993-01-18,11.489999771118164,,436.8399963378906,,6.599999904632568,92.05999755859375
1993-01-19,12.0600004196167,,435.1300048828125,,6.590000152587891,92.0
1993-01-20,12.149999618530273,,433.3699951171875,,6.610000133514404,91.55000305175781
1993-01-21,11.6899995803833,,435.489990234375,,6.599999904632568,92.25
1993-01-22,11.300000190734863,,436.1099853515625,,6.570000171661377,91.41000366210938
1993-01-25,11.380000114440918,,440.010009765625,,6.480000019073486,90.47000122070312
1993-01-26,11.449999809265137,,439.95001220703125,,6.5,90.55000305175781
1993-01-27,12.010000228881836,,438.1099853515625,,6.480000019073486,91.36000061035156
1993-01-28,12.039999961853027,,438.6600036621094,,6.440000057220459,91.27999877929688
1993-01-29,12.420000076293945,,438.7799987792969,,6.389999866485596,92.45999908447266
1993-02-01,12.329999923706055,,442.5199890136719,,6.380000114440918,93.55999755859375
1993-02-02,12.25,,442.54998779296875,,6.460000038146973,93.91999816894531
1993-02-03,12.119999885559082,,447.20001220703125,,6.449999809265137,94.23999786376953
1993-02-04,12.289999961853027,,449.55999755859375,,6.389999866485596,94.52999877929688
1993-02-05,12.899999618530273,,448.92999267578125,,6.320000171661377,94.4000015258789
1993-02-08,13.220000267028809,,447.8500061035156,,6.369999885559082,94.3499984741211
1993-02-09,13.479999542236328,,445.3299865722656,,6.409999847412109,94.02999877929688
1993-02-10,13.430000305175781,,446.2300109863281,,6.400000095367432,94.4800033569336
1993-02-11,12.6899995803833,,447.6600036621094,,6.369999885559082,94.31999969482422
1993-02-12,12.380000114440918,,444.5799865722656,,6.349999904632568,94.25
1993-02-16,15.760000228881836,,433.9100036621094,,6.340000152587891,93.08999633789062
1993-02-17,15.899999618530273,,433.29998779296875,,6.28000020980835,92.93000030517578
1993-02-18,15.5600004196167,,431.8999938964844,,6.170000076293945,93.19999694824219
1993-02-19,15.020000457763672,,434.2200012207031,,6.150000095367432,93.3499984741211
1993-02-22,14.699999809265137,,435.239990234375,,6.090000152587891,92.6500015258789
1993-02-23,15.039999961853027,,434.79998779296875,,5.920000076293945,92.91000366210938
1993-02-24,14.720000267028809,,440.8699951171875,,6.010000228881836,93.41000366210938
1993-02-25,13.760000228881836,,442.3399963378906,,6.03000020980835,93.5199966430664
1993-02-26,13.15999984741211,,443.3800048828125,,6.03000020980835,94.05000305175781
1993-03-01,13.600000381469727,,442.010009765625,,5.940000057220459,94.18000030517578
1993-03-02,12.489999771118164,,447.8999938964844,,5.949999809265137,93.23999786376953
1993-03-03,13.130000114440918,,449.260009765625,,5.880000114440918,93.4000015258789
1993-03-04,13.4399995803833,,447.3399963378906,,5.829999923706055,93.22000122070312
1993-03-05,14.079999923706055,,446.1099853515625,,5.900000095367432,94.30000305175781
1993-03-08,16.219999313354492,,454.7099914550781,,5.849999904632568,94.0199966430664
1993-03-09,14.170000076293945,,454.3999938964844,,5.909999847412109,94.37999725341797
1993-03-10,13.90999984741211,,456.3299865722656,,5.96999979019165,94.29000091552734
1993-03-11,14.260000228881836,,453.7200012207031,,5.960000038146973,94.36000061035156
1993-03-12,15.65999984741211,,449.8299865722656,,6.110000133514404,94.5
1993-03-15,14.739999771118164,,451.42999267578125,,6.170000076293945,94.51000213623047
1993-03-16,14.510000228881836,,451.3699951171875,,6.059999942779541,94.30000305175781
1993-03-17,14.529999732971191,,448.30999755859375,,6.019999980926514,94.22000122070312
1993-03-18,14.170000076293945,,451.8900146484375,,5.929999828338623,93.18000030517578
1993-03-19,13.229999542236328,,450.17999267578125,,5.949999809265137,92.88999938964844
1993-03-22,13.65999984741211,,448.8800048828125,,5.960000038146973,92.91999816894531
1993-03-23,13.020000457763672,,448.760009765625,,5.909999847412109,92.7300033569336
1993-03-24,12.4399995803833,,448.07000732421875,,5.949999809265137,93.29000091552734
1993-03-25,12.079999923706055,,450.8800048828125,,5.980000019073486,93.5199966430664
1993-03-26,12.210000038146973,,447.7799987792969,,6.090000152587891,92.93000030517578
1993-03-29,12.630000114440918,,450.7699890136719,,6.059999942779541,92.77999877929688
1993-03-30,12.229999542236328,,451.9700012207031,,6.019999980926514,92.44999694824219
1993-03-31,12.529999732971191,,451.6700134277344,,6.03000020980835,91.87000274658203
1993-04-01,13.020000457763672,,450.29998779296875,,6.059999942779541,91.0999984741211
1993-04-02,14.5,,441.3900146484375,,6.159999847412109,91.37000274658203
1993-04-05,14.119999885559082,,442.2900085449219,,6.130000114440918,91.20999908447266
1993-04-06,14.239999771118164,,441.1600036621094,,6.079999923706055,91.72000122070312
1993-04-07,13.640000343322754,,442.7300109863281,,6.070000171661377,91.95999908447266
1993-04-08,12.829999923706055,,441.8399963378906,,5.96999979019165,91.26000213623047
1993-04-12,11.930000305175781,,448.3699951171875,,5.920000076293945,90.66999816894531
1993-04-13,11.699999809265137,,449.2200012207031,,5.929999828338623,89.97000122070312
1993-04-14,11.760000228881836,,448.6600036621094,,5.900000095367432,90.5
1993-04-15,10.960000038146973,,448.3999938964844,,5.880000114440918,90.94999694824219
1993-04-16,11.289999961853027,,448.94000244140625,,5.889999866485596,91.30999755859375
1993-04-19,12.0600004196167,,447.4599914550781,,5.869999885559082,90.3499984741211
1993-04-20,11.9399995803833,,445.1000061035156,,5.869999885559082,90.18000030517578
1993-04-21,12.109999656677246,,443.6300048828125,,5.860000133514404,90.31999969482422
1993-04-22,12.680000305175781,,439.4599914550781,,5.849999904632568,89.77999877929688
1993-04-23,13.359999656677246,,437.0299987792969,,5.889999866485596,89.37999725341797
1993-04-26,15.25,,433.5400085449219,,5.940000057220459,88.51000213623047
1993-04-27,13.930000305175781,,438.010009765625,,6.019999980926514,89.61000061035156
1993-04-28,13.119999885559082,,438.0199890136719,,6.03000020980835,89.2699966430664
1993-04-29,12.800000190734863,,438.8900146484375,,5.989999771118164,89.25
1993-04-30,12.420000076293945,,440.19000244140625,,6.050000190734863,89.48999786376953
1993-05-03,12.899999618530273,,442.4599914550781,,5.960000038146973,89.31999969482422
1993-05-04,12.140000343322754,,444.04998779296875,,5.920000076293945,89.0
1993-05-05,12.380000114440918,,444.5199890136719,,5.929999828338623,89.11000061035156
1993-05-06,13.220000267028809,,443.260009765625,,5.889999866485596,88.7699966430664
1993-05-07,13.010000228881836,,442.30999755859375,,5.920000076293945,89.2300033569336
1993-05-10,13.720000267028809,,442.79998779296875,,5.889999866485596,90.5199966430664
1993-05-11,13.350000381469727,,444.3599853515625,,5.889999866485596,90.51000213623047
1993-05-12,13.5600004196167,,444.79998779296875,,5.960000038146973,90.58000183105469
1993-05-13,14.760000228881836,,439.2300109863281,,6.019999980926514,90.93000030517578
1993-05-14,14.390000343322754,,439.55999755859375,,6.03000020980835,90.16999816894531
1993-05-17,14.130000114440918,,440.3699951171875,,6.070000171661377,90.63999938964844
1993-05-18,14.1899995803833,,440.32000732421875,,6.150000095367432,90.9000015258789
1993-05-19,14.289999961853027,,447.57000732421875,,6.110000133514404,90.66000366210938
1993-05-20,13.979999542236328,,450.5899963378906,,6.090000152587891,90.38999938964844
1993-05-21,14.510000228881836,,445.8399963378906,,6.159999847412109,90.69999694824219
1993-05-24,14.100000381469727,,448.0,,6.159999847412109,91.04000091552734
1993-05-25,14.039999961853027,,448.8500061035156,,6.170000076293945,90.62000274658203
1993-05-26,12.880000114440918,,453.44000244140625,,6.119999885559082,90.48999786376953
1993-05-27,13.100000381469727,,452.4100036621094,,6.110000133514404,89.5199966430664
1993-05-28,13.470000267028809,,450.19000244140625,,6.159999847412109,88.95999908447266
1993-06-01,13.670000076293945,,453.8299865722656,,6.070000171661377,89.0199966430664
1993-06-02,13.479999542236328,,453.8500061035156,,6.059999942779541,89.4000015258789
1993-06-03,13.539999961853027,,452.489990234375,,6.019999980926514,89.31999969482422
1993-06-04,12.859999656677246,,450.05999755859375,,6.110000133514404,90.75
1993-06-07,14.069999694824219,,447.69000244140625,,6.079999923706055,90.41999816894531
1993-06-08,14.739999771118164,,444.7099914550781,,6.090000152587891,90.44000244140625
1993-06-09,13.960000038146973,,445.7799987792969,,6.070000171661377,90.83000183105469
1993-06-10,13.3100004196167,,445.3800048828125,,6.070000171661377,90.44000244140625
1993-06-11,12.710000038146973,,447.260009765625,,5.96999979019165,90.44000244140625
1993-06-14,12.329999923706055,,447.7099914550781,,5.96999979019165,90.30000305175781
1993-06-15,11.989999771118164,,446.2699890136719,,5.960000038146973,91.06999969482422
1993-06-16,11.869999885559082,,447.42999267578125,,5.960000038146973,91.7300033569336
1993-06-17,11.65999984741211,,448.5400085449219,,5.929999828338623,91.77999877929688
1993-06-18,12.239999771118164,,443.67999267578125,,5.96999979019165,92.93000030517578
1993-06-21,12.25,,446.2200012207031,,5.920000076293945,93.36000061035156
1993-06-22,11.649999618530273,,445.92999267578125,,5.909999847412109,93.76000213623047
1993-06-23,12.039999961853027,,443.19000244140625,,5.909999847412109,93.4800033569336
1993-06-24,12.25,,446.6199951171875,,5.880000114440918,94.08000183105469
1993-06-25,11.25,,447.6000061035156,,5.840000152587891,93.55000305175781
1993-06-28,11.109999656677246,,451.8500061035156,,5.800000190734863,93.41000366210938
1993-06-29,11.289999961853027,,450.69000244140625,,5.789999961853027,92.83999633789062
1993-06-30,11.260000228881836,,450.5299987792969,,5.800000190734863,93.62999725341797
1993-07-01,11.510000228881836,,449.0199890136719,,5.800000190734863,93.19000244140625
1993-07-02,11.329999923706055,,445.8399963378906,,5.760000228881836,93.4800033569336
1993-07-06,13.869999885559082,,441.42999267578125,,5.800000190734863,93.83000183105469
1993-07-07,13.050000190734863,,442.8299865722656,,5.800000190734863,94.0
1993-07-08,12.239999771118164,,448.6400146484375,,5.78000020980835,94.0
1993-07-09,10.800000190734863,,448.1099853515625,,5.760000228881836,94.9800033569336
1993-07-12,10.850000381469727,,448.9800109863281,,5.75,95.26000213623047
1993-07-13,11.020000457763672,,448.0899963378906,,5.78000020980835,94.5999984741211
1993-07-14,10.779999732971191,,450.0799865722656,,5.71999979019165,94.4800033569336
1993-07-15,10.600000381469727,,449.2200012207031,,5.71999979019165,94.86000061035156
1993-07-16,10.960000038146973,,445.75,,5.710000038146973,94.5999984741211
1993-07-19,11.460000038146973,,446.0299987792969,,5.710000038146973,94.22000122070312
1993-07-20,11.050000190734863,,447.30999755859375,,5.75,94.0199966430664
1993-07-21,11.970000267028809,,447.17999267578125,,5.829999923706055,93.97000122070312
1993-07-22,11.6899995803833,,444.510009765625,,5.900000095367432,93.98999786376953
1993-07-23,11.319999694824219,,447.1000061035156,,5.949999809265137,94.56999969482422
1993-07-26,11.319999694824219,,449.0899963378906,,5.929999828338623,94.76000213623047
1993-07-27,11.34000015258789,,448.239990234375,,5.920000076293945,94.87999725341797
1993-07-28,11.369999885559082,,447.19000244140625,,5.900000095367432,94.44000244140625
1993-07-29,11.25,,450.239990234375,,5.809999942779541,95.52999877929688
1993-07-30,11.729999542236328,,448.1300048828125,,5.829999923706055,95.37000274658203
1993-08-02,11.470000267028809,,450.1499938964844,,5.849999904632568,94.62999725341797
1993-08-03,11.489999771118164,,449.2699890136719,,5.829999923706055,94.4000015258789
1993-08-04,11.710000038146973,,448.5400085449219,,5.869999885559082,94.37999725341797
1993-08-05,12.029999732971191,,448.1300048828125,,5.860000133514404,94.5199966430664
1993-08-06,12.329999923706055,,448.67999267578125,,5.860000133514404,94.13999938964844
1993-08-09,12.390000343322754,,450.7200012207031,,5.820000171661377,94.37999725341797
1993-08-10,12.3100004196167,,449.45001220703125,,5.820000171661377,95.20999908447266
1993-08-11,12.069999694824219,,450.4599914550781,,5.75,95.2300033569336
1993-08-12,12.380000114440918,,448.9599914550781,,5.769999980926514,95.2699966430664
1993-08-13,12.1899995803833,,450.1400146484375,,5.71999979019165,95.12999725341797
1993-08-16,12.010000228881836,,452.3800048828125,,5.679999828338623,93.94000244140625
1993-08-17,11.59000015258789,,453.1300048828125,,5.699999809265137,93.9800033569336
1993-08-18,11.520000457763672,,456.0400085449219,,5.690000057220459,93.37999725341797
1993-08-19,11.630000114440918,,456.42999267578125,,5.639999866485596,94.12000274658203
1993-08-20,11.619999885559082,,456.1600036621094,,5.610000133514404,93.37999725341797
1993-08-23,12.149999618530273,,455.2300109863281,,5.599999904632568,93.68000030517578
1993-08-24,11.800000190734863,,459.7699890136719,,5.539999961853027,93.55999755859375
1993-08-25,12.100000381469727,,460.1300048828125,,5.510000228881836,94.01000213623047
1993-08-26,12.140000343322754,,461.0400085449219,,5.420000076293945,93.30000305175781
1993-08-27,11.90999984741211,,460.5400085449219,,5.480000019073486,93.30000305175781
1993-08-30,11.739999771118164,,461.8999938964844,,5.440000057220459,93.62000274658203
1993-08-31,11.850000381469727,,463.55999755859375,,5.449999809265137,93.94999694824219
1993-09-01,11.479999542236328,,463.1499938964844,,5.460000038146973,93.51000213623047
1993-09-02,11.869999885559082,,461.29998779296875,,5.409999847412109,93.19000244140625
1993-09-03,11.15999984741211,,461.3399963378906,,5.309999942779541,92.08000183105469
1993-09-07,12.899999618530273,,458.5199890136719,,5.230000019073486,91.36000061035156
1993-09-08,13.239999771118164,,456.6499938964844,,5.230000019073486,91.72000122070312
1993-09-09,12.670000076293945,,457.5,,5.349999904632568,91.05000305175781
1993-09-10,11.699999809265137,,461.7200012207031,,5.289999961853027,90.80000305175781
1993-09-13,12.15999984741211,,462.05999755859375,,5.260000228881836,91.18000030517578
1993-09-14,13.149999618530273,,459.8999938964844,,5.369999885559082,91.20999908447266
1993-09-15,12.699999809265137,,461.6000061035156,,5.389999866485596,90.75
1993-09-16,13.359999656677246,,459.42999267578125,,5.369999885559082,90.94000244140625
1993-09-17,13.390000343322754,,458.8299865722656,,5.380000114440918,91.4000015258789
1993-09-20,14.600000381469727,,455.04998779296875,,5.420000076293945,91.4000015258789
1993-09-21,17.299999237060547,,452.95001220703125,,5.46999979019165,92.72000122070312
1993-09-22,13.75,,456.20001220703125,,5.449999809265137,92.31999969482422
1993-09-23,13.359999656677246,,457.739990234375,,5.420000076293945,92.80999755859375
1993-09-24,12.470000267028809,,457.6300048828125,,5.420000076293945,92.6500015258789
1993-09-27,12.489999771118164,,461.79998779296875,,5.300000190734863,92.25
1993-09-28,12.1899995803833,,461.5299987792969,,5.28000020980835,91.81999969482422
1993-09-29,12.630000114440918,,460.1099853515625,,5.349999904632568,91.88999938964844
1993-09-30,12.989999771118164,,458.92999267578125,,5.400000095367432,92.81999969482422
1993-10-01,11.829999923706055,,461.2799987792969,,5.340000152587891,92.69000244140625
1993-10-04,12.850000381469727,,461.3399963378906,,5.340000152587891,92.3499984741211
1993-10-05,12.970000267028809,,461.20001220703125,,5.349999904632568,92.43000030517578
1993-10-06,12.680000305175781,,460.739990234375,,5.349999904632568,92.27999877929688
1993-10-07,13.140000343322754,,459.17999267578125,,5.329999923706055,92.30999755859375
1993-10-08,12.039999961853027,,460.30999755859375,,5.260000228881836,91.6500015258789
1993-10-11,12.260000228881836,,460.8800048828125,,5.260000228881836,91.70999908447266
1993-10-12,12.40999984741211,,461.1199951171875,,5.269999980926514,91.31999969482422
1993-10-13,11.380000114440918,,461.489990234375,,5.269999980926514,91.77999877929688
1993-10-14,11.0,,466.8299865722656,,5.230000019073486,92.38999938964844
1993-10-15,10.869999885559082,,469.5,,5.190000057220459,92.5199966430664
1993-10-18,11.329999923706055,,468.45001220703125,,5.269999980926514,93.36000061035156
1993-10-19,11.609999656677246,,466.2099914550781,,5.269999980926514,93.43000030517578
1993-10-20,11.319999694824219,,466.07000732421875,,5.260000228881836,93.33999633789062
1993-10-21,11.199999809265137,,465.3599853515625,,5.349999904632568,94.13999938964844
1993-10-22,11.479999542236328,,463.2699890136719,,5.420000076293945,94.44000244140625
1993-10-25,11.829999923706055,,464.20001220703125,,5.46999979019165,94.80999755859375
1993-10-26,11.829999923706055,,464.29998779296875,,5.429999828338623,94.70999908447266
1993-10-27,12.010000228881836,,464.6099853515625,,5.440000057220459,94.8499984741211
1993-10-28,11.880000114440918,,467.7300109863281,,5.409999847412109,94.4800033569336
1993-10-29,11.460000038146973,,467.8299865722656,,5.388000011444092,95.08000183105469
1993-11-01,11.779999732971191,,469.1000061035156,,5.559999942779541,95.27999877929688
1993-11-02,11.739999771118164,,468.44000244140625,,5.605999946594238,95.44000244140625
1993-11-03,13.260000228881836,,463.0199890136719,,5.605999946594238,95.01000213623047
1993-11-04,14.680000305175781,,457.489990234375,,5.664999961853027,95.12999725341797
1993-11-05,14.970000267028809,,459.57000732421875,,5.728000164031982,94.87999725341797
1993-11-08,14.3100004196167,,460.2099914550781,,5.669000148773193,94.5999984741211
1993-11-09,13.9399995803833,,460.3299865722656,,5.623000144958496,95.0999984741211
1993-11-10,13.720000267028809,,463.7200012207031,,5.681000232696533,94.88999938964844
1993-11-11,13.880000114440918,,462.6400146484375,,5.681000232696533,94.9800033569336
1993-11-12,13.329999923706055,,465.3900146484375,,5.64300012588501,94.5
1993-11-15,14.460000038146973,,463.75,,5.664000034332275,94.94999694824219
1993-11-16,15.109999656677246,,466.739990234375,,5.626999855041504,95.26000213623047
1993-11-17,15.569999694824219,,464.80999755859375,,5.622000217437744,95.19000244140625
1993-11-18,14.649999618530273,,463.6199951171875,,5.693999767303467,95.69000244140625
1993-11-19,15.029999732971191,,462.6000061035156,,5.828999996185303,96.0199966430664
1993-11-22,15.899999618530273,,459.1300048828125,,5.863999843597412,95.77999877929688
1993-11-23,14.270000457763672,,461.0299987792969,,5.7870001792907715,95.68000030517578
1993-11-24,13.510000228881836,,462.3599853515625,,5.816999912261963,95.5999984741211
1993-11-26,13.770000457763672,,463.05999755859375,,5.749000072479248,96.0199966430664
1993-11-29,14.119999885559082,,461.8999938964844,,5.73199987411499,95.94999694824219
1993-11-30,13.760000228881836,,461.7900085449219,,5.795000076293945,96.20999908447266
1993-12-01,13.829999923706055,,461.8900146484375,,5.7829999923706055,96.47000122070312
1993-12-02,13.510000228881836,,463.1099853515625,,5.7779998779296875,96.44000244140625
1993-12-03,12.6899995803833,,464.8900146484375,,5.7829999923706055,96.08000183105469
1993-12-06,12.84000015258789,,466.42999267578125,,5.681000232696533,94.9800033569336
1993-12-07,12.40999984741211,,466.760009765625,,5.677000045776367,95.11000061035156
1993-12-08,12.460000038146973,,466.2900085449219,,5.671999931335449,95.16000366210938
1993-12-09,12.430000305175781,,464.17999267578125,,5.64300012588501,95.30000305175781
1993-12-10,12.600000381469727,,463.92999267578125,,5.693999767303467,95.05000305175781
1993-12-13,10.979999542236328,,465.70001220703125,,5.749000072479248,95.51000213623047
1993-12-14,11.130000114440918,,463.05999755859375,,5.7789998054504395,95.80999755859375
1993-12-15,11.029999732971191,,461.8399963378906,,5.790999889373779,95.9800033569336
1993-12-16,10.899999618530273,,463.3399963378906,,5.803999900817871,95.66999816894531
1993-12-17,11.079999923706055,,466.3800048828125,,5.77400016784668,95.73999786376953
1993-12-20,10.75,,465.8500061035156,,5.796000003814697,95.7300033569336
1993-12-21,10.079999923706055,,465.29998779296875,,5.822000026702881,95.66000366210938
1993-12-22,9.3100004196167,,467.32000732421875,,5.715000152587891,95.13999938964844
1993-12-23,9.479999542236328,,467.3800048828125,,5.681000232696533,94.68000030517578
1993-12-27,9.699999809265137,,470.5400085449219,,5.677000045776367,95.23999786376953
1993-12-28,9.819999694824219,,470.94000244140625,,5.684999942779541,95.13999938964844
1993-12-29,10.460000038146973,,470.5799865722656,,5.693999767303467,96.44999694824219
1993-12-30,10.6899995803833,,468.6400146484375,,5.7870001792907715,96.69999694824219
1993-12-31,11.65999984741211,,466.45001220703125,,5.7829999923706055,96.83999633789062
1994-01-03,12.569999694824219,,465.44000244140625,,5.88700008392334,96.97000122070312
1994-01-04,11.90999984741211,,466.8900146484375,,5.861000061035156,96.55000305175781
1994-01-05,10.9399995803833,,467.54998779296875,,5.864999771118164,96.58000183105469
1994-01-06,11.270000457763672,,467.1199951171875,,5.804999828338623,96.81999969482422
1994-01-07,10.960000038146973,,469.8999938964844,,5.65500020980835,96.08000183105469
1994-01-10,10.739999771118164,,475.2699890136719,,5.620999813079834,96.43000030517578
1994-01-11,11.289999961853027,,474.1300048828125,,5.620999813079834,96.69000244140625
1994-01-12,11.649999618530273,,474.1700134277344,,5.553999900817871,96.2300033569336
1994-01-13,12.079999923706055,,472.4700012207031,,5.664000034332275,96.7699966430664
1994-01-14,11.149999618530273,,474.9100036621094,,5.728000164031982,96.68000030517578
1994-01-17,11.880000114440918,,473.29998779296875,,5.728000164031982,96.83000183105469
1994-01-18,11.630000114440918,,474.25,,5.697999954223633,96.37999725341797
1994-01-19,11.760000228881836,,474.29998779296875,,5.705999851226807,96.47000122070312
1994-01-20,11.15999984741211,,474.9800109863281,,5.664000034332275,96.18000030517578
1994-01-21,11.09000015258789,,474.7200012207031,,5.677000045776367,96.70999908447266
1994-01-24,11.600000381469727,,471.9700012207031,,5.689000129699707,96.54000091552734
1994-01-25,11.380000114440918,,470.9200134277344,,5.723999977111816,96.5
1994-01-26,11.170000076293945,,473.20001220703125,,5.718999862670898,96.1500015258789
1994-01-27,10.300000190734863,,477.04998779296875,,5.671999931335449,95.44999694824219
1994-01-28,9.9399995803833,,478.70001220703125,,5.617000102996826,96.18000030517578
1994-01-31,10.630000114440918,,481.6099853515625,,5.638000011444092,95.58999633789062
1994-02-01,10.649999618530273,,479.6199951171875,,5.715000152587891,95.5199966430664
1994-02-02,10.609999656677246,,482.0,,5.715000152587891,95.52999877929688
1994-02-03,10.75,,480.7099914550781,,5.757999897003174,95.87000274658203
1994-02-04,15.25,,469.80999755859375,,5.888000011444092,96.75
1994-02-07,13.960000038146973,,471.760009765625,,5.909999847412109,96.63999938964844
1994-02-08,13.65999984741211,,471.04998779296875,,5.953999996185303,96.94999694824219
1994-02-09,13.300000190734863,,472.7699890136719,,5.927999973297119,96.83000183105469
1994-02-10,14.239999771118164,,468.92999267578125,,5.9039998054504395,96.5999984741211
1994-02-11,14.460000038146973,,470.17999267578125,,5.870999813079834,96.6500015258789
1994-02-14,14.279999732971191,,470.2300109863281,,5.882999897003174,94.91000366210938
1994-02-15,13.399999618530273,,472.5199890136719,,5.867000102996826,95.2300033569336
1994-02-16,13.130000114440918,,472.7900085449219,,5.875,95.16000366210938
1994-02-17,13.789999961853027,,470.3399963378906,,5.984000205993652,95.1500015258789
1994-02-18,14.699999809265137,,467.69000244140625,,6.077000141143799,94.5999984741211
1994-02-22,13.520000457763672,,471.4599914550781,,6.039000034332275,95.2300033569336
1994-02-23,13.90999984741211,,470.69000244140625,,6.124000072479248,95.37999725341797
1994-02-24,15.960000038146973,,464.260009765625,,6.202000141143799,95.01000213623047
1994-02-25,14.800000190734863,,466.07000732421875,,6.192999839782715,94.7699966430664
1994-02-28,14.869999885559082,,467.1400146484375,,6.150000095367432,94.55000305175781
1994-03-01,15.829999923706055,,464.44000244140625,,6.28000020980835,94.7699966430664
1994-03-02,16.079999923706055,,464.80999755859375,,6.289000034332275,94.51000213623047
1994-03-03,16.360000610351562,,463.010009765625,,6.341000080108643,94.5199966430664
1994-03-04,16.0,,464.739990234375,,6.36299991607666,95.16000366210938
1994-03-07,14.260000228881836,,466.9100036621094,,6.307000160217285,95.2300033569336
1994-03-08,16.229999542236328,,465.8800048828125,,6.359000205993652,95.0199966430664
1994-03-09,14.40999984741211,,467.05999755859375,,6.368000030517578,94.80000305175781
1994-03-10,16.549999237060547,,463.8999938964844,,6.473999977111816,93.70999908447266
1994-03-11,14.869999885559082,,466.44000244140625,,6.452000141143799,93.91000366210938
1994-03-14,16.610000610351562,,467.3900146484375,,6.479000091552734,94.2300033569336
1994-03-15,14.779999732971191,,467.010009765625,,6.456999778747559,94.58000183105469
1994-03-16,14.510000228881836,,469.4200134277344,,6.376999855041504,94.19999694824219
1994-03-17,12.760000228881836,,470.8999938964844,,6.381999969482422,94.2699966430664
1994-03-18,13.319999694824219,,471.05999755859375,,6.479000091552734,94.56999969482422
1994-03-21,14.34000015258789,,468.5400085449219,,6.5370001792907715,94.41999816894531
1994-03-22,13.390000343322754,,468.79998779296875,,6.434999942779541,94.31999969482422
1994-03-23,12.3100004196167,,468.5400085449219,,6.418000221252441,94.12000274658203
1994-03-24,13.430000305175781,,464.3500061035156,,6.568999767303467,93.56999969482422
1994-03-25,13.670000076293945,,460.5799865722656,,6.5920000076293945,93.5
1994-03-28,14.899999618530273,,460.0,,6.605999946594238,93.48999786376953
1994-03-29,16.489999771118164,,452.4800109863281,,6.701000213623047,93.7300033569336
1994-03-30,18.59000015258789,,445.54998779296875,,6.764999866485596,93.54000091552734
1994-03-31,20.450000762939453,,445.7699890136719,,6.77400016784668,93.05999755859375
1994-04-04,23.8700008392334,,438.9200134277344,,7.1519999504089355,94.31999969482422
1994-04-05,18.1299991607666,,448.2900085449219,,6.949999809265137,95.27999877929688
1994-04-06,17.3799991607666,,448.04998779296875,,6.9039998054504395,95.13999938964844
1994-04-07,16.979999542236328,,450.8800048828125,,6.848999977111816,95.08000183105469
1994-04-08,16.920000076293945,,447.1000061035156,,6.933000087738037,94.93000030517578
1994-04-11,16.610000610351562,,449.8699951171875,,6.909999847412109,94.70999908447266
1994-04-12,16.420000076293945,,447.57000732421875,,6.849999904632568,94.9000015258789
1994-04-13,17.020000457763672,,446.260009765625,,6.914999961853027,94.55000305175781
1994-04-14,16.270000457763672,,446.3800048828125,,6.960999965667725,94.75
1994-04-15,15.979999542236328,,446.17999267578125,,6.947999954223633,94.9000015258789
1994-04-18,17.219999313354492,,442.4599914550781,,7.117000102996826,94.63999938964844
1994-04-19,16.93000030517578,,442.5400085449219,,7.085000038146973,94.44999694824219
1994-04-20,17.010000228881836,,441.9599914550781,,7.041999816894531,94.0
1994-04-21,14.930000305175781,,448.7300109863281,,6.883999824523926,93.95999908447266
1994-04-22,14.9399995803833,,447.6300048828125,,6.9120001792907715,93.91000366210938
1994-04-25,14.260000228881836,,452.7099914550781,,6.85699987411499,93.5999984741211
1994-04-26,13.800000190734863,,451.8699951171875,,6.828999996185303,93.33000183105469
1994-04-28,14.510000228881836,,449.1000061035156,,7.015999794006348,92.44000244140625
1994-04-29,13.770000457763672,,450.9100036621094,,7.034999847412109,92.12000274658203
1994-05-02,14.109999656677246,,453.0199890136719,,7.078000068664551,92.05999755859375
1994-05-03,13.8100004196167,,453.0299987792969,,7.111999988555908,91.6500015258789
1994-05-04,14.289999961853027,,451.7200012207031,,7.136000156402588,92.43000030517578
1994-05-05,14.5600004196167,,451.3800048828125,,7.0929999351501465,92.98999786376953
1994-05-06,15.079999923706055,,447.82000732421875,,7.334000110626221,92.70999908447266
1994-05-09,16.15999984741211,,442.32000732421875,,7.474999904632568,92.47000122070312
1994-05-10,15.1899995803833,,446.010009765625,,7.281000137329102,93.5
1994-05-11,15.550000190734863,,441.489990234375,,7.4120001792907715,93.33000183105469
1994-05-12,15.460000038146973,,443.75,,7.3480000495910645,93.11000061035156
1994-05-13,14.539999961853027,,444.1400146484375,,7.2769999504089355,93.30000305175781
1994-05-16,14.670000076293945,,444.489990234375,,7.23199987411499,93.41999816894531
1994-05-17,14.079999923706055,,449.3699951171875,,7.085999965667725,93.30999755859375
1994-05-18,12.550000190734863,,453.69000244140625,,7.015999794006348,92.51000213623047
1994-05-19,12.329999923706055,,456.4800109863281,,6.947000026702881,92.61000061035156
1994-05-20,12.789999961853027,,454.9200134277344,,7.01200008392334,92.23999786376953
1994-05-23,13.489999771118164,,453.20001220703125,,7.178999900817871,92.23999786376953
1994-05-24,12.729999542236328,,454.80999755859375,,7.1479997634887695,92.75
1994-05-25,12.430000305175781,,456.3399963378906,,7.117000102996826,92.44000244140625
1994-05-26,12.5,,457.05999755859375,,7.085999965667725,92.55000305175781
1994-05-27,12.489999771118164,,457.3299865722656,,7.10699987411499,92.31999969482422
1994-05-31,13.029999732971191,,456.5,,7.1519999504089355,92.5199966430664
1994-06-01,12.720000267028809,,457.6300048828125,,7.10699987411499,92.44000244140625
1994-06-02,12.729999542236328,,457.6499938964844,,7.059000015258789,92.81999969482422
1994-06-03,12.1899995803833,,460.1300048828125,,6.9629998207092285,93.41999816894531
1994-06-06,13.029999732971191,,458.8800048828125,,6.888999938964844,93.38999938964844
1994-06-07,13.050000190734863,,458.2099914550781,,6.935999870300293,93.08000183105469
1994-06-08,13.319999694824219,,457.05999755859375,,6.945000171661377,93.19999694824219
1994-06-09,13.210000038146973,,457.8599853515625,,6.958000183105469,93.08999633789062
1994-06-10,12.6899995803833,,458.6700134277344,,7.013999938964844,92.97000122070312
1994-06-13,11.920000076293945,,459.1000061035156,,7.053999900817871,92.16999816894531
1994-06-14,11.600000381469727,,462.3699951171875,,6.98799991607666,92.16999816894531
1994-06-15,11.520000457763672,,460.6099853515625,,7.076000213623047,91.81999969482422
1994-06-16,11.220000267028809,,461.92999267578125,,7.058000087738037,91.83000183105469
1994-06-17,12.3100004196167,,458.45001220703125,,7.11899995803833,90.97000122070312
1994-06-20,13.960000038146973,,455.4800109863281,,7.145999908447266,90.44999694824219
1994-06-21,14.699999809265137,,451.3399963378906,,7.203999996185303,89.8499984741211
1994-06-22,14.020000457763672,,453.0899963378906,,7.105999946594238,90.51000213623047
1994-06-23,14.119999885559082,,449.6300048828125,,7.084000110626221,90.36000061035156
1994-06-24,16.719999313354492,,442.79998779296875,,7.198999881744385,89.5999984741211
1994-06-27,15.529999732971191,,447.30999755859375,,7.150000095367432,89.5999984741211
1994-06-28,15.039999961853027,,446.07000732421875,,7.24399995803833,89.37999725341797
1994-06-29,14.420000076293945,,447.6300048828125,,7.230000019073486,89.47000122070312
1994-06-30,14.970000267028809,,444.2699890136719,,7.328999996185303,89.62000274658203
1994-07-01,14.359999656677246,,446.20001220703125,,7.320000171661377,89.91999816894531
1994-07-05,14.920000076293945,,446.3699951171875,,7.297999858856201,89.56999969482422
1994-07-06,14.699999809265137,,446.1300048828125,,7.302000045776367,89.33999633789062
1994-07-07,14.010000228881836,,448.3800048828125,,7.275000095367432,89.33000183105469
1994-07-08,13.260000228881836,,449.54998779296875,,7.4019999504089355,88.87000274658203
1994-07-11,13.829999923706055,,448.05999755859375,,7.456999778747559,87.30999755859375
1994-07-12,13.399999618530273,,447.95001220703125,,7.410999774932861,87.20999908447266
1994-07-13,12.420000076293945,,448.7300109863281,,7.396999835968018,87.63999938964844
1994-07-14,11.640000343322754,,453.4100036621094,,7.230000019073486,88.44999694824219
1994-07-15,11.279999732971191,,454.1600036621094,,7.230000019073486,88.33000183105469
1994-07-18,11.4399995803833,,455.2200012207031,,7.181000232696533,88.12999725341797
1994-07-19,11.649999618530273,,453.8599853515625,,7.123000144958496,89.0199966430664
1994-07-20,11.699999809265137,,451.6000061035156,,7.224999904632568,88.97000122070312
1994-07-21,11.649999618530273,,452.6099853515625,,7.251999855041504,89.91000366210938
1994-07-22,11.220000267028809,,453.1099853515625,,7.269999980926514,90.18000030517578
1994-07-25,11.460000038146973,,454.25,,7.243000030517578,89.83999633789062
1994-07-26,11.65999984741211,,453.3599853515625,,7.251999855041504,89.69000244140625
1994-07-27,11.930000305175781,,452.57000732421875,,7.320000171661377,89.33000183105469
1994-07-28,12.029999732971191,,454.239990234375,,7.269999980926514,90.19999694824219
1994-07-29,11.130000114440918,,458.260009765625,,7.09499979019165,89.87000274658203
1994-08-01,11.170000076293945,,461.010009765625,,7.11299991607666,89.55999755859375
1994-08-02,11.270000457763672,,460.55999755859375,,7.085999965667725,89.87000274658203
1994-08-03,11.350000381469727,,461.45001220703125,,7.081999778747559,89.48999786376953
1994-08-04,12.180000305175781,,458.3999938964844,,7.099999904632568,90.05999755859375
1994-08-05,12.34000015258789,,457.0899963378906,,7.256999969482422,89.62999725341797
1994-08-08,12.40999984741211,,457.8900146484375,,7.256999969482422,89.91000366210938
1994-08-09,12.539999961853027,,457.9200134277344,,7.302000045776367,89.87000274658203
1994-08-10,11.90999984741211,,460.29998779296875,,7.302000045776367,89.94999694824219
1994-08-11,12.130000114440918,,458.8800048828125,,7.343999862670898,89.12000274658203
1994-08-12,11.09000015258789,,461.94000244140625,,7.26800012588501,88.94000244140625
1994-08-15,12.0600004196167,,461.2300109863281,,7.285999774932861,88.91000366210938
1994-08-16,11.390000343322754,,465.010009765625,,7.170000076293945,89.11000061035156
1994-08-17,11.539999961853027,,465.1700134277344,,7.135000228881836,88.93000030517578
1994-08-18,12.069999694824219,,463.1700134277344,,7.26800012588501,88.2699966430664
1994-08-19,12.829999923706055,,463.67999267578125,,7.263000011444092,88.02999877929688
1994-08-22,12.619999885559082,,462.32000732421875,,7.308000087738037,87.44000244140625
1994-08-23,11.75,,464.510009765625,,7.271999835968018,87.75
1994-08-24,11.569999694824219,,469.0299987792969,,7.196000099182129,88.22000122070312
1994-08-25,12.020000457763672,,468.0799865722656,,7.271999835968018,88.1500015258789
1994-08-26,12.1899995803833,,473.79998779296875,,7.23199987411499,89.58999633789062
1994-08-29,11.819999694824219,,474.5899963378906,,7.236000061035156,89.56999969482422
1994-08-30,11.229999542236328,,476.07000732421875,,7.190999984741211,89.4800033569336
1994-08-31,11.970000267028809,,475.489990234375,,7.164999961853027,89.66999816894531
1994-09-01,11.859999656677246,,473.1700134277344,,7.173999786376953,89.3499984741211
1994-09-02,11.399999618530273,,470.989990234375,,7.196000099182129,88.55999755859375
1994-09-06,11.6899995803833,,471.8599853515625,,7.252999782562256,88.01000213623047
1994-09-07,11.8100004196167,,470.989990234375,,7.284999847412109,88.38999938964844
1994-09-08,11.859999656677246,,473.1400146484375,,7.284999847412109,88.68000030517578
1994-09-09,13.119999885559082,,468.17999267578125,,7.428999900817871,87.91999816894531
1994-09-12,14.010000228881836,,466.2099914550781,,7.442999839782715,87.8499984741211
1994-09-13,13.770000457763672,,467.510009765625,,7.423999786376953,87.75
1994-09-14,13.09000015258789,,468.79998779296875,,7.39300012588501,87.83000183105469
1994-09-15,11.880000114440918,,474.80999755859375,,7.3379998207092285,87.93000030517578
1994-09-16,12.800000190734863,,471.19000244140625,,7.506999969482422,87.56999969482422
1994-09-19,13.0600004196167,,470.8500061035156,,7.474999904632568,87.83999633789062
1994-09-20,14.449999809265137,,463.3599853515625,,7.511000156402588,87.76000213623047
1994-09-21,14.489999771118164,,461.4599914550781,,7.552999973297119,87.52999877929688
1994-09-22,13.890000343322754,,461.2699890136719,,7.543000221252441,87.66999816894531
1994-09-23,14.529999732971191,,459.6700134277344,,7.552999973297119,87.58000183105469
1994-09-26,14.5600004196167,,460.82000732421875,,7.557000160217285,87.98999786376953
1994-09-27,14.130000114440918,,462.04998779296875,,7.590000152587891,87.44999694824219
1994-09-28,13.25,,464.8399963378906,,7.552999973297119,87.8499984741211
1994-09-29,13.970000267028809,,462.239990234375,,7.617000102996826,87.62999725341797
1994-09-30,14.279999732971191,,462.7099914550781,,7.598999977111816,87.87999725341797
1994-10-03,15.4399995803833,,461.739990234375,,7.650000095367432,88.0199966430664
1994-10-04,16.65999984741211,,454.5899963378906,,7.677999973297119,87.72000122070312
1994-10-05,15.920000076293945,,453.5199890136719,,7.748000144958496,87.62999725341797
1994-10-06,16.239999771118164,,452.3599853515625,,7.752999782562256,87.6500015258789
1994-10-07,14.920000076293945,,455.1000061035156,,7.683000087738037,87.9000015258789
1994-10-10,14.720000267028809,,459.0400085449219,,7.683000087738037,87.81999969482422
1994-10-11,13.550000190734863,,465.7900085449219,,7.623000144958496,87.9000015258789
1994-10-12,14.510000228881836,,465.4700012207031,,7.673999786376953,87.66000366210938
1994-10-13,14.899999618530273,,467.7900085449219,,7.623000144958496,87.4000015258789
1994-10-14,13.319999694824219,,469.1000061035156,,7.590000152587891,86.73999786376953
1994-10-17,14.760000228881836,,468.9599914550781,,7.599999904632568,85.77999877929688
1994-10-18,14.59000015258789,,467.6600036621094,,7.613999843597412,85.91000366210938
1994-10-19,15.130000114440918,,470.2799987792969,,7.651000022888184,85.70999908447266
1994-10-20,15.989999771118164,,466.8500061035156,,7.7829999923706055,85.3499984741211
1994-10-21,15.90999984741211,,464.8900146484375,,7.7829999923706055,85.62999725341797
1994-10-24,16.969999313354492,,460.8299865722656,,7.829999923706055,85.31999969482422
1994-10-25,16.1299991607666,,461.5299987792969,,7.859000205993652,85.22000122070312
1994-10-26,15.699999809265137,,462.6199951171875,,7.859000205993652,85.16999816894531
1994-10-27,15.670000076293945,,465.8500061035156,,7.859000205993652,85.4000015258789
1994-10-28,14.5600004196167,,473.7699890136719,,7.793000221252441,85.98999786376953
1994-10-31,14.5600004196167,,472.3500061035156,,7.793000221252441,85.69000244140625
1994-11-01,14.84000015258789,,468.4200134277344,,7.89300012588501,85.5
1994-11-02,15.34000015258789,,466.510009765625,,7.927000045776367,86.37999725341797
1994-11-03,15.579999923706055,,467.9100036621094,,7.946000099182129,86.58000183105469
1994-11-04,16.75,,462.2799987792969,,8.013999938964844,86.5
1994-11-07,17.3700008392334,,463.07000732421875,,8.02299976348877,86.4800033569336
1994-11-08,16.299999237060547,,465.6499938964844,,7.985000133514404,86.16999816894531
1994-11-09,16.420000076293945,,465.3999938964844,,7.922999858856201,87.05999755859375
1994-11-10,16.0,,464.3699951171875,,7.961999893188477,87.13999938964844
1994-11-11,16.5,,462.3500061035156,,7.980999946594238,87.08999633789062
1994-11-14,16.68000030517578,,466.0400085449219,,7.925000190734863,87.75
1994-11-15,16.65999984741211,,465.0299987792969,,7.89300012588501,88.2699966430664
1994-11-16,15.5600004196167,,465.6199951171875,,7.961999893188477,88.12999725341797
1994-11-17,15.90999984741211,,463.57000732421875,,8.012999534606934,88.0199966430664
1994-11-18,16.0,,461.4700012207031,,8.003999710083008,88.36000061035156
1994-11-21,16.1299991607666,,458.29998779296875,,8.017000198364258,88.43000030517578
1994-11-22,17.239999771118164,,450.0899963378906,,7.985000133514404,88.56999969482422
1994-11-23,18.40999984741211,,449.92999267578125,,7.801000118255615,88.41999816894531
1994-11-25,17.440000534057617,,452.2900085449219,,7.788000106811523,88.75
1994-11-28,16.829999923706055,,454.1600036621094,,7.874000072479248,88.97000122070312
1994-11-29,16.149999618530273,,455.1700134277344,,7.939000129699707,89.19000244140625
1994-11-30,15.949999809265137,,453.69000244140625,,7.888000011444092,89.12999725341797
1994-12-01,16.690000534057617,,448.9200134277344,,7.910999774932861,89.25
1994-12-02,16.549999237060547,,453.29998779296875,,7.791999816894531,89.55999755859375
1994-12-05,16.100000381469727,,453.32000732421875,,7.822999954223633,89.38999938964844
1994-12-06,16.049999237060547,,453.1099853515625,,7.718999862670898,89.33999633789062
1994-12-07,16.280000686645508,,451.2300109863281,,7.801000118255615,89.20999908447266
1994-12-08,18.149999618530273,,445.45001220703125,,7.809999942779541,89.6500015258789
1994-12-09,16.040000915527344,,446.9599914550781,,7.7779998779296875,89.5999984741211
1994-12-12,15.460000038146973,,449.4700012207031,,7.841000080108643,89.54000091552734
1994-12-13,14.479999542236328,,450.1499938964844,,7.814000129699707,89.52999877929688
1994-12-14,13.029999732971191,,454.9700012207031,,7.7729997634887695,89.48999786376953
1994-12-15,12.869999885559082,,455.3399963378906,,7.7769999504089355,89.5199966430664
1994-12-16,12.789999961853027,,458.79998779296875,,7.800000190734863,89.58999633789062
1994-12-19,13.020000457763672,,457.9100036621094,,7.795000076293945,89.69999694824219
1994-12-20,12.979999542236328,,457.1000061035156,,7.800000190734863,89.62000274658203
1994-12-21,12.050000190734863,,459.6099853515625,,7.785999774932861,90.0199966430664
1994-12-22,12.420000076293945,,459.67999267578125,,7.827000141143799,89.91000366210938
1994-12-23,11.819999694824219,,459.8299865722656,,7.827000141143799,89.95999908447266
1994-12-27,12.069999694824219,,462.4700012207031,,7.744999885559082,89.87000274658203
1994-12-28,12.8100004196167,,460.8599853515625,,7.785999774932861,88.5
1994-12-29,12.859999656677246,,461.1700134277344,,7.798999786376953,89.0199966430664
1994-12-30,13.199999809265137,,459.2699890136719,,7.827000141143799,88.7300033569336
1995-01-03,14.25,,459.1099853515625,,7.876999855041504,89.11000061035156
1995-01-04,13.529999732971191,,460.7099914550781,,7.813000202178955,89.30999755859375
1995-01-05,13.5,,460.3399963378906,,7.868000030517578,88.9800033569336
1995-01-06,13.130000114440918,,460.67999267578125,,7.849999904632568,89.61000061035156
1995-01-09,13.329999923706055,,460.8299865722656,,7.881999969482422,88.41000366210938
1995-01-10,12.520000457763672,,461.67999267578125,,7.822000026702881,88.43000030517578
1995-01-11,12.149999618530273,,461.6600036621094,,7.776000022888184,88.41999816894531
1995-01-12,12.829999923706055,,461.6400146484375,,7.794000148773193,88.0999984741211
1995-01-13,11.100000381469727,,465.9700012207031,,7.679999828338623,88.13999938964844
1995-01-16,11.140000343322754,,469.3800048828125,,7.679999828338623,88.0199966430664
1995-01-17,11.789999961853027,,470.04998779296875,,7.684000015258789,88.30000305175781
1995-01-18,11.569999694824219,,469.7099914550781,,7.697999954223633,88.44999694824219
1995-01-19,11.859999656677246,,466.95001220703125,,7.716000080108643,87.54000091552734
1995-01-20,12.149999618530273,,464.7799987792969,,7.808000087738037,87.44999694824219
1995-01-23,12.789999961853027,,465.82000732421875,,7.822000026702881,87.37999725341797
1995-01-24,11.9399995803833,,465.8599853515625,,7.84499979019165,87.41000366210938
1995-01-25,11.460000038146973,,467.44000244140625,,7.784999847412109,87.62999725341797
1995-01-26,11.25,,468.32000732421875,,7.743000030517578,87.62000274658203
1995-01-27,11.25,,470.3900146484375,,7.616000175476074,87.62000274658203
1995-01-30,12.260000228881836,,468.510009765625,,7.633999824523926,87.0999984741211
1995-01-31,11.960000038146973,,470.4200134277344,,7.5929999351501465,87.98999786376953
1995-02-01,11.729999542236328,,470.3999938964844,,7.638000011444092,87.77999877929688
1995-02-02,11.130000114440918,,472.7900085449219,,7.670000076293945,87.69000244140625
1995-02-03,10.979999542236328,,478.6499938964844,,7.456999778747559,88.19000244140625
1995-02-06,11.220000267028809,,481.1400146484375,,7.506999969482422,88.19000244140625
1995-02-07,11.170000076293945,,480.80999755859375,,7.511000156402588,88.43000030517578
1995-02-08,11.420000076293945,,481.19000244140625,,7.511000156402588,88.20999908447266
1995-02-09,11.630000114440918,,480.19000244140625,,7.572000026702881,88.12000274658203
1995-02-10,11.279999732971191,,481.4599914550781,,7.618000030517578,87.76000213623047
1995-02-13,11.40999984741211,,481.6499938964844,,7.59499979019165,87.77999877929688
1995-02-14,11.430000305175781,,482.54998779296875,,7.504000186920166,87.33999633789062
1995-02-15,11.520000457763672,,484.5400085449219,,7.441999912261963,87.4000015258789
1995-02-16,11.609999656677246,,485.2200012207031,,7.388000011444092,86.61000061035156
1995-02-17,11.710000038146973,,481.9700012207031,,7.419000148773193,86.43000030517578
1995-02-21,12.050000190734863,,482.7200012207031,,7.432000160217285,86.11000061035156
1995-02-22,11.390000343322754,,485.07000732421875,,7.321000099182129,85.94000244140625
1995-02-23,11.149999618530273,,486.9100036621094,,7.329999923706055,85.77999877929688
1995-02-24,10.84000015258789,,488.1099853515625,,7.324999809265137,85.83000183105469
1995-02-27,12.510000228881836,,483.80999755859375,,7.236000061035156,86.19999694824219
1995-02-28,11.75,,487.3900146484375,,7.210000038146973,85.93000030517578
1995-03-01,11.649999618530273,,485.6499938964844,,7.214000225067139,85.9800033569336
1995-03-02,12.020000457763672,,485.1300048828125,,7.289000034332275,85.05000305175781
1995-03-03,11.449999809265137,,485.4200134277344,,7.355999946594238,84.37000274658203
1995-03-06,12.170000076293945,,485.6300048828125,,7.400000095367432,83.48999786376953
1995-03-07,14.220000267028809,,482.1199951171875,,7.431000232696533,81.91000366210938
1995-03-08,13.720000267028809,,483.1400146484375,,7.355000019073486,83.25
1995-03-09,13.359999656677246,,483.1600036621094,,7.28000020980835,83.0199966430664
1995-03-10,12.380000114440918,,489.57000732421875,,7.2179999351501465,84.2300033569336
1995-03-13,12.149999618530273,,490.04998779296875,,7.173999786376953,83.79000091552734
1995-03-14,12.100000381469727,,492.8900146484375,,7.077000141143799,84.05999755859375
1995-03-15,12.420000076293945,,491.8800048828125,,7.077000141143799,83.11000061035156
1995-03-16,11.949999809265137,,495.4100036621094,,7.038000106811523,83.4800033569336
1995-03-17,11.800000190734863,,495.5199890136719,,7.103000164031982,83.29000091552734
1995-03-20,11.34000015258789,,496.1400146484375,,7.111999988555908,83.75
1995-03-21,11.529999732971191,,495.07000732421875,,7.151000022888184,83.61000061035156
1995-03-22,11.289999961853027,,495.6700134277344,,7.195000171661377,83.43000030517578
1995-03-23,11.430000305175781,,495.95001220703125,,7.203000068664551,83.38999938964844
1995-03-24,11.1899995803833,,500.9700012207031,,7.085000038146973,83.87000274658203
1995-03-27,11.829999923706055,,503.20001220703125,,7.0320000648498535,83.44999694824219
1995-03-28,11.329999923706055,,503.8999938964844,,7.140999794006348,82.7300033569336
1995-03-29,12.510000228881836,,503.1199951171875,,7.140999794006348,82.47000122070312
1995-03-30,12.619999885559082,,502.2200012207031,,7.158999919891357,83.61000061035156
1995-03-31,13.369999885559082,,500.7099914550781,,7.189000129699707,81.9000015258789
1995-04-03,13.5,,501.8500061035156,,7.131999969482422,81.87999725341797
1995-04-04,12.619999885559082,,505.239990234375,,7.105999946594238,82.04000091552734
1995-04-05,12.960000038146973,,505.57000732421875,,7.105999946594238,81.63999938964844
1995-04-06,12.8100004196167,,506.0799865722656,,7.074999809265137,81.72000122070312
1995-04-07,12.850000381469727,,506.4200134277344,,7.0920000076293945,81.44000244140625
1995-04-10,12.789999961853027,,507.010009765625,,7.0960001945495605,82.6500015258789
1995-04-11,12.729999542236328,,505.5299987792969,,7.073999881744385,82.4000015258789
1995-04-12,12.039999961853027,,507.1700134277344,,7.047999858856201,82.37000274658203
1995-04-13,11.479999542236328,,509.2300109863281,,7.0,81.73999786376953
1995-04-17,12.329999923706055,,506.1300048828125,,7.020999908447266,80.83999633789062
1995-04-18,12.960000038146973,,505.3699951171875,,7.020999908447266,80.2699966430664
1995-04-19,13.09000015258789,,504.9200134277344,,7.033999919891357,81.22000122070312
1995-04-20,12.100000381469727,,505.2900085449219,,6.999000072479248,81.97000122070312
1995-04-21,11.859999656677246,,508.489990234375,,6.99399995803833,81.37999725341797
1995-04-24,11.920000076293945,,512.8900146484375,,6.986000061035156,81.61000061035156
1995-04-25,12.40999984741211,,512.0999755859375,,6.986000061035156,80.95999908447266
1995-04-26,12.279999732971191,,512.6599731445312,,6.99399995803833,81.33000183105469
1995-04-27,11.930000305175781,,513.5499877929688,,7.025000095367432,81.4000015258789
1995-04-28,11.75,,514.7100219726562,,7.046000003814697,81.80000305175781
1995-05-01,12.140000343322754,,514.260009765625,,7.072000026702881,81.75
1995-05-02,11.880000114440918,,514.8599853515625,,7.02400016784668,81.41000366210938
1995-05-03,11.6899995803833,,520.47998046875,,6.940999984741211,81.27999877929688
1995-05-04,12.640000343322754,,520.5399780273438,,6.833000183105469,81.2699966430664
1995-05-05,12.0600004196167,,520.1199951171875,,6.665999889373779,81.30000305175781
1995-05-08,12.220000267028809,,523.9600219726562,,6.673999786376953,80.80000305175781
1995-05-09,12.75,,523.5599975585938,,6.580999851226807,81.31999969482422
1995-05-10,13.079999923706055,,524.3599853515625,,6.636000156402588,81.55000305175781
1995-05-11,12.979999542236328,,524.3699951171875,,6.672999858856201,83.43000030517578
1995-05-12,11.84000015258789,,525.5499877929688,,6.664999961853027,84.04000091552734
1995-05-15,12.380000114440918,,527.739990234375,,6.617000102996826,83.70999908447266
1995-05-16,12.199999809265137,,528.1900024414062,,6.552000045776367,83.86000061035156
1995-05-17,12.359999656677246,,527.0700073242188,,6.526000022888184,84.16999816894531
1995-05-18,13.130000114440918,,519.5800170898438,,6.604000091552734,84.01000213623047
1995-05-19,12.8100004196167,,519.1900024414062,,6.598999977111816,84.23999786376953
1995-05-22,11.680000305175781,,523.6500244140625,,6.611999988555908,84.1500015258789
1995-05-23,11.550000190734863,,528.5900268554688,,6.551000118255615,84.43000030517578
1995-05-24,11.260000228881836,,528.6099853515625,,6.427000045776367,84.11000061035156
1995-05-25,11.630000114440918,,528.5900268554688,,6.380000114440918,82.20999908447266
1995-05-26,12.199999809265137,,523.6500244140625,,6.388000011444092,81.0999984741211
1995-05-30,12.520000457763672,,523.5800170898438,,6.294000148773193,81.4800033569336
1995-05-31,12.850000381469727,,533.4000244140625,,6.285999774932861,82.56999969482422
1995-06-01,12.210000038146973,,533.489990234375,,6.184999942779541,82.54000091552734
1995-06-02,12.979999542236328,,532.510009765625,,6.079999923706055,82.52999877929688
1995-06-05,13.449999809265137,,535.5999755859375,,6.059000015258789,82.37999725341797
1995-06-06,13.0,,535.5499877929688,,6.076000213623047,82.55000305175781
1995-06-07,12.84000015258789,,533.1300048828125,,6.158999919891357,82.4000015258789
1995-06-08,12.890000343322754,,532.3499755859375,,6.201000213623047,82.30999755859375
1995-06-09,12.760000228881836,,527.9400024414062,,6.379000186920166,82.18000030517578
1995-06-12,11.90999984741211,,530.8800048828125,,6.366000175476074,82.29000091552734
1995-06-13,11.289999961853027,,536.0499877929688,,6.125,82.4800033569336
1995-06-14,11.289999961853027,,536.469970703125,,6.129000186920166,82.01000213623047
1995-06-15,11.229999542236328,,537.1199951171875,,6.1579999923706055,82.41000366210938
1995-06-16,10.75,,539.8300170898438,,6.196000099182129,82.12000274658203
1995-06-19,11.210000038146973,,545.219970703125,,6.107999801635742,82.16999816894531
1995-06-20,11.15999984741211,,544.97998046875,,6.140999794006348,81.80000305175781
1995-06-21,11.319999694824219,,543.97998046875,,6.116000175476074,81.5
1995-06-22,11.4399995803833,,551.0700073242188,,6.015999794006348,82.04000091552734
1995-06-23,11.119999885559082,,549.7100219726562,,6.045000076293945,81.43000030517578
1995-06-26,11.800000190734863,,544.1300048828125,,6.090000152587891,81.70999908447266
1995-06-27,12.369999885559082,,542.4299926757812,,6.131999969482422,81.55999755859375
1995-06-28,11.739999771118164,,544.72998046875,,6.093999862670898,82.30000305175781
1995-06-29,11.59000015258789,,543.8699951171875,,6.25,81.45999908447266
1995-06-30,11.380000114440918,,544.75,,6.203000068664551,81.58000183105469
1995-07-03,11.569999694824219,,547.0900268554688,,6.203000068664551,81.56999969482422
1995-07-05,12.100000381469727,,547.260009765625,,6.177999973297119,81.37999725341797
1995-07-06,11.520000457763672,,553.989990234375,,6.043000221252441,81.33000183105469
1995-07-07,11.770000457763672,,556.3699951171875,,6.01800012588501,81.86000061035156
1995-07-10,12.1899995803833,,557.1900024414062,,6.021999835968018,81.88999938964844
1995-07-11,12.25,,554.780029296875,,6.089000225067139,82.31999969482422
1995-07-12,12.3100004196167,,560.8900146484375,,6.089000225067139,82.29000091552734
1995-07-13,12.5600004196167,,561.0,,6.072000026702881,81.87000274658203
1995-07-14,12.079999923706055,,559.8900146484375,,6.135000228881836,81.91000366210938
1995-07-17,12.260000228881836,,562.719970703125,,6.202000141143799,82.16000366210938
1995-07-18,12.680000305175781,,558.4600219726562,,6.256999969482422,81.87000274658203
1995-07-19,13.489999771118164,,550.97998046875,,6.4120001792907715,81.38999938964844
1995-07-20,12.779999732971191,,553.5399780273438,,6.4070000648498535,81.66999816894531
1995-07-21,12.369999885559082,,553.6199951171875,,6.49399995803833,81.80000305175781
1995-07-24,12.550000190734863,,556.6300048828125,,6.436999797821045,81.63999938964844
1995-07-25,12.770000457763672,,561.0999755859375,,6.410999774932861,81.9000015258789
1995-07-26,13.180000305175781,,561.6099853515625,,6.4629998207092285,81.58000183105469
1995-07-27,13.180000305175781,,565.219970703125,,6.415999889373779,81.48999786376953
1995-07-28,13.180000305175781,,562.9299926757812,,6.4720001220703125,81.41000366210938
1995-07-31,13.489999771118164,,562.0599975585938,,6.428999900817871,81.56999969482422
1995-08-01,13.5600004196167,,559.6400146484375,,6.488999843597412,81.16000366210938
1995-08-02,13.65999984741211,,558.7999877929688,,6.428999900817871,82.22000122070312
1995-08-03,13.779999732971191,,558.75,,6.506999969482422,81.88999938964844
1995-08-04,13.210000038146973,,558.9400024414062,,6.4720001220703125,82.08000183105469
1995-08-07,13.100000381469727,,560.030029296875,,6.454999923706055,82.55999755859375
1995-08-08,13.0600004196167,,560.3900146484375,,6.449999809265137,82.63999938964844
1995-08-09,12.75,,559.7100219726562,,6.47599983215332,82.63999938964844
1995-08-10,13.0,,557.4500122070312,,6.513000011444092,83.16000366210938
1995-08-11,12.899999618530273,,555.1099853515625,,6.585999965667725,84.08999633789062
1995-08-14,13.239999771118164,,559.739990234375,,6.578000068664551,84.0199966430664
1995-08-15,12.350000381469727,,558.5700073242188,,6.578000068664551,85.91000366210938
1995-08-16,12.449999809265137,,559.969970703125,,6.533999919891357,86.12000274658203
1995-08-17,12.130000114440918,,559.0399780273438,,6.565000057220459,85.81999969482422
1995-08-18,12.029999732971191,,559.2100219726562,,6.559999942779541,85.95999908447266
1995-08-21,13.420000076293945,,558.1099853515625,,6.526000022888184,85.9800033569336
1995-08-22,12.600000381469727,,559.52001953125,,6.556000232696533,86.23999786376953
1995-08-23,13.170000076293945,,557.1400146484375,,6.577000141143799,86.06999969482422
1995-08-24,12.9399995803833,,557.4600219726562,,6.486999988555908,85.80000305175781
1995-08-25,12.329999923706055,,560.0999755859375,,6.380000114440918,85.70999908447266
1995-08-28,12.479999542236328,,559.0499877929688,,6.328000068664551,85.51000213623047
1995-08-29,12.649999618530273,,560.0,,6.357999801635742,86.05000305175781
1995-08-30,12.029999732971191,,560.9199829101562,,6.323999881744385,86.05000305175781
1995-08-31,11.520000457763672,,561.8800048828125,,6.2729997634887695,85.56999969482422
1995-09-01,11.289999961853027,,563.8400268554688,,6.210000038146973,85.47000122070312
1995-09-05,11.649999618530273,,569.1699829101562,,6.163000106811523,85.48999786376953
1995-09-06,11.649999618530273,,570.1699829101562,,6.168000221252441,86.08999633789062
1995-09-07,11.850000381469727,,570.2899780273438,,6.201000213623047,86.12000274658203
1995-09-08,11.15999984741211,,572.6799926757812,,6.234000205993652,86.01000213623047
1995-09-11,11.510000228881836,,573.9099731445312,,6.2220001220703125,85.98999786376953
1995-09-12,11.460000038146973,,576.510009765625,,6.150000095367432,86.0
1995-09-13,11.350000381469727,,578.77001953125,,6.175000190734863,87.05000305175781
1995-09-14,11.100000381469727,,583.6099853515625,,6.071000099182129,86.79000091552734
1995-09-15,11.579999923706055,,583.3499755859375,,6.104000091552734,86.97000122070312
1995-09-18,12.34000015258789,,582.77001953125,,6.165999889373779,86.61000061035156
1995-09-19,12.670000076293945,,584.2000122070312,,6.132999897003174,86.98999786376953
1995-09-20,12.350000381469727,,586.77001953125,,6.09499979019165,85.95999908447266
1995-09-21,12.5,,583.0,,6.199999809265137,83.69999694824219
1995-09-22,12.460000038146973,,581.72998046875,,6.232999801635742,84.2699966430664
1995-09-25,13.220000267028809,,581.8099975585938,,6.229000091552734,84.55000305175781
1995-09-26,12.899999618530273,,581.4099731445312,,6.258999824523926,84.69999694824219
1995-09-27,12.899999618530273,,581.0399780273438,,6.270999908447266,84.2300033569336
1995-09-28,12.460000038146973,,585.8699951171875,,6.258999824523926,84.05000305175781
1995-09-29,12.739999771118164,,584.4099731445312,,6.1570000648498535,84.29000091552734
1995-10-02,13.949999809265137,,581.719970703125,,6.144000053405762,84.29000091552734
1995-10-03,14.5,,582.3400268554688,,6.114999771118164,84.56999969482422
1995-10-04,14.859999656677246,,581.469970703125,,6.085000038146973,84.51000213623047
1995-10-05,15.739999771118164,,582.6300048828125,,6.068999767303467,83.91000366210938
1995-10-06,13.979999542236328,,582.489990234375,,6.059999942779541,84.27999877929688
1995-10-09,14.850000381469727,,578.3699951171875,,6.059999942779541,83.9800033569336
1995-10-10,14.970000267028809,,577.52001953125,,6.064000129699707,84.16999816894531
1995-10-11,14.569999694824219,,579.4600219726562,,6.076000213623047,84.44000244140625
1995-10-12,14.239999771118164,,583.0999755859375,,6.046999931335449,84.05000305175781
1995-10-13,13.670000076293945,,584.5,,5.939000129699707,84.41999816894531
1995-10-16,14.619999885559082,,583.030029296875,,5.954999923706055,84.16999816894531
1995-10-17,14.029999732971191,,586.780029296875,,5.942999839782715,83.91999816894531
1995-10-18,14.050000190734863,,587.4400024414062,,5.9670000076293945,84.33000183105469
1995-10-19,13.550000190734863,,590.6500244140625,,5.959000110626221,83.76000213623047
1995-10-20,13.460000038146973,,587.4600219726562,,6.017000198364258,83.51000213623047
1995-10-23,14.170000076293945,,585.0599975585938,,6.050000190734863,83.19999694824219
1995-10-24,13.850000381469727,,586.5399780273438,,5.995999813079834,83.37999725341797
1995-10-25,14.489999771118164,,582.469970703125,,5.991000175476074,83.44000244140625
1995-10-26,15.59000015258789,,576.719970703125,,6.050000190734863,83.27999877929688
1995-10-27,14.630000114440918,,579.7000122070312,,6.02400016784668,83.77999877929688
1995-10-30,14.260000228881836,,583.25,,6.02400016784668,83.83000183105469
1995-10-31,13.829999923706055,,581.5,,6.002999782562256,83.66000366210938
1995-11-01,13.40999984741211,,584.219970703125,,5.961999893188477,84.02999877929688
1995-11-02,13.1899995803833,,589.719970703125,,5.9029998779296875,84.30000305175781
1995-11-03,12.260000228881836,,590.5700073242188,,5.914999961853027,84.12000274658203
1995-11-06,12.739999771118164,,588.4600219726562,,5.940000057220459,84.05000305175781
1995-11-07,13.050000190734863,,586.3200073242188,,5.9730000495910645,84.11000061035156
1995-11-08,12.15999984741211,,591.7100219726562,,5.9029998779296875,84.11000061035156
1995-11-09,12.460000038146973,,593.260009765625,,5.952000141143799,83.4800033569336
1995-11-10,12.970000267028809,,592.719970703125,,5.985000133514404,83.83999633789062
1995-11-13,13.199999809265137,,592.2999877929688,,5.955999851226807,84.16000366210938
1995-11-14,13.380000114440918,,589.2899780273438,,5.952000141143799,83.98999786376953
1995-11-15,12.949999809265137,,593.9600219726562,,5.980999946594238,83.62999725341797
1995-11-16,12.569999694824219,,597.3400268554688,,5.914000034332275,83.83000183105469
1995-11-17,12.489999771118164,,600.0700073242188,,5.896999835968018,83.7699966430664
1995-11-20,12.369999885559082,,596.8499755859375,,5.914000034332275,83.61000061035156
1995-11-21,11.739999771118164,,600.239990234375,,5.934000015258789,83.68000030517578
1995-11-22,11.8100004196167,,598.4000244140625,,5.925000190734863,83.54000091552734
1995-11-24,11.869999885559082,,599.969970703125,,5.895999908447266,83.9800033569336
1995-11-27,12.430000305175781,,601.3200073242188,,5.869999885559082,84.54000091552734
1995-11-28,11.569999694824219,,606.4500122070312,,5.875,84.5
1995-11-29,11.649999618530273,,607.6400146484375,,5.836999893188477,84.79000091552734
1995-11-30,11.579999923706055,,605.3699951171875,,5.744999885559082,85.26000213623047
1995-12-01,11.109999656677246,,606.97998046875,,5.703999996185303,85.16000366210938
1995-12-04,10.65999984741211,,613.6799926757812,,5.618000030517578,84.97000122070312
1995-12-05,11.649999618530273,,617.6799926757812,,5.650000095367432,84.62000274658203
1995-12-06,12.699999809265137,,620.1799926757812,,5.666999816894531,84.93000030517578
1995-12-07,12.739999771118164,,616.1699829101562,,5.711999893188477,85.25
1995-12-08,11.119999885559082,,617.47998046875,,5.728000164031982,85.23999786376953
1995-12-11,11.0600004196167,,619.52001953125,,5.695000171661377,85.20999908447266
1995-12-12,10.630000114440918,,618.780029296875,,5.711999893188477,85.43000030517578
1995-12-13,10.359999656677246,,621.6900024414062,,5.73199987411499,85.47000122070312
1995-12-14,11.069999694824219,,616.9199829101562,,5.736000061035156,84.88999938964844
1995-12-15,11.4399995803833,,616.3400268554688,,5.739999771118164,85.12999725341797
1995-12-18,14.550000190734863,,606.8099975585938,,5.841000080108643,84.62999725341797
1995-12-19,13.15999984741211,,611.9299926757812,,5.73199987411499,85.05000305175781
1995-12-20,12.199999809265137,,605.9400024414062,,5.739999771118164,84.94999694824219
1995-12-21,10.770000457763672,,610.489990234375,,5.749000072479248,84.77999877929688
1995-12-22,11.510000228881836,,611.9500122070312,,5.690000057220459,84.69999694824219
1995-12-26,11.489999771118164,,614.2999877929688,,5.677999973297119,84.44000244140625
1995-12-27,11.979999542236328,,614.530029296875,,5.644999980926514,84.58999633789062
1995-12-28,12.25,,614.1199951171875,,5.619999885559082,84.80000305175781
1995-12-29,12.520000457763672,,615.9299926757812,,5.574999809265137,84.76000213623047
1996-01-02,12.1899995803833,,620.72998046875,,5.586999893188477,84.69000244140625
1996-01-03,12.100000381469727,,621.3200073242188,,5.565999984741211,85.11000061035156
1996-01-04,13.779999732971191,,617.7000122070312,,5.61899995803833,85.22000122070312
1996-01-05,13.579999923706055,,616.7100219726562,,5.677000045776367,85.05999755859375
1996-01-08,13.109999656677246,,618.4600219726562,,5.672999858856201,85.04000091552734
1996-01-09,15.210000038146973,,609.4500122070312,,5.672999858856201,85.06999969482422
1996-01-10,16.399999618530273,,598.47998046875,,5.738999843597412,84.91000366210938
1996-01-11,14.6899995803833,,602.6900024414062,,5.75600004196167,85.12999725341797
1996-01-12,14.229999542236328,,601.8099975585938,,5.751999855041504,85.05999755859375
1996-01-15,14.989999771118164,,599.8200073242188,,5.751999855041504,85.30999755859375
1996-01-16,14.09000015258789,,608.4400024414062,,5.656000137329102,85.98999786376953
1996-01-17,14.25,,606.3699951171875,,5.557000160217285,86.26000213623047
1996-01-18,13.579999923706055,,608.239990234375,,5.515999794006348,86.44000244140625
1996-01-19,12.699999809265137,,611.8300170898438,,5.514999866485596,86.75
1996-01-22,13.34000015258789,,613.4000244140625,,5.589000225067139,86.7300033569336
1996-01-23,13.5600004196167,,612.7899780273438,,5.635000228881836,86.83000183105469
1996-01-24,12.539999961853027,,619.9600219726562,,5.5929999351501465,87.19000244140625
1996-01-25,12.9399995803833,,617.030029296875,,5.679999828338623,87.41999816894531
1996-01-26,12.0,,621.6199951171875,,5.625999927520752,87.63999938964844
1996-01-29,12.1899995803833,,624.219970703125,,5.671999931335449,87.41000366210938
1996-01-30,12.420000076293945,,630.1500244140625,,5.613999843597412,87.58999633789062
1996-01-31,12.529999732971191,,636.02001953125,,5.580999851226807,87.37999725341797
1996-02-01,12.649999618530273,,638.4600219726562,,5.60099983215332,87.18000030517578
1996-02-02,13.229999542236328,,635.8400268554688,,5.642000198364258,87.01000213623047
1996-02-05,13.460000038146973,,641.4299926757812,,5.679999828338623,86.2300033569336
1996-02-06,14.59000015258789,,646.3300170898438,,5.65500020980835,86.41000366210938
1996-02-07,14.109999656677246,,649.9299926757812,,5.658999919891357,86.6500015258789
1996-02-08,13.890000343322754,,656.0700073242188,,5.6579999923706055,86.76000213623047
1996-02-09,14.630000114440918,,656.3699951171875,,5.650000095367432,86.87000274658203
1996-02-12,14.6899995803833,,661.4500122070312,,5.5960001945495605,86.77999877929688
1996-02-13,14.9399995803833,,660.510009765625,,5.566999912261963,86.7300033569336
1996-02-14,15.59000015258789,,655.5800170898438,,5.61299991607666,86.43000030517578
1996-02-15,16.1299991607666,,651.3200073242188,,5.690999984741211,86.44000244140625
1996-02-16,15.369999885559082,,647.97998046875,,5.75,86.12000274658203
1996-02-20,16.799999237060547,,640.6500244140625,,5.991000175476074,85.75
1996-02-21,14.470000267028809,,648.0999755859375,,5.973999977111816,85.66000366210938
1996-02-22,14.5600004196167,,658.8599853515625,,5.909999847412109,85.56999969482422
1996-02-23,14.779999732971191,,659.0800170898438,,5.965000152587891,85.44999694824219
1996-02-26,16.3799991607666,,650.4600219726562,,5.994999885559082,85.43000030517578
1996-02-27,16.6299991607666,,647.239990234375,,6.046999931335449,85.41000366210938
1996-02-28,16.719999313354492,,644.75,,6.10699987411499,85.95999908447266
1996-02-29,17.040000915527344,,640.4299926757812,,6.111999988555908,86.29000091552734
1996-03-01,16.719999313354492,,644.3699951171875,,5.978000164031982,86.52999877929688
1996-03-04,16.670000076293945,,650.8099975585938,,5.906000137329102,86.44000244140625
1996-03-05,16.100000381469727,,655.7899780273438,,5.953000068664551,86.37999725341797
1996-03-06,16.559999465942383,,652.0,,6.039000034332275,86.47000122070312
1996-03-07,16.489999771118164,,653.6500244140625,,6.059999942779541,86.41000366210938
1996-03-08,20.700000762939453,,633.5,,6.4120001792907715,86.9000015258789
1996-03-11,19.399999618530273,,640.02001953125,,6.304999828338623,86.62000274658203
1996-03-12,19.09000015258789,,637.0900268554688,,6.341000080108643,86.33000183105469
1996-03-13,18.1299991607666,,638.5499877929688,,6.335999965667725,86.26000213623047
1996-03-14,16.93000030517578,,640.8699951171875,,6.349999904632568,86.33999633789062
1996-03-15,16.540000915527344,,641.4299926757812,,6.453000068664551,86.2699966430664
1996-03-18,17.309999465942383,,652.6500244140625,,6.421999931335449,86.30000305175781
1996-03-19,18.350000381469727,,651.6900024414062,,6.394999980926514,86.25
1996-03-20,18.65999984741211,,649.97998046875,,6.328000068664551,86.19000244140625
1996-03-21,17.739999771118164,,649.1900024414062,,6.270999908447266,86.51000213623047
1996-03-22,17.049999237060547,,650.6199951171875,,6.310999870300293,86.47000122070312
1996-03-25,17.84000015258789,,650.0399780273438,,6.2270002365112305,86.44999694824219
1996-03-26,17.799999237060547,,652.969970703125,,6.23199987411499,86.55000305175781
1996-03-27,17.889999389648438,,648.9099731445312,,6.311999797821045,86.79000091552734
1996-03-28,18.15999984741211,,648.9400024414062,,6.40500020980835,86.31999969482422
1996-03-29,18.8799991607666,,645.5,,6.334000110626221,86.5199966430664
1996-04-01,17.899999618530273,,653.72998046875,,6.308000087738037,86.70999908447266
1996-04-02,16.450000762939453,,655.260009765625,,6.236999988555908,86.68000030517578
1996-04-03,16.329999923706055,,655.8800048828125,,6.255000114440918,86.5199966430664
1996-04-04,16.18000030517578,,655.8599853515625,,6.326000213623047,86.45999908447266
1996-04-08,18.719999313354492,,644.239990234375,,6.611000061035156,86.55000305175781
1996-04-09,17.31999969482422,,642.1900024414062,,6.551000118255615,87.30000305175781
1996-04-10,20.219999313354492,,633.5,,6.614999771118164,87.33000183105469
1996-04-11,19.649999618530273,,631.1799926757812,,6.671000003814697,87.44999694824219
1996-04-12,17.3799991607666,,636.7100219726562,,6.498000144958496,87.52999877929688
1996-04-15,16.829999923706055,,642.489990234375,,6.461999893188477,87.9000015258789
1996-04-16,16.450000762939453,,645.0,,6.458000183105469,87.7699966430664
1996-04-17,17.06999969482422,,641.6099853515625,,6.506999969482422,87.66999816894531
1996-04-18,16.40999984741211,,643.6099853515625,,6.558000087738037,87.23999786376953
1996-04-19,15.119999885559082,,645.0700073242188,,6.513000011444092,87.4800033569336
1996-04-22,15.380000114440918,,647.8900146484375,,6.4679999351501465,87.63999938964844
1996-04-23,15.010000228881836,,651.5800170898438,,6.494999885559082,87.69999694824219
1996-04-24,14.90999984741211,,650.1699829101562,,6.553999900817871,87.72000122070312
1996-04-25,14.720000267028809,,652.8699951171875,,6.540999889373779,88.2300033569336
1996-04-26,14.75,,653.4600219726562,,6.519000053405762,87.9000015258789
1996-04-29,15.449999809265137,,654.1599731445312,,6.568999767303467,87.81999969482422
1996-04-30,15.829999923706055,,654.1699829101562,,6.632999897003174,88.0199966430664
1996-05-01,16.06999969482422,,654.5800170898438,,6.665999889373779,88.33000183105469
1996-05-02,18.6200008392334,,643.3800048828125,,6.833000183105469,87.94999694824219
1996-05-03,16.700000762939453,,641.6300048828125,,6.875999927520752,87.8499984741211
1996-05-06,16.920000076293945,,640.8099975585938,,6.839000225067139,87.80999755859375
1996-05-07,16.8700008392334,,638.260009765625,,6.8480000495910645,87.80999755859375
1996-05-08,15.779999732971191,,644.77001953125,,6.796999931335449,87.54000091552734
1996-05-09,16.989999771118164,,645.4400024414062,,6.830999851226807,87.55999755859375
1996-05-10,15.609999656677246,,652.0900268554688,,6.739999771118164,87.91999816894531
1996-05-13,15.15999984741211,,661.510009765625,,6.705999851226807,88.02999877929688
1996-05-14,14.899999618530273,,665.5999755859375,,6.645999908447266,88.16999816894531
1996-05-15,15.59000015258789,,665.4199829101562,,6.632999897003174,88.25
1996-05-16,15.710000038146973,,664.8499755859375,,6.692999839782715,88.23999786376953
1996-05-17,15.130000114440918,,668.9099731445312,,6.644999980926514,88.23999786376953
1996-05-20,15.800000190734863,,673.1500244140625,,6.611000061035156,88.33999633789062
1996-05-21,16.0,,672.760009765625,,6.636000156402588,88.69999694824219
1996-05-22,15.5,,678.4199829101562,,6.61899995803833,88.69999694824219
1996-05-23,16.170000076293945,,676.0,,6.675000190734863,88.62999725341797
1996-05-24,15.539999961853027,,678.510009765625,,6.639999866485596,88.83000183105469
1996-05-28,16.920000076293945,,672.22998046875,,6.6570000648498535,89.0
1996-05-29,17.149999618530273,,667.9299926757812,,6.764999866485596,88.33999633789062
1996-05-30,16.020000457763672,,671.7000122070312,,6.756999969482422,88.25
1996-05-31,16.06999969482422,,669.1199951171875,,6.843999862670898,87.77999877929688
1996-06-03,16.860000610351562,,667.6799926757812,,6.861000061035156,87.95999908447266
1996-06-04,16.18000030517578,,672.5599975585938,,6.8429999351501465,88.05000305175781
1996-06-05,16.040000915527344,,678.4400024414062,,6.816999912261963,88.1500015258789
1996-06-06,16.84000015258789,,673.030029296875,,6.747000217437744,88.1500015258789
1996-06-07,16.100000381469727,,673.3099975585938,,6.918000221252441,88.41999816894531
1996-06-10,16.780000686645508,,672.1599731445312,,6.958000183105469,88.4000015258789
1996-06-11,16.68000030517578,,670.969970703125,,6.980000019073486,88.41000366210938
1996-06-12,17.0,,669.0399780273438,,7.014999866485596,88.37000274658203
1996-06-13,17.1200008392334,,667.9199829101562,,7.001999855041504,88.11000061035156
1996-06-14,18.639999389648438,,665.8499755859375,,6.935999870300293,88.13999938964844
1996-06-17,17.459999084472656,,665.1599731445312,,6.88700008392334,87.83999633789062
1996-06-18,17.450000762939453,,662.0599975585938,,6.913000106811523,87.36000061035156
1996-06-19,17.540000915527344,,661.9600219726562,,6.953000068664551,87.66000366210938
1996-06-20,16.969999313354492,,662.0999755859375,,6.961999893188477,87.81999969482422
1996-06-21,15.800000190734863,,666.8400268554688,,6.943999767303467,88.30000305175781
1996-06-24,15.90999984741211,,668.8499755859375,,6.927000045776367,88.08999633789062
1996-06-25,15.430000305175781,,668.47998046875,,6.895999908447266,88.05000305175781
1996-06-26,15.229999542236328,,664.3900146484375,,6.895999908447266,87.91999816894531
1996-06-27,14.1899995803833,,668.5499877929688,,6.815999984741211,87.61000061035156
1996-06-28,13.680000305175781,,670.6300048828125,,6.710999965667725,87.81999969482422
1996-07-01,13.779999732971191,,675.8800048828125,,6.723999977111816,87.77999877929688
1996-07-02,14.1899995803833,,673.6099853515625,,6.785999774932861,87.93000030517578
1996-07-03,14.210000038146973,,672.4000244140625,,6.755000114440918,87.72000122070312
1996-07-05,16.09000015258789,,657.4400024414062,,7.046999931335449,88.12000274658203
1996-07-08,16.420000076293945,,652.5399780273438,,7.046999931335449,88.08999633789062
1996-07-09,15.489999771118164,,654.75,,7.001999855041504,88.05999755859375
1996-07-10,15.510000228881836,,656.0599975585938,,6.929999828338623,88.05000305175781
1996-07-11,17.809999465942383,,645.6699829101562,,6.886000156402588,87.9000015258789
1996-07-12,17.09000015258789,,646.1900024414062,,6.834000110626221,88.06999969482422
1996-07-15,20.110000610351562,,629.7999877929688,,6.873000144958496,87.80999755859375
1996-07-16,20.100000381469727,,628.3699951171875,,6.808000087738037,86.43000030517578
1996-07-17,19.219999313354492,,634.0700073242188,,6.821000099182129,86.55999755859375
1996-07-18,17.93000030517578,,643.5599975585938,,6.709000110626221,86.7300033569336
1996-07-19,17.260000228881836,,638.72998046875,,6.7729997634887695,86.4800033569336
1996-07-22,20.40999984741211,,633.77001953125,,6.824999809265137,86.30999755859375
1996-07-23,21.549999237060547,,626.8699951171875,,6.795000076293945,86.5
1996-07-24,21.440000534057617,,626.6500244140625,,6.863999843597412,86.61000061035156
1996-07-25,19.389999389648438,,631.1699829101562,,6.85099983215332,86.20999908447266
1996-07-26,17.450000762939453,,635.9000244140625,,6.836999893188477,86.45999908447266
1996-07-29,20.09000015258789,,630.9099731445312,,6.915999889373779,86.33000183105469
1996-07-30,20.530000686645508,,635.260009765625,,6.872000217437744,86.22000122070312
1996-07-31,19.459999084472656,,639.9500122070312,,6.789999961853027,85.9000015258789
1996-08-01,18.760000228881836,,650.02001953125,,6.625999927520752,86.0999984741211
1996-08-02,16.190000534057617,,662.489990234375,,6.49399995803833,86.0999984741211
1996-08-05,17.360000610351562,,660.22998046875,,6.511000156402588,86.26000213623047
1996-08-06,16.93000030517578,,662.3800048828125,,6.5320000648498535,86.45999908447266
1996-08-07,16.239999771118164,,664.1599731445312,,6.539999961853027,86.58999633789062
1996-08-08,16.040000915527344,,662.5900268554688,,6.557000160217285,86.54000091552734
1996-08-09,15.770000457763672,,662.0999755859375,,6.488999843597412,86.4000015258789
1996-08-12,15.569999694824219,,665.77001953125,,6.47599983215332,86.36000061035156
1996-08-13,16.40999984741211,,660.2000122070312,,6.565000057220459,86.25
1996-08-14,15.960000038146973,,662.0499877929688,,6.565000057220459,86.66000366210938
1996-08-15,15.460000038146973,,662.280029296875,,6.607999801635742,86.5999984741211
1996-08-16,14.8100004196167,,665.2100219726562,,6.543000221252441,86.75
1996-08-19,15.270000457763672,,666.5800170898438,,6.572999954223633,86.66000366210938
1996-08-20,14.729999542236328,,665.6900024414062,,6.572999954223633,86.69999694824219
1996-08-21,14.520000457763672,,665.0700073242188,,6.603000164031982,86.51000213623047
1996-08-22,13.710000038146973,,670.6799926757812,,6.611000061035156,86.72000122070312
1996-08-23,14.180000305175781,,667.030029296875,,6.701000213623047,86.20999908447266
1996-08-26,15.380000114440918,,663.8800048828125,,6.791999816894531,86.19999694824219
1996-08-27,15.109999656677246,,666.4000244140625,,6.765999794006348,86.20999908447266
1996-08-28,15.100000381469727,,664.8099975585938,,6.7829999923706055,86.20999908447266
1996-08-29,16.219999313354492,,657.4000244140625,,6.848999977111816,86.22000122070312
1996-08-30,17.010000228881836,,651.989990234375,,6.935999870300293,86.36000061035156
1996-09-03,18.469999313354492,,654.719970703125,,6.892000198364258,86.54000091552734
1996-09-04,18.639999389648438,,655.6099853515625,,6.927000045776367,86.41999816894531
1996-09-05,20.510000228881836,,649.4400024414062,,6.9629998207092285,86.61000061035156
1996-09-06,17.100000381469727,,655.6799926757812,,6.922999858856201,86.8499984741211
1996-09-09,16.360000610351562,,663.760009765625,,6.882999897003174,87.0
1996-09-10,16.25,,663.8099975585938,,6.918000221252441,87.56999969482422
1996-09-11,16.059999465942383,,667.280029296875,,6.922999858856201,87.5999984741211
1996-09-12,15.970000267028809,,671.1500244140625,,6.861000061035156,87.72000122070312
1996-09-13,15.199999809265137,,680.5399780273438,,6.7210001945495605,87.70999908447266
1996-09-16,15.430000305175781,,683.97998046875,,6.708000183105469,87.51000213623047
1996-09-17,15.739999771118164,,682.9400024414062,,6.790999889373779,87.5999984741211
1996-09-18,15.859999656677246,,681.469970703125,,6.813000202178955,87.3499984741211
1996-09-19,16.030000686645508,,683.0,,6.8429999351501465,87.55000305175781
1996-09-20,15.649999618530273,,687.030029296875,,6.826000213623047,87.56999969482422
1996-09-23,16.459999084472656,,686.47998046875,,6.808000087738037,87.43000030517578
1996-09-24,16.450000762939453,,685.6099853515625,,6.742000102996826,87.30000305175781
1996-09-25,16.219999313354492,,685.8300170898438,,6.685999870300293,87.55999755859375
1996-09-26,16.110000610351562,,685.8599853515625,,6.638000011444092,87.81999969482422
1996-09-27,16.100000381469727,,686.1900024414062,,6.668000221252441,87.83999633789062
1996-09-30,16.950000762939453,,687.3300170898438,,6.698999881744385,87.94000244140625
1996-10-01,17.049999237060547,,689.0800170898438,,6.629000186920166,87.94000244140625
1996-10-02,16.780000686645508,,694.010009765625,,6.590000152587891,88.16999816894531
1996-10-03,16.770000457763672,,692.780029296875,,6.590000152587891,88.05999755859375
1996-10-04,14.800000190734863,,701.4600219726562,,6.460999965667725,88.12000274658203
1996-10-07,15.109999656677246,,703.3400268554688,,6.513000011444092,87.97000122070312
1996-10-08,15.579999923706055,,700.6400146484375,,6.520999908447266,87.88999938964844
1996-10-09,16.09000015258789,,696.739990234375,,6.543000221252441,87.97000122070312
1996-10-10,16.260000228881836,,694.6099853515625,,6.598999977111816,87.87000274658203
1996-10-11,15.069999694824219,,700.6599731445312,,6.546999931335449,87.94999694824219
1996-10-14,15.130000114440918,,703.5399780273438,,6.546999931335449,87.87000274658203
1996-10-15,15.829999923706055,,702.5700073242188,,6.546999931335449,88.30999755859375
1996-10-16,15.600000381469727,,704.4099731445312,,6.565000057220459,88.3499984741211
1996-10-17,15.40999984741211,,706.989990234375,,6.5,88.47000122070312
1996-10-18,15.079999923706055,,710.8200073242188,,6.482999801635742,88.38999938964844
1996-10-21,15.979999542236328,,709.8499755859375,,6.504000186920166,88.12999725341797
1996-10-22,16.399999618530273,,706.5700073242188,,6.551000118255615,87.6500015258789
1996-10-23,16.450000762939453,,707.27001953125,,6.546999931335449,87.66999816894531
1996-10-24,16.889999389648438,,702.2899780273438,,6.564000129699707,87.66999816894531
1996-10-25,17.290000915527344,,700.9199829101562,,6.53000020980835,87.62999725341797
1996-10-28,18.34000015258789,,697.260009765625,,6.543000221252441,87.62000274658203
1996-10-29,18.280000686645508,,701.5,,6.388000011444092,87.33999633789062
1996-10-30,18.479999542236328,,700.9000244140625,,6.383999824523926,87.11000061035156
1996-10-31,18.110000610351562,,705.27001953125,,6.348999977111816,87.43000030517578
1996-11-01,17.889999389648438,,703.77001953125,,6.361999988555908,87.18000030517578
1996-11-04,18.040000915527344,,706.72998046875,,6.341000080108643,87.06999969482422
1996-11-05,17.649999618530273,,714.1400146484375,,6.2729997634887695,87.33999633789062
1996-11-06,16.969999313354492,,724.5900268554688,,6.281000137329102,87.30999755859375
1996-11-07,17.209999084472656,,727.6500244140625,,6.243000030517578,86.94999694824219
1996-11-08,15.779999732971191,,730.8200073242188,,6.255000114440918,86.62999725341797
1996-11-11,14.039999961853027,,731.8699951171875,,6.255000114440918,86.29000091552734
1996-11-12,15.359999656677246,,729.5599975585938,,6.171000003814697,86.80999755859375
1996-11-13,14.890000343322754,,731.1300048828125,,6.188000202178955,86.62999725341797
1996-11-14,13.789999961853027,,735.8800048828125,,6.142000198364258,86.68000030517578
1996-11-15,14.359999656677246,,737.6199951171875,,6.166999816894531,86.69999694824219
1996-11-18,15.119999885559082,,737.02001953125,,6.183000087738037,86.45999908447266
1996-11-19,15.229999542236328,,742.1599731445312,,6.1539998054504395,86.54000091552734
1996-11-20,15.9399995803833,,743.9500122070312,,6.116000175476074,86.18000030517578
1996-11-21,15.770000457763672,,742.75,,6.119999885559082,86.13999938964844
1996-11-22,14.920000076293945,,748.72998046875,,6.127999782562256,86.55999755859375
1996-11-25,15.90999984741211,,757.030029296875,,6.114999771118164,87.26000213623047
1996-11-26,16.969999313354492,,755.9600219726562,,6.114999771118164,87.3499984741211
1996-11-27,16.959999084472656,,755.0,,6.11899995803833,87.51000213623047
1996-11-29,17.139999389648438,,757.02001953125,,6.039999961853027,87.91999816894531
1996-12-02,17.93000030517578,,756.5599975585938,,6.052000045776367,88.5999984741211
1996-12-03,18.68000030517578,,748.280029296875,,6.044000148773193,88.69000244140625
1996-12-04,17.93000030517578,,745.0999755859375,,6.0980000495910645,88.80999755859375
1996-12-05,18.139999389648438,,744.3800048828125,,6.206999778747559,88.52999877929688
1996-12-06,18.81999969482422,,739.5999755859375,,6.241000175476074,88.4800033569336
1996-12-09,17.75,,749.760009765625,,6.193999767303467,88.77999877929688
1996-12-10,17.8799991607666,,747.5399780273438,,6.203000068664551,88.66999816894531
1996-12-11,19.68000030517578,,740.72998046875,,6.3470001220703125,88.11000061035156
1996-12-12,20.450000762939453,,729.2999877929688,,6.376999855041504,88.25
1996-12-13,21.09000015258789,,728.6400146484375,,6.313000202178955,88.72000122070312
1996-12-16,21.989999771118164,,720.97998046875,,6.360000133514404,88.47000122070312
1996-12-17,20.770000457763672,,726.0399780273438,,6.394000053405762,88.4800033569336
1996-12-18,19.420000076293945,,731.5399780273438,,6.438000202178955,88.5999984741211
1996-12-19,18.770000457763672,,745.760009765625,,6.3379998207092285,88.83000183105469
1996-12-20,18.850000381469727,,748.8699951171875,,6.334000110626221,88.66999816894531
1996-12-23,19.5,,746.9199829101562,,6.324999809265137,88.69999694824219
1996-12-24,18.68000030517578,,751.030029296875,,6.329999923706055,88.80999755859375
1996-12-26,18.59000015258789,,755.8200073242188,,6.334000110626221,88.77999877929688
1996-12-27,19.1299991607666,,756.7899780273438,,6.2820000648498535,88.76000213623047
1996-12-30,19.510000228881836,,753.8499755859375,,6.285999774932861,88.86000061035156
1996-12-31,20.920000076293945,,740.739990234375,,6.4070000648498535,88.18000030517578
1997-01-02,21.139999389648438,,737.010009765625,,6.52400016784668,88.36000061035156
1997-01-03,19.1299991607666,,748.030029296875,,6.498000144958496,89.30000305175781
1997-01-06,19.889999389648438,,747.6500244140625,,6.519999980926514,89.11000061035156
1997-01-07,19.350000381469727,,753.22998046875,,6.554999828338623,89.0199966430664
1997-01-08,20.239999771118164,,748.4099731445312,,6.567999839782715,89.45999908447266
1997-01-09,20.90999984741211,,754.8499755859375,,6.506999969482422,89.5
1997-01-10,19.6299991607666,,759.5,,6.607999801635742,89.77999877929688
1997-01-13,19.84000015258789,,759.510009765625,,6.604000091552734,89.94999694824219
1997-01-14,19.270000457763672,,768.8599853515625,,6.511000156402588,90.31999969482422
1997-01-15,19.399999618530273,,767.2000122070312,,6.511000156402588,89.91000366210938
1997-01-16,19.610000610351562,,769.75,,6.559999942779541,90.0999984741211
1997-01-17,18.6299991607666,,776.1699829101562,,6.5289998054504395,90.86000061035156
1997-01-20,18.600000381469727,,776.7000122070312,,6.5289998054504395,91.55000305175781
1997-01-21,17.809999465942383,,782.719970703125,,6.49399995803833,91.62000274658203
1997-01-22,17.09000015258789,,786.22998046875,,6.5289998054504395,92.47000122070312
1997-01-23,18.469999313354492,,777.5599975585938,,6.564000129699707,92.55999755859375
1997-01-24,19.329999923706055,,770.52001953125,,6.61299991607666,92.12000274658203
1997-01-27,20.15999984741211,,765.02001953125,,6.6570000648498535,92.7699966430664
1997-01-28,20.739999771118164,,765.02001953125,,6.622000217437744,93.16000366210938
1997-01-29,20.229999542236328,,772.5,,6.604000091552734,93.0199966430664
1997-01-30,19.469999313354492,,784.1699829101562,,6.581999778747559,92.83000183105469
1997-01-31,19.469999313354492,,786.1599731445312,,6.502999782562256,93.04000091552734
1997-02-03,19.579999923706055,,786.72998046875,,6.436999797821045,93.08999633789062
1997-02-04,19.43000030517578,,789.260009765625,,6.427999973297119,93.23999786376953
1997-02-05,21.059999465942383,,778.280029296875,,6.436999797821045,93.31999969482422
1997-02-06,20.15999984741211,,780.1500244140625,,6.453999996185303,93.47000122070312
1997-02-07,18.899999618530273,,789.5599975585938,,6.39300012588501,93.68000030517578
1997-02-10,20.649999618530273,,785.4299926757812,,6.3979997634887695,93.5199966430664
1997-02-11,19.969999313354492,,789.5900268554688,,6.4019999504089355,94.25
1997-02-12,19.479999542236328,,802.77001953125,,6.414999961853027,94.70999908447266
1997-02-13,19.229999542236328,,811.8200073242188,,6.309999942779541,94.80000305175781
1997-02-14,19.18000030517578,,808.47998046875,,6.263000011444092,94.91000366210938
1997-02-18,19.700000762939453,,816.2899780273438,,6.267000198364258,95.08999633789062
1997-02-19,20.610000610351562,,812.489990234375,,6.283999919891357,95.52999877929688
1997-02-20,21.40999984741211,,802.7999877929688,,6.340000152587891,94.91000366210938
1997-02-21,20.549999237060547,,801.77001953125,,6.3480000495910645,95.04000091552734
1997-02-24,19.84000015258789,,810.280029296875,,6.377999782562256,94.29000091552734
1997-02-25,19.979999542236328,,812.030029296875,,6.382999897003174,94.26000213623047
1997-02-26,20.739999771118164,,805.6799926757812,,6.552000045776367,94.94000244140625
1997-02-27,21.079999923706055,,795.0700073242188,,6.560999870300293,94.87000274658203
1997-02-28,21.100000381469727,,790.8200073242188,,6.534999847412109,94.88999938964844
1997-03-03,20.889999389648438,,795.3099975585938,,6.557000160217285,95.38999938964844
1997-03-04,20.6200008392334,,790.9500122070312,,6.583000183105469,96.08000183105469
1997-03-05,19.489999771118164,,801.989990234375,,6.578999996185303,95.91999816894531
1997-03-06,20.479999542236328,,798.5599975585938,,6.605000019073486,95.9000015258789
1997-03-07,19.31999969482422,,804.969970703125,,6.552000045776367,96.12000274658203
1997-03-10,19.0,,813.6500244140625,,6.547999858856201,95.58000183105469
1997-03-11,19.25,,811.3400268554688,,6.557000160217285,95.66999816894531
1997-03-12,19.610000610351562,,804.260009765625,,6.583000183105469,95.41999816894531
1997-03-13,19.790000915527344,,789.5599975585938,,6.711999893188477,96.0199966430664
1997-03-14,19.809999465942383,,793.1699829101562,,6.684999942779541,95.58000183105469
1997-03-17,20.950000762939453,,795.7100219726562,,6.698999881744385,95.68000030517578
1997-03-18,21.260000228881836,,789.6599731445312,,6.711999893188477,94.9800033569336
1997-03-19,21.739999771118164,,785.77001953125,,6.72599983215332,95.19999694824219
1997-03-20,21.219999313354492,,782.6500244140625,,6.72599983215332,95.69999694824219
1997-03-21,19.690000534057617,,784.0999755859375,,6.730000019073486,95.27999877929688
1997-03-24,20.059999465942383,,790.8900146484375,,6.708000183105469,95.25
1997-03-25,19.260000228881836,,789.0700073242188,,6.748000144958496,95.4800033569336
1997-03-26,18.31999969482422,,790.5,,6.783999919891357,95.33000183105469
1997-03-27,20.5,,773.8800048828125,,6.883999824523926,94.69000244140625
1997-03-31,22.139999389648438,,757.1199951171875,,6.9070000648498535,94.72000122070312
1997-04-01,20.84000015258789,,759.6400146484375,,6.880000114440918,94.08999633789062
1997-04-02,21.299999237060547,,750.1099853515625,,6.861999988555908,94.75
1997-04-03,21.190000534057617,,750.3200073242188,,6.853000164031982,94.30000305175781
1997-04-04,19.229999542236328,,757.9000244140625,,6.9079999923706055,95.12000274658203
1997-04-07,18.510000228881836,,762.1300048828125,,6.857999801635742,96.1500015258789
1997-04-08,18.440000534057617,,766.1199951171875,,6.889999866485596,96.3499984741211
1997-04-09,18.559999465942383,,760.5999755859375,,6.889999866485596,96.91999816894531
1997-04-10,19.010000228881836,,758.3400268554688,,6.894000053405762,96.54000091552734
1997-04-11,19.760000228881836,,737.6500244140625,,6.9629998207092285,96.56999969482422
1997-04-14,19.09000015258789,,743.72998046875,,6.964000225067139,96.94000244140625
1997-04-15,18.25,,754.719970703125,,6.868000030517578,96.72000122070312
1997-04-16,17.639999389648438,,763.530029296875,,6.886000156402588,96.8499984741211
1997-04-17,18.709999084472656,,761.77001953125,,6.84499979019165,96.69999694824219
1997-04-18,18.75,,766.3400268554688,,6.822999954223633,96.29000091552734
1997-04-21,20.100000381469727,,760.3699951171875,,6.859000205993652,95.80000305175781
1997-04-22,19.520000457763672,,774.6099853515625,,6.828000068664551,96.5199966430664
1997-04-23,20.479999542236328,,773.6400146484375,,6.86899995803833,96.44000244140625
1997-04-24,20.829999923706055,,771.1799926757812,,6.909999847412109,96.5
1997-04-25,21.149999618530273,,765.3699951171875,,6.927999973297119,97.04000091552734
1997-04-28,21.34000015258789,,772.9600219726562,,6.901000022888184,97.30999755859375
1997-04-29,19.809999465942383,,794.0499877929688,,6.750999927520752,96.91000366210938
1997-04-30,20.059999465942383,,801.3400268554688,,6.702000141143799,97.18000030517578
1997-05-01,19.8700008392334,,798.530029296875,,6.679999828338623,96.80999755859375
1997-05-02,17.510000228881836,,812.969970703125,,6.665999889373779,97.04000091552734
1997-05-05,20.1299991607666,,830.2899780273438,,6.6529998779296875,97.16000366210938
1997-05-06,20.850000381469727,,827.760009765625,,6.64900016784668,96.51000213623047
1997-05-07,21.34000015258789,,815.6199951171875,,6.724999904632568,96.51000213623047
1997-05-08,21.260000228881836,,820.260009765625,,6.706999778747559,95.94000244140625
1997-05-09,20.110000610351562,,824.780029296875,,6.651000022888184,94.9000015258789
1997-05-12,20.25,,837.6599731445312,,6.633999824523926,95.45999908447266
1997-05-13,20.809999465942383,,833.1300048828125,,6.698999881744385,94.87999725341797
1997-05-14,21.09000015258789,,836.0399780273438,,6.672999858856201,94.5
1997-05-15,19.90999984741211,,841.8800048828125,,6.65500020980835,94.37999725341797
1997-05-16,21.56999969482422,,829.75,,6.690000057220459,94.26000213623047
1997-05-19,21.479999542236328,,833.27001953125,,6.693999767303467,94.68000030517578
1997-05-20,19.260000228881836,,841.6599731445312,,6.690000057220459,93.26000213623047
1997-05-21,19.280000686645508,,839.3499755859375,,6.724999904632568,94.01000213623047
1997-05-22,18.770000457763672,,835.6599731445312,,6.742000102996826,94.36000061035156
1997-05-23,18.079999923706055,,847.030029296875,,6.729000091552734,94.23999786376953
1997-05-27,19.360000610351562,,849.7100219726562,,6.7820000648498535,94.97000122070312
1997-05-28,19.280000686645508,,847.2100219726562,,6.7820000648498535,94.55999755859375
1997-05-29,19.020000457763672,,844.0800170898438,,6.73799991607666,94.6500015258789
1997-05-30,19.190000534057617,,848.280029296875,,6.663000106811523,94.8499984741211
1997-06-02,20.850000381469727,,846.3599853515625,,6.645999908447266,95.7300033569336
1997-06-03,20.010000228881836,,845.47998046875,,6.616000175476074,95.5199966430664
1997-06-04,20.100000381469727,,840.1099853515625,,6.611000061035156,95.7300033569336
1997-06-05,20.360000610351562,,843.4299926757812,,6.60699987411499,95.58000183105469
1997-06-06,18.940000534057617,,858.010009765625,,6.489999771118164,95.5199966430664
1997-06-09,19.459999084472656,,862.9099731445312,,6.538000106811523,94.69999694824219
1997-06-10,19.040000915527344,,865.27001953125,,6.550000190734863,94.9800033569336
1997-06-11,18.850000381469727,,869.5700073242188,,6.541999816894531,94.69999694824219
1997-06-12,18.510000228881836,,883.4600219726562,,6.464000225067139,95.4800033569336
1997-06-13,19.270000457763672,,893.27001953125,,6.413000106811523,95.79000091552734
1997-06-16,19.770000457763672,,893.9000244140625,,6.38700008392334,95.43000030517578
1997-06-17,20.170000076293945,,894.4199829101562,,6.413000106811523,95.41000366210938
1997-06-18,20.450000762939453,,889.0599975585938,,6.382999897003174,95.51000213623047
1997-06-19,20.100000381469727,,897.989990234375,,6.382999897003174,95.06999969482422
1997-06-20,20.200000762939453,,898.7000122070312,,6.35699987411499,95.30000305175781
1997-06-23,21.190000534057617,,878.6199951171875,,6.390999794006348,94.88999938964844
1997-06-24,20.739999771118164,,896.3400268554688,,6.39900016784668,95.18000030517578
1997-06-25,21.5,,888.989990234375,,6.434000015258789,95.0199966430664
1997-06-26,21.81999969482422,,883.6799926757812,,6.480999946594238,94.94000244140625
1997-06-27,21.219999313354492,,887.2999877929688,,6.446000099182129,95.55000305175781
1997-06-30,21.530000686645508,,885.1400146484375,,6.501999855041504,95.66999816894531
1997-07-01,21.0,,891.030029296875,,6.438000202178955,95.8499984741211
1997-07-02,19.700000762939453,,904.030029296875,,6.4029998779296875,95.86000061035156
1997-07-03,17.81999969482422,,916.9199829101562,,6.288000106811523,95.56999969482422
1997-07-07,19.1299991607666,,912.2000122070312,,6.25,95.48999786376953
1997-07-08,18.760000228881836,,918.75,,6.257999897003174,95.83999633789062
1997-07-09,20.399999618530273,,907.5399780273438,,6.232999801635742,95.8499984741211
1997-07-10,19.920000076293945,,913.780029296875,,6.241000175476074,95.58000183105469
1997-07-11,19.059999465942383,,916.6799926757812,,6.21999979019165,96.31999969482422
1997-07-14,19.579999923706055,,918.3800048828125,,6.236999988555908,97.1500015258789
1997-07-15,19.0,,925.760009765625,,6.244999885559082,97.26000213623047
1997-07-16,19.360000610351562,,936.5900268554688,,6.182000160217285,97.2300033569336
1997-07-17,20.540000915527344,,931.6099853515625,,6.181000232696533,97.47000122070312
1997-07-18,22.280000686645508,,915.2999877929688,,6.23199987411499,97.3499984741211
1997-07-21,23.510000228881836,,912.9400024414062,,6.252999782562256,97.44999694824219
1997-07-22,21.770000457763672,,933.97998046875,,6.14300012588501,98.19000244140625
1997-07-23,21.299999237060547,,936.5599975585938,,6.122000217437744,98.4000015258789
1997-07-24,20.959999084472656,,940.2999877929688,,6.135000228881836,98.87000274658203
1997-07-25,20.81999969482422,,938.7899780273438,,6.164000034332275,99.12999725341797
1997-07-28,21.84000015258789,,936.4500122070312,,6.138000011444092,99.66000366210938
1997-07-29,22.020000457763672,,942.2899780273438,,6.0879998207092285,99.62000274658203
1997-07-30,21.389999389648438,,952.2899780273438,,6.041999816894531,99.55999755859375
1997-07-31,21.479999542236328,,954.3099975585938,,6.004000186920166,99.63999938964844
1997-08-01,22.290000915527344,,947.1400146484375,,6.179999828338623,100.41999816894531
1997-08-04,21.940000534057617,,950.2999877929688,,6.214000225067139,100.61000061035156
1997-08-05,20.639999389648438,,952.3699951171875,,6.2220001220703125,101.16999816894531
1997-08-06,20.049999237060547,,960.3200073242188,,6.204999923706055,101.38999938964844
1997-08-07,19.770000457763672,,951.1900024414062,,6.2230000495910645,101.02999877929688
1997-08-08,22.459999084472656,,933.5399780273438,,6.363999843597412,99.80000305175781
1997-08-11,22.770000457763672,,937.0,,6.35099983215332,100.41000366210938
1997-08-12,23.75,,926.530029296875,,6.373000144958496,100.76000213623047
1997-08-13,24.520000457763672,,922.02001953125,,6.3429999351501465,99.66999816894531
1997-08-14,23.110000610351562,,924.77001953125,,6.261000156402588,100.05000305175781
1997-08-15,24.450000762939453,,900.8099975585938,,6.248000144958496,99.33999633789062
1997-08-18,24.3700008392334,,912.489990234375,,6.201000213623047,99.38999938964844
1997-08-19,22.639999389648438,,926.010009765625,,6.204999923706055,99.88999938964844
1997-08-20,21.09000015258789,,939.3499755859375,,6.2270002365112305,100.47000122070312
1997-08-21,23.829999923706055,,925.0499877929688,,6.290999889373779,99.81999969482422
1997-08-22,24.739999771118164,,923.5399780273438,,6.363999843597412,99.05999755859375
1997-08-25,24.100000381469727,,920.1599731445312,,6.381999969482422,99.26000213623047
1997-08-26,24.729999542236328,,913.02001953125,,6.373000144958496,98.36000061035156
1997-08-27,24.260000228881836,,913.7000122070312,,6.36899995803833,98.5999984741211
1997-08-28,24.510000228881836,,903.6699829101562,,6.290999889373779,98.36000061035156
1997-08-29,24.760000228881836,,899.469970703125,,6.329999923706055,99.0
1997-09-02,24.530000686645508,,927.5800170898438,,6.295000076293945,100.06999969482422
1997-09-03,24.950000762939453,,927.8599853515625,,6.303999900817871,99.5999984741211
1997-09-04,25.270000457763672,,930.8699951171875,,6.316999912261963,99.47000122070312
1997-09-05,24.309999465942383,,929.0499877929688,,6.3429999351501465,98.77999877929688
1997-09-08,24.399999618530273,,931.2000122070312,,6.316999912261963,99.06999969482422
1997-09-09,23.889999389648438,,933.6199951171875,,6.326000213623047,99.05000305175781
1997-09-10,24.639999389648438,,919.030029296875,,6.3429999351501465,98.70999908447266
1997-09-11,25.989999771118164,,912.5900268554688,,6.373000144958496,97.98999786376953
1997-09-12,25.170000076293945,,923.9099731445312,,6.2779998779296875,97.7300033569336
1997-09-15,25.739999771118164,,919.77001953125,,6.264999866485596,97.27999877929688
1997-09-16,23.770000457763672,,945.6400146484375,,6.093999862670898,97.68000030517578
1997-09-17,24.100000381469727,,943.0,,6.085999965667725,97.69999694824219
1997-09-18,23.479999542236328,,947.2899780273438,,6.090000152587891,97.98999786376953
1997-09-19,22.739999771118164,,950.510009765625,,6.077000141143799,97.87000274658203
1997-09-22,22.079999923706055,,955.4299926757812,,6.047999858856201,98.43000030517578
1997-09-23,22.0,,951.9299926757812,,6.080999851226807,98.38999938964844
1997-09-24,22.639999389648438,,944.47998046875,,6.034999847412109,97.48999786376953
1997-09-25,22.959999084472656,,937.9099731445312,,6.114999771118164,97.04000091552734
1997-09-26,22.260000228881836,,945.219970703125,,6.072999954223633,97.25
1997-09-29,22.229999542236328,,953.3400268554688,,6.080999851226807,97.26000213623047
1997-09-30,22.90999984741211,,947.280029296875,,6.10699987411499,97.11000061035156
1997-10-01,22.31999969482422,,955.4099731445312,,6.026000022888184,97.5999984741211
1997-10-02,22.270000457763672,,960.4600219726562,,6.000999927520752,97.63999938964844
1997-10-03,21.540000915527344,,965.030029296875,,5.995999813079834,97.1500015258789
1997-10-06,21.610000610351562,,972.6900024414062,,5.953999996185303,97.12000274658203
1997-10-07,20.290000915527344,,983.1199951171875,,5.925000190734863,97.12999725341797
1997-10-08,20.770000457763672,,973.8400268554688,,6.072999954223633,96.69000244140625
1997-10-09,22.309999465942383,,970.6199951171875,,6.080999851226807,96.61000061035156
1997-10-10,19.75,,966.97998046875,,6.136000156402588,96.66000366210938
1997-10-13,20.260000228881836,,968.0999755859375,,6.136000156402588,96.7699966430664
1997-10-14,19.989999771118164,,970.280029296875,,6.059999942779541,96.94999694824219
1997-10-15,20.049999237060547,,965.719970703125,,6.093999862670898,96.83000183105469
1997-10-16,20.530000686645508,,955.25,,6.080999851226807,96.48999786376953
1997-10-17,21.690000534057617,,944.1599731445312,,6.144999980926514,97.5199966430664
1997-10-20,20.719999313354492,,955.6099853515625,,6.131999969482422,97.48999786376953
1997-10-21,19.530000686645508,,972.280029296875,,6.127999782562256,98.0999984741211
1997-10-22,19.860000610351562,,968.489990234375,,6.114999771118164,97.9800033569336
1997-10-23,22.989999771118164,,950.6900024414062,,6.017000198364258,97.44000244140625
1997-10-24,23.170000076293945,,941.6400146484375,,6.0,97.7300033569336
1997-10-27,31.1200008392334,,876.989990234375,,5.89900016784668,97.01000213623047
1997-10-28,31.219999313354492,,921.8499755859375,,5.966000080108643,96.05000305175781
1997-10-29,33.75,,919.1599731445312,,5.9029998779296875,95.7699966430664
1997-10-30,38.20000076293945,,903.6799926757812,,5.835999965667725,95.45999908447266
1997-10-31,35.09000015258789,,914.6199951171875,,5.818999767303467,95.63999938964844
1997-11-03,32.09000015258789,,938.989990234375,,5.894000053405762,96.06999969482422
1997-11-04,32.2400016784668,,940.760009765625,,5.935999870300293,95.54000091552734
1997-11-05,32.18000030517578,,942.760009765625,,5.932000160217285,95.51000213623047
1997-11-06,32.56999969482422,,938.030029296875,,5.888999938964844,95.66999816894531
1997-11-07,36.27000045776367,,927.510009765625,,5.885000228881836,95.16999816894531
1997-11-10,36.630001068115234,,921.1300048828125,,5.906000137329102,95.19999694824219
1997-11-11,36.380001068115234,,923.780029296875,,5.906000137329102,95.29000091552734
1997-11-12,37.84000015258789,,905.9600219726562,,5.885000228881836,95.76000213623047
1997-11-13,36.63999938964844,,916.6599731445312,,5.860000133514404,96.0
1997-11-14,33.65999984741211,,928.3499755859375,,5.8470001220703125,96.0999984741211
1997-11-17,31.579999923706055,,946.2000122070312,,5.834000110626221,96.19000244140625
1997-11-18,31.549999237060547,,938.22998046875,,5.834000110626221,96.19000244140625
1997-11-19,29.93000030517578,,944.5900268554688,,5.801000118255615,96.38999938964844
1997-11-20,27.31999969482422,,958.97998046875,,5.826000213623047,96.72000122070312
1997-11-21,26.649999618530273,,963.0900268554688,,5.804999828338623,96.56999969482422
1997-11-24,29.799999237060547,,946.6699829101562,,5.85099983215332,96.68000030517578
1997-11-25,28.950000762939453,,950.8200073242188,,5.8379998207092285,97.2300033569336
1997-11-26,28.950000762939453,,951.6400146484375,,5.85099983215332,97.63999938964844
1997-11-28,27.43000030517578,,955.4000244140625,,5.85099983215332,97.79000091552734
1997-12-01,26.010000228881836,,974.77001953125,,5.8460001945495605,98.4000015258789
1997-12-02,25.65999984741211,,971.6799926757812,,5.8460001945495605,98.31999969482422
1997-12-03,23.920000076293945,,976.77001953125,,5.824999809265137,98.0999984741211
1997-12-04,23.84000015258789,,973.0999755859375,,5.834000110626221,98.3499984741211
1997-12-05,22.649999618530273,,983.7899780273438,,5.892000198364258,98.87999725341797
1997-12-08,23.219999313354492,,982.3699951171875,,5.942999839782715,99.23999786376953
1997-12-09,23.360000610351562,,975.780029296875,,5.939000129699707,99.16000366210938
1997-12-10,24.549999237060547,,969.7899780273438,,5.892000198364258,98.9800033569336
1997-12-11,27.6299991607666,,954.9400024414062,,5.811999797821045,98.18000030517578
1997-12-12,27.920000076293945,,953.3900146484375,,5.73199987411499,98.7300033569336
1997-12-15,27.3700008392334,,963.3900146484375,,5.765999794006348,98.76000213623047
1997-12-16,26.110000610351562,,968.0399780273438,,5.761000156402588,99.05999755859375
1997-12-17,26.329999923706055,,965.5399780273438,,5.790999889373779,98.27999877929688
1997-12-18,27.190000534057617,,955.2999877929688,,5.749000072479248,98.47000122070312
1997-12-19,29.18000030517578,,946.780029296875,,5.710999965667725,98.44000244140625
1997-12-22,28.559999465942383,,953.7000122070312,,5.710999965667725,98.83000183105469
1997-12-23,29.860000610351562,,939.1300048828125,,5.718999862670898,98.56999969482422
1997-12-24,30.270000457763672,,932.7000122070312,,5.7270002365112305,98.51000213623047
1997-12-26,29.270000457763672,,936.4600219726562,,5.735000133514404,98.54000091552734
1997-12-29,26.790000915527344,,953.3499755859375,,5.748000144958496,99.0999984741211
1997-12-30,24.3799991607666,,970.8400268554688,,5.785999774932861,99.27999877929688
1997-12-31,24.010000228881836,,970.4299926757812,,5.738999843597412,99.6500015258789
1998-01-02,23.420000076293945,,975.0399780273438,,5.65500020980835,100.0999984741211
1998-01-05,24.360000610351562,,977.0700073242188,,5.498000144958496,101.05999755859375
1998-01-06,25.65999984741211,,966.5800170898438,,5.4730000495910645,101.4000015258789
1998-01-07,25.06999969482422,,964.0,,5.5269999504089355,100.63999938964844
1998-01-08,26.010000228881836,,956.0499877929688,,5.465000152587891,101.0199966430664
1998-01-09,28.690000534057617,,927.6900024414062,,5.379000186920166,100.93000030517578
1998-01-12,28.020000457763672,,939.2100219726562,,5.369999885559082,100.93000030517578
1998-01-13,25.170000076293945,,952.1199951171875,,5.39900016784668,100.70999908447266
1998-01-14,23.75,,957.9400024414062,,5.439000129699707,100.73999786376953
1998-01-15,23.450000762939453,,950.72998046875,,5.460000038146973,100.9800033569336
1998-01-16,21.649999618530273,,961.510009765625,,5.513000011444092,100.91999816894531
1998-01-20,21.649999618530273,,978.5999755859375,,5.546000003814697,101.19999694824219
1998-01-21,22.530000686645508,,970.8099975585938,,5.525000095367432,100.23999786376953
1998-01-22,23.15999984741211,,963.0399780273438,,5.5329999923706055,99.76000213623047
1998-01-23,23.31999969482422,,957.5900268554688,,5.683000087738037,98.44000244140625
1998-01-26,23.969999313354492,,956.9500122070312,,5.616000175476074,99.16000366210938
1998-01-27,22.270000457763672,,969.02001953125,,5.683000087738037,99.06999969482422
1998-01-28,22.059999465942383,,977.4600219726562,,5.678999900817871,99.81999969482422
1998-01-29,21.649999618530273,,985.489990234375,,5.557000160217285,100.58000183105469
1998-01-30,21.469999313354492,,980.280029296875,,5.51200008392334,100.79000091552734
1998-02-02,21.360000610351562,,1001.27001953125,,5.557000160217285,100.2699966430664
1998-02-03,20.670000076293945,,1006.0,,5.545000076293945,99.86000061035156
1998-02-04,20.549999237060547,,1006.9000244140625,,5.548999786376953,99.13999938964844
1998-02-05,21.290000915527344,,1003.5399780273438,,5.598999977111816,98.55000305175781
1998-02-06,20.510000228881836,,1012.4600219726562,,5.6020002365112305,99.51000213623047
1998-02-09,21.549999237060547,,1010.739990234375,,5.639999866485596,99.93000030517578
1998-02-10,20.65999984741211,,1019.010009765625,,5.623000144958496,99.56999969482422
1998-02-11,20.3799991607666,,1020.010009765625,,5.572999954223633,99.83999633789062
1998-02-12,19.729999542236328,,1024.1400146484375,,5.525000095367432,99.62000274658203
1998-02-13,19.84000015258789,,1020.0900268554688,,5.474999904632568,100.12000274658203
1998-02-17,20.760000228881836,,1022.760009765625,,5.429999828338623,100.51000213623047
1998-02-18,19.65999984741211,,1032.0799560546875,,5.474999904632568,100.16999816894531
1998-02-19,19.8799991607666,,1028.280029296875,,5.495999813079834,100.0
1998-02-20,19.0,,1034.2099609375,,5.52400016784668,100.31999969482422
1998-02-23,18.989999771118164,,1038.1400146484375,,5.570000171661377,99.31999969482422
1998-02-24,19.350000381469727,,1030.56005859375,,5.673999786376953,99.3499984741211
1998-02-25,18.6200008392334,,1042.9000244140625,,5.616000175476074,100.30999755859375
1998-02-26,18.6299991607666,,1048.6700439453125,,5.640999794006348,99.94000244140625
1998-02-27,18.549999237060547,,1049.3399658203125,,5.616000175476074,99.81999969482422
1998-03-02,19.190000534057617,,1047.699951171875,,5.703000068664551,99.58000183105469
1998-03-03,19.040000915527344,,1052.02001953125,,5.754000186920166,99.55000305175781
1998-03-04,19.579999923706055,,1047.3299560546875,,5.75,99.97000122070312
1998-03-05,20.93000030517578,,1035.050048828125,,5.767000198364258,100.83000183105469
1998-03-06,19.139999389648438,,1055.68994140625,,5.711999893188477,100.72000122070312
1998-03-09,20.229999542236328,,1052.31005859375,,5.6570000648498535,100.43000030517578
1998-03-10,19.43000030517578,,1064.25,,5.6529998779296875,100.4000015258789
1998-03-11,18.889999389648438,,1068.469970703125,,5.616000175476074,100.58000183105469
1998-03-12,18.25,,1069.9200439453125,,5.552999973297119,100.38999938964844
1998-03-13,18.709999084472656,,1068.6099853515625,,5.570000171661377,99.87000274658203
1998-03-16,18.510000228881836,,1079.27001953125,,5.5279998779296875,100.04000091552734
1998-03-17,18.65999984741211,,1080.449951171875,,5.548999786376953,100.05000305175781
1998-03-18,18.290000915527344,,1085.52001953125,,5.560999870300293,100.37999725341797
1998-03-19,17.760000228881836,,1089.739990234375,,5.573999881744385,100.7699966430664
1998-03-20,18.690000534057617,,1099.1600341796875,,5.560999870300293,100.56999969482422
1998-03-23,19.979999542236328,,1095.550048828125,,5.560999870300293,100.3499984741211
1998-03-24,20.510000228881836,,1105.6500244140625,,5.560999870300293,100.4000015258789
1998-03-25,22.540000915527344,,1101.9300537109375,,5.624000072479248,100.19999694824219
1998-03-26,22.809999465942383,,1100.800048828125,,5.6579999923706055,99.7699966430664
1998-03-27,23.469999313354492,,1095.43994140625,,5.670000076293945,100.30999755859375
1998-03-30,24.65999984741211,,1093.5999755859375,,5.703999996185303,101.33999633789062
1998-03-31,24.219999313354492,,1101.75,,5.6620001792907715,101.5
1998-04-01,23.3700008392334,,1108.1500244140625,,5.603000164031982,101.70999908447266
1998-04-02,21.979999542236328,,1120.010009765625,,5.545000076293945,101.83999633789062
1998-04-03,21.81999969482422,,1122.699951171875,,5.453000068664551,101.80000305175781
1998-04-06,22.469999313354492,,1121.3800048828125,,5.494999885559082,101.5
1998-04-07,23.65999984741211,,1109.550048828125,,5.515999794006348,101.22000122070312
1998-04-08,23.170000076293945,,1101.6500244140625,,5.570000171661377,100.0999984741211
1998-04-09,21.510000228881836,,1110.6700439453125,,5.573999881744385,100.3499984741211
1998-04-13,22.770000457763672,,1109.68994140625,,5.64900016784668,100.44000244140625
1998-04-14,21.610000610351562,,1115.75,,5.616000175476074,99.51000213623047
1998-04-15,20.889999389648438,,1119.3199462890625,,5.59499979019165,99.58999633789062
1998-04-16,22.059999465942383,,1108.1700439453125,,5.573999881744385,99.80999755859375
1998-04-17,20.760000228881836,,1122.719970703125,,5.578000068664551,99.91999816894531
1998-04-20,20.389999389648438,,1123.6500244140625,,5.629000186920166,99.73999786376953
1998-04-21,19.90999984741211,,1126.6700439453125,,5.666999816894531,99.22000122070312
1998-04-22,19.440000534057617,,1130.5400390625,,5.671000003814697,99.27999877929688
1998-04-23,20.600000381469727,,1119.5799560546875,,5.675000190734863,99.55999755859375
1998-04-24,21.969999313354492,,1107.9000244140625,,5.6539998054504395,99.37999725341797
1998-04-27,26.09000015258789,,1086.5400390625,,5.789999961853027,99.33999633789062
1998-04-28,24.170000076293945,,1085.1099853515625,,5.794000148773193,99.62000274658203
1998-04-29,22.780000686645508,,1094.6199951171875,,5.798999786376953,99.7300033569336
1998-04-30,21.18000030517578,,1111.75,,5.666999816894531,99.70999908447266
1998-05-01,19.34000015258789,,1121.0,,5.6539998054504395,99.22000122070312
1998-05-04,20.31999969482422,,1122.0699462890625,,5.6539998054504395,99.23999786376953
1998-05-05,21.459999084472656,,1115.5,,5.684000015258789,98.63999938964844
1998-05-06,22.790000915527344,,1104.9200439453125,,5.658999919891357,98.80000305175781
1998-05-07,23.389999389648438,,1095.1400146484375,,5.658999919891357,98.88999938964844
1998-05-08,20.56999969482422,,1108.1400146484375,,5.697000026702881,99.05000305175781
1998-05-11,21.049999237060547,,1106.6400146484375,,5.769000053405762,99.30999755859375
1998-05-12,20.979999542236328,,1115.7900390625,,5.688000202178955,99.38999938964844
1998-05-13,20.440000534057617,,1118.8599853515625,,5.666999816894531,99.58999633789062
1998-05-14,19.639999389648438,,1117.3699951171875,,5.665999889373779,99.5999984741211
1998-05-15,20.440000534057617,,1108.72998046875,,5.670000076293945,99.91999816894531
1998-05-18,21.690000534057617,,1105.8199462890625,,5.629000186920166,100.16999816894531
1998-05-19,20.389999389648438,,1109.52001953125,,5.645999908447266,100.11000061035156
1998-05-20,19.889999389648438,,1119.06005859375,,5.599999904632568,99.5
1998-05-21,19.3799991607666,,1114.6400146484375,,5.640999794006348,98.88999938964844
1998-05-22,18.989999771118164,,1110.469970703125,,5.625,99.08000183105469
1998-05-26,22.06999969482422,,1094.02001953125,,5.574999809265137,99.7300033569336
1998-05-27,22.59000015258789,,1092.22998046875,,5.546000003814697,100.1500015258789
1998-05-28,20.739999771118164,,1097.5999755859375,,5.571000099182129,100.25
1998-05-29,21.31999969482422,,1090.8199462890625,,5.546000003814697,100.44999694824219
1998-06-01,22.829999923706055,,1090.97998046875,,5.520999908447266,100.19000244140625
1998-06-02,22.0,,1093.219970703125,,5.550000190734863,100.13999938964844
1998-06-03,22.850000381469727,,1082.72998046875,,5.558000087738037,99.80000305175781
1998-06-04,21.219999313354492,,1094.8299560546875,,5.583000183105469,99.55000305175781
1998-06-05,19.780000686645508,,1113.8599853515625,,5.571000099182129,100.13999938964844
1998-06-08,20.579999923706055,,1115.719970703125,,5.574999809265137,100.4000015258789
1998-06-09,20.520000457763672,,1118.4100341796875,,5.574999809265137,100.38999938964844
1998-06-10,21.479999542236328,,1112.280029296875,,5.500999927520752,101.19999694824219
1998-06-11,23.56999969482422,,1094.5799560546875,,5.431000232696533,101.94000244140625
1998-06-12,22.780000686645508,,1098.8399658203125,,5.409999847412109,101.88999938964844
1998-06-15,25.940000534057617,,1077.010009765625,,5.369999885559082,102.23999786376953
1998-06-16,24.799999237060547,,1087.5899658203125,,5.431000232696533,101.31999969482422
1998-06-17,22.889999389648438,,1107.1099853515625,,5.5289998054504395,100.04000091552734
1998-06-18,22.399999618530273,,1106.3699951171875,,5.492000102996826,100.52999877929688
1998-06-19,21.920000076293945,,1100.6500244140625,,5.459000110626221,100.12000274658203
1998-06-22,21.940000534057617,,1103.2099609375,,5.451000213623047,100.51000213623047
1998-06-23,20.170000076293945,,1119.489990234375,,5.438000202178955,100.87000274658203
1998-06-24,20.020000457763672,,1132.8800048828125,,5.451000213623047,101.12000274658203
1998-06-25,20.25,,1129.280029296875,,5.459000110626221,101.12000274658203
1998-06-26,19.360000610351562,,1133.199951171875,,5.441999912261963,101.58999633789062
1998-06-29,19.56999969482422,,1138.489990234375,,5.459000110626221,101.63999938964844
1998-06-30,19.709999084472656,,1133.8399658203125,,5.434000015258789,101.16999816894531
1998-07-01,18.0,,1148.56005859375,,5.426000118255615,101.45999908447266
1998-07-02,17.670000076293945,,1146.4200439453125,,5.401000022888184,101.9800033569336
1998-07-06,18.6299991607666,,1157.3299560546875,,5.38100004196167,101.75
1998-07-07,18.6200008392334,,1154.6600341796875,,5.40500020980835,101.66999816894531
1998-07-08,17.81999969482422,,1166.3800048828125,,5.421000003814697,101.81999969482422
1998-07-09,18.15999984741211,,1158.56005859375,,5.39300012588501,102.45999908447266
1998-07-10,17.920000076293945,,1164.3299560546875,,5.40500020980835,102.08999633789062
1998-07-13,18.260000228881836,,1165.18994140625,,5.449999809265137,101.51000213623047
1998-07-14,17.8799991607666,,1177.5799560546875,,5.473999977111816,101.4800033569336
1998-07-15,17.889999389648438,,1174.81005859375,,5.46999979019165,101.37000274658203
1998-07-16,16.969999313354492,,1183.989990234375,,5.486999988555908,100.81999969482422
1998-07-17,16.229999542236328,,1186.75,,5.499000072479248,100.58000183105469
1998-07-20,17.34000015258789,,1184.0999755859375,,5.466000080108643,100.47000122070312
1998-07-21,20.100000381469727,,1165.0699462890625,,5.436999797821045,100.94000244140625
1998-07-22,20.31999969482422,,1164.0799560546875,,5.445000171661377,101.0999984741211
1998-07-23,23.010000228881836,,1139.75,,5.428999900817871,100.97000122070312
1998-07-24,23.010000228881836,,1140.800048828125,,5.440999984741211,100.69999694824219
1998-07-27,23.1299991607666,,1147.27001953125,,5.453000068664551,101.0199966430664
1998-07-28,25.25,,1130.239990234375,,5.478000164031982,100.36000061035156
1998-07-29,24.790000915527344,,1125.2099609375,,5.511000156402588,100.55999755859375
1998-07-30,22.65999984741211,,1142.949951171875,,5.489999771118164,101.11000061035156
1998-07-31,24.799999237060547,,1120.6700439453125,,5.49399995803833,101.19999694824219
1998-08-03,25.979999542236328,,1112.43994140625,,5.445000171661377,101.6500015258789
1998-08-04,31.059999465942383,,1072.1199951171875,,5.427999973297119,101.12999725341797
1998-08-05,29.829999923706055,,1081.4300537109375,,5.420000076293945,100.83999633789062
1998-08-06,28.200000762939453,,1089.6300048828125,,5.432000160217285,101.0999984741211
1998-08-07,27.020000457763672,,1089.449951171875,,5.38700008392334,101.48999786376953
1998-08-10,28.75,,1083.1400146484375,,5.39900016784668,101.37999725341797
1998-08-11,31.90999984741211,,1068.97998046875,,5.361999988555908,101.68000030517578
1998-08-12,28.549999237060547,,1084.219970703125,,5.38700008392334,101.79000091552734
1998-08-13,29.920000076293945,,1074.9100341796875,,5.423999786376953,101.6500015258789
1998-08-14,34.34000015258789,,1062.75,,5.386000156402588,102.43000030517578
1998-08-17,31.860000610351562,,1083.6700439453125,,5.389999866485596,102.16999816894531
1998-08-18,28.399999618530273,,1101.199951171875,,5.4029998779296875,102.4000015258789
1998-08-19,28.690000534057617,,1098.06005859375,,5.410999774932861,102.12000274658203
1998-08-20,30.0,,1091.5999755859375,,5.374000072479248,102.0
1998-08-21,33.13999938964844,,1081.239990234375,,5.315999984741211,102.18000030517578
1998-08-24,31.799999237060547,,1088.1400146484375,,5.2870001792907715,102.02999877929688
1998-08-25,30.329999923706055,,1092.8499755859375,,5.23799991607666,102.2300033569336
1998-08-26,31.139999389648438,,1084.18994140625,,5.190000057220459,102.56999969482422
1998-08-27,38.54999923706055,,1042.5899658203125,,5.10099983215332,101.93000030517578
1998-08-28,39.599998474121094,,1027.1400146484375,,5.079999923706055,100.12999725341797
1998-08-31,44.279998779296875,,957.280029296875,,5.0320000648498535,100.19999694824219
1998-09-01,36.47999954223633,,994.260009765625,,5.035999774932861,99.19000244140625
1998-09-02,36.7599983215332,,990.47998046875,,5.076000213623047,99.4000015258789
1998-09-03,41.43000030517578,,982.260009765625,,5.019999980926514,98.37999725341797
1998-09-04,43.310001373291016,,973.8900146484375,,4.999000072479248,98.19999694824219
1998-09-08,37.900001525878906,,1023.4600219726562,,5.031000137329102,98.05000305175781
1998-09-09,39.65999984741211,,1006.2000122070312,,4.934999942779541,98.23999786376953
1998-09-10,45.290000915527344,,980.1900024414062,,4.73799991607666,96.63999938964844
1998-09-11,43.7400016784668,,1009.0599975585938,,4.823999881744385,96.5
1998-09-14,38.56999969482422,,1029.719970703125,,4.8470001220703125,96.80000305175781
1998-09-15,36.58000183105469,,1037.6800537109375,,4.875,96.51000213623047
1998-09-16,35.939998626708984,,1045.47998046875,,4.85099983215332,96.76000213623047
1998-09-17,39.22999954223633,,1018.8699951171875,,4.76800012588501,96.47000122070312
1998-09-18,38.630001068115234,,1020.0900268554688,,4.677999973297119,96.63999938964844
1998-09-21,38.58000183105469,,1023.8900146484375,,4.6579999923706055,96.7699966430664
1998-09-22,36.619998931884766,,1029.6300048828125,,4.7129998207092285,96.62999725341797
1998-09-23,32.470001220703125,,1066.0899658203125,,4.6579999923706055,96.44000244140625
1998-09-24,34.65999984741211,,1042.719970703125,,4.60699987411499,96.19999694824219
1998-09-25,34.54999923706055,,1044.75,,4.576000213623047,96.37999725341797
1998-09-28,34.869998931884766,,1048.68994140625,,4.586999893188477,96.12000274658203
1998-09-29,36.08000183105469,,1049.02001953125,,4.564000129699707,95.81999969482422
1998-09-30,40.95000076293945,,1017.010009765625,,4.409999847412109,96.16999816894531
1998-10-01,43.47999954223633,,986.3900146484375,,4.303999900817871,95.36000061035156
1998-10-02,40.470001220703125,,1002.5999755859375,,4.28000020980835,95.37000274658203
1998-10-05,42.810001373291016,,988.5599975585938,,4.14900016784668,94.9800033569336
1998-10-06,41.20000076293945,,984.5900268554688,,4.21999979019165,94.52999877929688
1998-10-07,43.5099983215332,,970.6799926757812,,4.39300012588501,92.37000274658203
1998-10-08,45.7400016784668,,959.4400024414062,,4.546000003814697,93.11000061035156
1998-10-09,42.20000076293945,,984.3900146484375,,4.771999835968018,93.0999984741211
1998-10-12,40.06999969482422,,997.7100219726562,,4.771999835968018,93.79000091552734
1998-10-13,40.22999954223633,,994.7999877929688,,4.723999977111816,93.13999938964844
1998-10-14,38.959999084472656,,1005.530029296875,,4.556000232696533,93.4000015258789
1998-10-15,33.34000015258789,,1047.489990234375,,4.559999942779541,92.98999786376953
1998-10-16,34.81999969482422,,1056.4200439453125,,4.416999816894531,92.22000122070312
1998-10-19,33.130001068115234,,1062.3900146484375,,4.435999870300293,92.56999969482422
1998-10-20,33.11000061035156,,1063.9300537109375,,4.519999980926514,93.0199966430664
1998-10-21,33.209999084472656,,1069.9200439453125,,4.551000118255615,93.48999786376953
1998-10-22,31.530000686645508,,1078.47998046875,,4.581999778747559,93.20999908447266
1998-10-23,32.27000045776367,,1070.6700439453125,,4.663000106811523,93.16999816894531
1998-10-26,32.380001068115234,,1072.3199462890625,,4.697999954223633,94.38999938964844
1998-10-27,32.95000076293945,,1065.3399658203125,,4.589000225067139,93.87999725341797
1998-10-28,32.41999816894531,,1068.0899658203125,,4.577000141143799,93.91999816894531
1998-10-29,29.5,,1085.9300537109375,,4.506999969482422,93.80000305175781
1998-10-30,28.049999237060547,,1098.6700439453125,,4.603000164031982,93.7300033569336
1998-11-02,27.260000228881836,,1111.5999755859375,,4.74399995803833,93.55999755859375
1998-11-03,27.760000228881836,,1110.8399658203125,,4.739999771118164,93.91000366210938
1998-11-04,27.3700008392334,,1118.6700439453125,,4.879000186920166,94.12999725341797
1998-11-05,26.010000228881836,,1133.8499755859375,,4.817999839782715,94.0199966430664
1998-11-06,25.700000762939453,,1141.010009765625,,4.921999931335449,94.81999969482422
1998-11-09,28.09000015258789,,1130.199951171875,,4.866000175476074,95.61000061035156
1998-11-10,28.170000076293945,,1128.260009765625,,4.817999839782715,95.69999694824219
1998-11-11,28.469999313354492,,1120.969970703125,,4.817999839782715,95.3499984741211
1998-11-12,29.280000686645508,,1117.68994140625,,4.769999980926514,95.68000030517578
1998-11-13,29.030000686645508,,1125.719970703125,,4.806000232696533,95.73999786376953
1998-11-16,28.899999618530273,,1135.8699951171875,,4.8379998207092285,94.80999755859375
1998-11-17,27.950000762939453,,1139.3199462890625,,4.849999904632568,94.97000122070312
1998-11-18,27.1299991607666,,1144.47998046875,,4.8420000076293945,95.27999877929688
1998-11-19,25.5,,1152.6099853515625,,4.8460001945495605,95.54000091552734
1998-11-20,22.469999313354492,,1163.550048828125,,4.809999942779541,95.80999755859375
1998-11-23,21.84000015258789,,1188.2099609375,,4.829999923706055,96.31999969482422
1998-11-24,23.280000686645508,,1182.989990234375,,4.8420000076293945,96.4000015258789
1998-11-25,22.149999618530273,,1186.8699951171875,,4.822000026702881,96.36000061035156
1998-11-27,22.09000015258789,,1192.3299560546875,,4.802000045776367,96.83000183105469
1998-11-30,26.010000228881836,,1163.6300048828125,,4.72599983215332,96.19999694824219
1998-12-01,24.969999313354492,,1175.280029296875,,4.658999919891357,95.58999633789062
1998-12-02,25.43000030517578,,1171.25,,4.567999839782715,94.81999969482422
1998-12-03,28.700000762939453,,1150.1400146484375,,4.564000129699707,94.70999908447266
1998-12-04,25.309999465942383,,1176.739990234375,,4.60699987411499,94.91000366210938
1998-12-07,24.899999618530273,,1187.699951171875,,4.677999973297119,95.23999786376953
1998-12-08,25.579999923706055,,1181.3800048828125,,4.59499979019165,94.80000305175781
1998-12-09,25.65999984741211,,1183.489990234375,,4.547999858856201,94.6500015258789
1998-12-10,26.809999465942383,,1165.02001953125,,4.520999908447266,93.9000015258789
1998-12-11,27.719999313354492,,1166.4599609375,,4.603000164031982,93.4800033569336
1998-12-14,31.309999465942383,,1141.199951171875,,4.576000213623047,93.38999938964844
1998-12-15,29.420000076293945,,1162.8299560546875,,4.61899995803833,93.80999755859375
1998-12-16,29.959999084472656,,1161.93994140625,,4.571000099182129,94.45999908447266
1998-12-17,27.959999084472656,,1179.97998046875,,4.559999942779541,94.30999755859375
1998-12-18,25.040000915527344,,1188.030029296875,,4.571000099182129,94.04000091552734
1998-12-21,23.860000610351562,,1202.8399658203125,,4.625999927520752,94.44000244140625
1998-12-22,22.780000686645508,,1203.5699462890625,,4.690000057220459,94.5
1998-12-23,20.209999084472656,,1228.5400390625,,4.781000137329102,94.5199966430664
1998-12-24,21.479999542236328,,1226.27001953125,,4.8460001945495605,94.88999938964844
1998-12-28,23.5,,1225.489990234375,,4.769000053405762,94.66000366210938
1998-12-29,22.18000030517578,,1241.81005859375,,4.701000213623047,94.4000015258789
1998-12-30,23.34000015258789,,1231.9300537109375,,4.642000198364258,94.69000244140625
1998-12-31,24.420000076293945,,1229.22998046875,,4.638000011444092,94.16999816894531
1999-01-04,26.170000076293945,,1228.0999755859375,,4.677000045776367,93.44000244140625
1999-01-05,24.459999084472656,,1244.780029296875,,4.729000091552734,93.47000122070312
1999-01-06,23.34000015258789,,1272.3399658203125,,4.7210001945495605,94.52999877929688
1999-01-07,24.3700008392334,,1269.72998046875,,4.764999866485596,93.72000122070312
1999-01-08,23.280000686645508,,1275.0899658203125,,4.8420000076293945,94.3499984741211
1999-01-11,25.459999084472656,,1263.8800048828125,,4.874000072479248,94.66000366210938
1999-01-12,28.100000381469727,,1239.510009765625,,4.809999942779541,94.79000091552734
1999-01-13,30.110000610351562,,1234.4000244140625,,4.7210001945495605,94.25
1999-01-14,32.97999954223633,,1212.18994140625,,4.613999843597412,94.02999877929688
1999-01-15,29.239999771118164,,1243.260009765625,,4.669000148773193,94.72000122070312
1999-01-19,29.239999771118164,,1252.0,,4.701000213623047,94.5199966430664
1999-01-20,28.600000381469727,,1256.6199951171875,,4.744999885559082,94.72000122070312
1999-01-21,30.920000076293945,,1235.1600341796875,,4.689000129699707,94.5
1999-01-22,31.950000762939453,,1225.18994140625,,4.629000186920166,94.66000366210938
1999-01-25,31.1299991607666,,1233.97998046875,,4.6529998779296875,94.7300033569336
1999-01-26,29.229999542236328,,1252.31005859375,,4.681000232696533,94.72000122070312
1999-01-27,29.729999542236328,,1243.1700439453125,,4.672999858856201,95.68000030517578
1999-01-28,28.110000610351562,,1265.3699951171875,,4.664999961853027,95.79000091552734
1999-01-29,26.25,,1279.6400146484375,,4.6529998779296875,96.08000183105469
1999-02-01,27.670000076293945,,1273.0,,4.744999885559082,96.2300033569336
1999-02-02,28.15999984741211,,1261.989990234375,,4.784999847412109,95.70999908447266
1999-02-03,27.8799991607666,,1272.0699462890625,,4.822000026702881,96.02999877929688
1999-02-04,29.479999542236328,,1248.489990234375,,4.88700008392334,95.68000030517578
1999-02-05,29.670000076293945,,1239.4000244140625,,4.932000160217285,96.22000122070312
1999-02-08,30.270000457763672,,1243.77001953125,,4.923999786376953,96.01000213623047
1999-02-09,31.360000610351562,,1216.1400146484375,,4.890999794006348,96.27999877929688
1999-02-10,30.450000762939453,,1223.550048828125,,4.900000095367432,95.95999908447266
1999-02-11,27.420000076293945,,1254.0400390625,,4.9079999923706055,96.68000030517578
1999-02-12,29.760000228881836,,1230.1300048828125,,5.052000045776367,96.30999755859375
1999-02-16,29.649999618530273,,1241.8699951171875,,5.0279998779296875,97.20999908447266
1999-02-17,30.649999618530273,,1224.030029296875,,4.978000164031982,97.05999755859375
1999-02-18,30.450000762939453,,1237.280029296875,,5.0279998779296875,97.31999969482422
1999-02-19,29.299999237060547,,1239.219970703125,,5.060999870300293,98.2699966430664
1999-02-22,25.8700008392334,,1272.1400146484375,,5.015999794006348,98.5199966430664
1999-02-23,26.489999771118164,,1271.1800537109375,,5.078000068664551,98.8499984741211
1999-02-24,27.209999084472656,,1253.4100341796875,,5.1620001792907715,99.11000061035156
1999-02-25,28.010000228881836,,1245.02001953125,,5.293000221252441,98.56999969482422
1999-02-26,27.8799991607666,,1238.3299560546875,,5.271999835968018,98.68000030517578
1999-03-01,28.3700008392334,,1236.1600341796875,,5.383999824523926,99.55999755859375
1999-03-02,29.219999313354492,,1225.5,,5.341000080108643,99.37000274658203
1999-03-03,29.040000915527344,,1227.699951171875,,5.375999927520752,99.76000213623047
1999-03-04,26.670000076293945,,1246.6400146484375,,5.401000022888184,100.33999633789062
1999-03-05,24.079999923706055,,1275.469970703125,,5.315999984741211,100.23999786376953
1999-03-08,24.540000915527344,,1282.72998046875,,5.2779998779296875,99.69000244140625
1999-03-09,25.020000457763672,,1279.8399658203125,,5.171999931335449,99.55999755859375
1999-03-10,24.790000915527344,,1286.8399658203125,,5.189000129699707,99.01000213623047
1999-03-11,24.3700008392334,,1297.6800537109375,,5.197000026702881,98.45999908447266
1999-03-12,24.84000015258789,,1294.5899658203125,,5.151000022888184,99.1500015258789
1999-03-15,25.239999771118164,,1307.260009765625,,5.130000114440918,98.88999938964844
1999-03-16,25.149999618530273,,1306.3800048828125,,5.0970001220703125,98.5999984741211
1999-03-17,25.56999969482422,,1297.8199462890625,,5.122000217437744,98.5
1999-03-18,24.1299991607666,,1316.550048828125,,5.10099983215332,98.56999969482422
1999-03-19,24.31999969482422,,1299.2900390625,,5.1479997634887695,99.05000305175781
1999-03-22,25.0,,1297.010009765625,,5.193999767303467,98.91999816894531
1999-03-23,27.270000457763672,,1262.1400146484375,,5.185999870300293,98.91999816894531
1999-03-24,26.600000381469727,,1268.5899658203125,,5.156000137329102,99.05999755859375
1999-03-25,24.329999923706055,,1289.989990234375,,5.203000068664551,99.4800033569336
1999-03-26,24.040000915527344,,1282.800048828125,,5.198999881744385,100.19000244140625
1999-03-29,23.540000915527344,,1310.1700439453125,,5.258999824523926,100.36000061035156
1999-03-30,22.729999542236328,,1300.75,,5.190999984741211,100.54000091552734
1999-03-31,23.260000228881836,,1286.3699951171875,,5.234000205993652,100.0999984741211
1999-04-01,22.059999465942383,,1293.719970703125,,5.271999835968018,100.08999633789062
1999-04-05,22.190000534057617,,1321.1199951171875,,5.183000087738037,100.73999786376953
1999-04-06,22.649999618530273,,1317.8900146484375,,5.119999885559082,99.91000366210938
1999-04-07,22.809999465942383,,1326.8900146484375,,5.124000072479248,100.3499984741211
1999-04-08,22.59000015258789,,1343.97998046875,,5.019000053405762,100.44000244140625
1999-04-09,21.770000457763672,,1348.3499755859375,,5.035999774932861,100.08000183105469
1999-04-12,21.93000030517578,,1358.6300048828125,,5.039999961853027,99.80000305175781
1999-04-13,22.729999542236328,,1349.8199462890625,,5.098999977111816,100.05999755859375
1999-04-14,24.940000534057617,,1328.43994140625,,5.111999988555908,99.81999969482422
1999-04-15,23.93000030517578,,1322.8499755859375,,5.150000095367432,100.33999633789062
1999-04-16,23.899999618530273,,1319.0,,5.205999851226807,100.08000183105469
1999-04-19,26.420000076293945,,1289.47998046875,,5.168000221252441,100.56999969482422
1999-04-20,25.020000457763672,,1306.1700439453125,,5.133999824523926,100.80999755859375
1999-04-21,23.309999465942383,,1336.1199951171875,,5.133999824523926,100.9800033569336
1999-04-22,22.6200008392334,,1358.8199462890625,,5.236000061035156,100.91000366210938
1999-04-23,22.760000228881836,,1356.8499755859375,,5.236999988555908,100.87000274658203
1999-04-26,23.530000686645508,,1360.0400390625,,5.210999965667725,101.0199966430664
1999-04-27,23.360000610351562,,1362.800048828125,,5.206999778747559,100.62999725341797
1999-04-28,24.399999618530273,,1350.9100341796875,,5.241000175476074,100.79000091552734
1999-04-29,25.059999465942383,,1342.8299560546875,,5.190000057220459,100.94000244140625
1999-04-30,25.06999969482422,,1335.1800537109375,,5.349999904632568,101.0
1999-05-03,24.149999618530273,,1354.6300048828125,,5.359000205993652,101.11000061035156
1999-05-04,25.6200008392334,,1332.0,,5.4070000648498535,100.68000030517578
1999-05-05,25.190000534057617,,1347.31005859375,,5.385000228881836,99.91000366210938
1999-05-06,27.440000534057617,,1332.050048828125,,5.494999885559082,99.44999694824219
1999-05-07,25.360000610351562,,1345.0,,5.534999847412109,99.98999786376953
1999-05-10,26.6200008392334,,1340.300048828125,,5.513999938964844,99.7300033569336
1999-05-11,25.6200008392334,,1355.6099853515625,,5.571000099182129,100.23999786376953
1999-05-12,26.1299991607666,,1364.0,,5.558000087738037,100.69999694824219
1999-05-13,25.020000457763672,,1367.56005859375,,5.389999866485596,100.69999694824219
1999-05-14,26.860000610351562,,1337.800048828125,,5.603000164031982,100.93000030517578
1999-05-17,27.280000686645508,,1339.489990234375,,5.64900016784668,100.86000061035156
1999-05-18,27.260000228881836,,1333.3199462890625,,5.660999774932861,100.72000122070312
1999-05-19,25.079999923706055,,1344.22998046875,,5.59499979019165,101.08999633789062
1999-05-20,24.459999084472656,,1338.8299560546875,,5.581999778747559,101.33999633789062
1999-05-21,24.399999618530273,,1330.2900390625,,5.515999794006348,101.63999938964844
1999-05-24,27.6200008392334,,1306.6500244140625,,5.492000102996826,101.4000015258789
1999-05-25,28.899999618530273,,1284.4000244140625,,5.479000091552734,101.37999725341797
1999-05-26,27.56999969482422,,1304.760009765625,,5.5370001792907715,102.23999786376953
1999-05-27,28.1200008392334,,1281.4100341796875,,5.611999988555908,102.08000183105469
1999-05-28,25.389999389648438,,1301.8399658203125,,5.611000061035156,102.51000213623047
1999-06-01,26.6200008392334,,1294.260009765625,,5.765999794006348,102.06999969482422
1999-06-02,26.209999084472656,,1294.81005859375,,5.7829999923706055,102.79000091552734
1999-06-03,26.200000762939453,,1299.5400390625,,5.788000106811523,102.9800033569336
1999-06-04,23.43000030517578,,1327.75,,5.809000015258789,102.6500015258789
1999-06-07,23.780000686645508,,1334.52001953125,,5.796000003814697,103.11000061035156
1999-06-08,24.020000457763672,,1317.3299560546875,,5.817999839782715,101.76000213623047
1999-06-09,23.899999618530273,,1318.6400146484375,,5.855999946594238,101.76000213623047
1999-06-10,25.31999969482422,,1302.8199462890625,,5.915999889373779,101.58000183105469
1999-06-11,25.899999618530273,,1293.6400146484375,,5.998000144958496,101.0
1999-06-14,26.510000228881836,,1294.0,,5.9679999351501465,102.11000061035156
1999-06-15,25.90999984741211,,1301.1600341796875,,5.959000110626221,102.20999908447266
1999-06-16,22.399999618530273,,1330.4100341796875,,5.938000202178955,102.8499984741211
1999-06-17,21.950000762939453,,1339.9000244140625,,5.776000022888184,102.5199966430664
1999-06-18,21.75,,1342.8399658203125,,5.822000026702881,102.37000274658203
1999-06-21,21.809999465942383,,1349.0,,5.890999794006348,102.9000015258789
1999-06-22,21.700000762939453,,1335.8800048828125,,5.929999828338623,103.0
1999-06-23,21.31999969482422,,1333.06005859375,,6.002999782562256,103.04000091552734
1999-06-24,23.059999465942383,,1315.780029296875,,6.0289998054504395,102.51000213623047
1999-06-25,21.760000228881836,,1315.31005859375,,6.01200008392334,102.27999877929688
1999-06-28,22.6299991607666,,1331.3499755859375,,5.958000183105469,102.8499984741211
1999-06-29,22.510000228881836,,1351.449951171875,,5.926000118255615,103.05000305175781
1999-06-30,21.09000015258789,,1372.7099609375,,5.809999942779541,102.8499984741211
1999-07-01,19.690000534057617,,1380.9599609375,,5.840000152587891,103.66000366210938
1999-07-02,18.65999984741211,,1391.219970703125,,5.822999954223633,103.48999786376953
1999-07-06,20.729999542236328,,1388.1199951171875,,5.866000175476074,103.8499984741211
1999-07-07,20.350000381469727,,1395.8599853515625,,5.892000198364258,103.93000030517578
1999-07-08,20.239999771118164,,1394.4200439453125,,5.831999778747559,104.12000274658203
1999-07-09,17.959999084472656,,1403.280029296875,,5.822999954223633,104.44000244140625
1999-07-12,19.729999542236328,,1399.0999755859375,,5.7210001945495605,104.5
1999-07-13,19.950000762939453,,1393.56005859375,,5.691999912261963,104.31999969482422
1999-07-14,19.709999084472656,,1398.1700439453125,,5.7210001945495605,103.93000030517578
1999-07-15,18.68000030517578,,1409.6199951171875,,5.709000110626221,104.0
1999-07-16,17.420000076293945,,1418.780029296875,,5.671000003814697,104.08000183105469
1999-07-19,19.06999969482422,,1407.6500244140625,,5.650000095367432,102.91999816894531
1999-07-20,21.790000915527344,,1377.0999755859375,,5.629000186920166,102.41000366210938
1999-07-21,21.459999084472656,,1379.2900390625,,5.650000095367432,101.62999725341797
1999-07-22,23.049999237060547,,1360.969970703125,,5.769000053405762,101.48999786376953
1999-07-23,23.31999969482422,,1356.93994140625,,5.828999996185303,101.55000305175781
1999-07-26,24.979999542236328,,1347.760009765625,,5.8460001945495605,100.56999969482422
1999-07-27,23.229999542236328,,1362.8399658203125,,5.798999786376953,100.79000091552734
1999-07-28,22.850000381469727,,1365.4000244140625,,5.785999774932861,100.41000366210938
1999-07-29,24.520000457763672,,1341.030029296875,,5.86299991607666,99.77999877929688
1999-07-30,24.639999389648438,,1328.719970703125,,5.9070000648498535,99.75
1999-08-02,25.59000015258789,,1328.050048828125,,5.910999774932861,99.83999633789062
1999-08-03,26.270000457763672,,1322.1800537109375,,5.941999912261963,99.91000366210938
1999-08-04,27.399999618530273,,1305.3299560546875,,5.946000099182129,99.2699966430664
1999-08-05,27.010000228881836,,1313.7099609375,,5.876999855041504,99.41999816894531
1999-08-06,26.600000381469727,,1300.2900390625,,6.006999969482422,99.58999633789062
1999-08-09,27.65999984741211,,1297.800048828125,,6.118000030517578,99.9800033569336
1999-08-10,28.450000762939453,,1281.4300537109375,,6.144000053405762,99.80999755859375
1999-08-11,25.389999389648438,,1301.9300537109375,,6.109000205993652,100.18000030517578
1999-08-12,25.030000686645508,,1298.1600341796875,,6.066999912261963,100.08999633789062
1999-08-13,22.309999465942383,,1327.6800537109375,,5.974999904632568,100.58999633789062
1999-08-16,23.06999969482422,,1330.77001953125,,5.966000080108643,100.62999725341797
1999-08-17,21.670000076293945,,1344.1600341796875,,5.874000072479248,100.83999633789062
1999-08-18,23.299999237060547,,1332.8399658203125,,5.866000175476074,100.56999969482422
1999-08-19,24.389999389648438,,1323.5899658203125,,5.882999897003174,99.80000305175781
1999-08-20,22.950000762939453,,1336.6099853515625,,5.869999885559082,99.5999984741211
1999-08-23,22.549999237060547,,1360.219970703125,,5.882999897003174,100.73999786376953
1999-08-24,22.399999618530273,,1363.5,,5.836999893188477,100.48999786376953
1999-08-25,20.959999084472656,,1381.7900390625,,5.7170000076293945,101.30999755859375
1999-08-26,21.209999084472656,,1362.010009765625,,5.73799991607666,101.20999908447266
1999-08-27,21.829999923706055,,1348.27001953125,,5.841000080108643,101.08000183105469
1999-08-30,24.6299991607666,,1324.02001953125,,5.940999984741211,100.94000244140625
1999-08-31,24.450000762939453,,1320.4100341796875,,5.979000091552734,99.94999694824219
1999-09-01,22.93000030517578,,1331.0699462890625,,5.973999977111816,99.79000091552734
1999-09-02,24.530000686645508,,1319.1099853515625,,6.01200008392334,99.25
1999-09-03,20.979999542236328,,1357.239990234375,,5.882999897003174,99.77999877929688
1999-09-07,23.440000534057617,,1350.449951171875,,5.936999797821045,100.0
1999-09-08,23.81999969482422,,1344.1500244140625,,5.920000076293945,99.87999725341797
1999-09-09,23.010000228881836,,1347.6600341796875,,5.958000183105469,99.62999725341797
1999-09-10,22.030000686645508,,1351.6600341796875,,5.890999794006348,101.0199966430664
1999-09-13,22.889999389648438,,1344.1300048828125,,5.9079999923706055,100.37999725341797
1999-09-14,23.770000457763672,,1336.2900390625,,5.949999809265137,100.7300033569336
1999-09-15,24.559999465942383,,1317.969970703125,,5.928999900817871,100.19999694824219
1999-09-16,25.25,,1318.47998046875,,5.890999794006348,100.31999969482422
1999-09-17,23.299999237060547,,1335.4200439453125,,5.854000091552734,100.36000061035156
1999-09-20,24.030000686645508,,1335.530029296875,,5.9019999504089355,100.51000213623047
1999-09-21,25.649999618530273,,1307.5799560546875,,5.922999858856201,99.5999984741211
1999-09-22,25.190000534057617,,1310.510009765625,,5.914999961853027,99.75
1999-09-23,27.84000015258789,,1280.4100341796875,,5.8520002365112305,99.72000122070312
1999-09-24,27.790000915527344,,1277.3599853515625,,5.738999843597412,99.63999938964844
1999-09-27,26.399999618530273,,1283.31005859375,,5.817999839782715,99.69000244140625
1999-09-28,26.059999465942383,,1282.199951171875,,5.872000217437744,99.18000030517578
1999-09-29,26.489999771118164,,1268.3699951171875,,5.947999954223633,98.80000305175781
1999-09-30,25.40999984741211,,1282.7099609375,,5.885000228881836,98.54000091552734
1999-10-01,24.93000030517578,,1282.81005859375,,5.986000061035156,97.97000122070312
1999-10-04,24.459999084472656,,1304.5999755859375,,5.934999942779541,98.04000091552734
1999-10-05,24.790000915527344,,1301.3499755859375,,6.019999980926514,97.9800033569336
1999-10-06,22.059999465942383,,1325.4000244140625,,6.0329999923706055,98.4800033569336
1999-10-07,23.579999923706055,,1317.6400146484375,,6.0329999923706055,98.37999725341797
1999-10-08,20.489999771118164,,1336.02001953125,,6.02400016784668,99.0199966430664
1999-10-11,20.6299991607666,,1335.2099609375,,6.02400016784668,98.7699966430664
1999-10-12,22.84000015258789,,1313.0400390625,,6.058000087738037,97.94999694824219
1999-10-13,25.959999084472656,,1285.550048828125,,6.113999843597412,97.88999938964844
1999-10-14,26.049999237060547,,1283.4200439453125,,6.1570000648498535,97.91999816894531
1999-10-15,28.75,,1247.4100341796875,,6.066999912261963,97.04000091552734
1999-10-18,28.190000534057617,,1254.1300048828125,,6.110000133514404,97.41999816894531
1999-10-19,26.559999465942383,,1261.3199462890625,,6.165999889373779,97.37999725341797
1999-10-20,23.899999618530273,,1289.4300537109375,,6.178999900817871,98.12999725341797
1999-10-21,24.020000457763672,,1283.6099853515625,,6.183000087738037,97.4800033569336
1999-10-22,21.639999389648438,,1301.6500244140625,,6.191999912261963,98.4800033569336
1999-10-25,23.600000381469727,,1293.6300048828125,,6.204999923706055,98.33999633789062
1999-10-26,24.260000228881836,,1281.9100341796875,,6.2270002365112305,98.81999969482422
1999-10-27,24.200000762939453,,1296.7099609375,,6.183000087738037,99.30000305175781
1999-10-28,21.34000015258789,,1342.43994140625,,6.105999946594238,99.37000274658203
1999-10-29,22.200000762939453,,1362.9300537109375,,6.002999782562256,99.05999755859375
1999-11-01,22.09000015258789,,1354.1199951171875,,6.046000003814697,99.30999755859375
1999-11-02,23.100000381469727,,1347.739990234375,,6.019999980926514,99.18000030517578
1999-11-03,23.15999984741211,,1354.9300537109375,,5.999000072479248,99.55000305175781
1999-11-04,23.0,,1362.6400146484375,,5.942999839782715,100.43000030517578
1999-11-05,21.65999984741211,,1370.22998046875,,5.90500020980835,100.27999877929688
1999-11-08,21.8700008392334,,1377.010009765625,,5.934999942779541,100.3499984741211
1999-11-09,22.700000762939453,,1365.280029296875,,5.947000026702881,100.2699966430664
1999-11-10,22.260000228881836,,1373.4599609375,,5.980999946594238,99.79000091552734
1999-11-11,22.06999969482422,,1381.4599609375,,5.980999946594238,100.13999938964844
1999-11-12,21.649999618530273,,1396.06005859375,,5.913000106811523,100.75
1999-11-15,22.739999771118164,,1394.3900146484375,,5.916999816894531,100.69000244140625
1999-11-16,20.729999542236328,,1420.0699462890625,,5.952000141143799,100.79000091552734
1999-11-17,20.959999084472656,,1410.7099609375,,6.02400016784668,100.19999694824219
1999-11-18,19.760000228881836,,1424.93994140625,,6.050000190734863,101.0
1999-11-19,19.110000610351562,,1422.0,,6.050000190734863,100.88999938964844
1999-11-22,19.979999542236328,,1420.93994140625,,6.085000038146973,100.66000366210938
1999-11-23,21.0,,1404.6400146484375,,6.076000213623047,100.83000183105469
1999-11-24,20.260000228881836,,1417.0799560546875,,6.076000213623047,101.72000122070312
1999-11-26,22.329999923706055,,1416.6199951171875,,6.105999946594238,101.36000061035156
1999-11-29,23.56999969482422,,1407.8299560546875,,6.189000129699707,101.86000061035156
1999-11-30,24.18000030517578,,1388.9100341796875,,6.163000106811523,101.98999786376953
1999-12-01,22.229999542236328,,1397.719970703125,,6.192999839782715,102.08999633789062
1999-12-02,21.770000457763672,,1409.0400390625,,6.223999977111816,102.5199966430664
1999-12-03,19.31999969482422,,1433.300048828125,,6.163000106811523,102.51000213623047
1999-12-06,20.579999923706055,,1423.3299560546875,,6.140999794006348,101.12999725341797
1999-12-07,21.09000015258789,,1409.1700439453125,,6.0980000495910645,100.81999969482422
1999-12-08,21.25,,1403.8800048828125,,6.132999897003174,100.70999908447266
1999-12-09,21.190000534057617,,1408.1099853515625,,6.119999885559082,101.0199966430664
1999-12-10,21.479999542236328,,1417.0400390625,,6.067999839782715,101.66000366210938
1999-12-13,21.719999313354492,,1415.219970703125,,6.089000225067139,101.66999816894531
1999-12-14,23.059999465942383,,1403.1700439453125,,6.203000068664551,102.3499984741211
1999-12-15,22.030000686645508,,1413.3299560546875,,6.242000102996826,102.4000015258789
1999-12-16,21.90999984741211,,1418.780029296875,,6.295000076293945,101.5999984741211
1999-12-17,21.350000381469727,,1421.030029296875,,6.2870001792907715,102.18000030517578
1999-12-20,23.780000686645508,,1418.0899658203125,,6.340000152587891,101.8499984741211
1999-12-21,22.65999984741211,,1433.4300537109375,,6.357999801635742,101.93000030517578
1999-12-22,22.43000030517578,,1436.1300048828125,,6.375999927520752,101.87000274658203
1999-12-23,21.1200008392334,,1458.3399658203125,,6.394000053405762,101.44000244140625
1999-12-27,23.06999969482422,,1457.0999755859375,,6.385000228881836,101.48999786376953
1999-12-28,22.969999313354492,,1457.6600341796875,,6.416999816894531,101.94000244140625
1999-12-29,23.09000015258789,,1463.4599609375,,6.386000156402588,101.9800033569336
1999-12-30,24.760000228881836,,1464.469970703125,,6.368000030517578,101.81999969482422
1999-12-31,24.639999389648438,,1469.25,,6.434999942779541,101.87000274658203
2000-01-03,24.209999084472656,,1455.219970703125,,6.547999858856201,100.22000122070312
2000-01-04,27.010000228881836,,1399.4200439453125,,6.485000133514404,100.41000366210938
2000-01-05,26.40999984741211,,1402.1099853515625,,6.598999977111816,100.37999725341797
2000-01-06,25.729999542236328,,1403.449951171875,,6.548999786376953,100.6500015258789
2000-01-07,21.719999313354492,,1441.469970703125,,6.504000186920166,100.80000305175781
2000-01-10,21.709999084472656,,1457.5999755859375,,6.558000087738037,100.98999786376953
2000-01-11,22.5,,1438.56005859375,,6.664000034332275,100.55999755859375
2000-01-12,22.84000015258789,,1432.25,,6.696000099182129,100.62000274658203
2000-01-13,21.709999084472656,,1449.6800537109375,,6.618000030517578,101.0
2000-01-14,19.65999984741211,,1465.1500244140625,,6.673999786376953,101.72000122070312
2000-01-18,21.5,,1455.1400146484375,,6.748000144958496,101.86000061035156
2000-01-19,21.719999313354492,,1455.9000244140625,,6.724999904632568,101.76000213623047
2000-01-20,21.75,,1445.5699462890625,,6.748000144958496,101.36000061035156
2000-01-21,20.81999969482422,,1441.3599853515625,,6.781000137329102,101.76000213623047
2000-01-24,24.06999969482422,,1401.530029296875,,6.684000015258789,102.19999694824219
2000-01-25,23.020000457763672,,1410.030029296875,,6.684000015258789,102.41000366210938
2000-01-26,23.030000686645508,,1404.0899658203125,,6.679999828338623,102.44000244140625
2000-01-27,23.540000915527344,,1398.56005859375,,6.684999942779541,103.16999816894531
2000-01-28,26.139999389648438,,1360.1600341796875,,6.6479997634887695,104.4800033569336
2000-01-31,24.950000762939453,,1394.4599609375,,6.666999816894531,105.12999725341797
2000-02-01,23.450000762939453,,1409.280029296875,,6.617000102996826,104.91999816894531
2000-02-02,23.1200008392334,,1409.1199951171875,,6.5980000495910645,104.79000091552734
2000-02-03,22.010000228881836,,1424.969970703125,,6.474999904632568,103.80000305175781
2000-02-04,21.540000915527344,,1424.3699951171875,,6.517000198364258,104.29000091552734
2000-02-07,22.790000915527344,,1424.239990234375,,6.63100004196167,104.63999938964844
2000-02-08,21.25,,1441.719970703125,,6.598999977111816,104.22000122070312
2000-02-09,22.899999618530273,,1411.7099609375,,6.669000148773193,103.68000030517578
2000-02-10,23.06999969482422,,1416.8299560546875,,6.656000137329102,104.12999725341797
2000-02-11,24.420000076293945,,1387.1199951171875,,6.620999813079834,104.19000244140625
2000-02-14,24.3799991607666,,1389.93994140625,,6.539000034332275,104.72000122070312
2000-02-15,22.920000076293945,,1402.050048828125,,6.552000045776367,104.69000244140625
2000-02-16,23.510000228881836,,1387.6700439453125,,6.546999931335449,104.27999877929688
2000-02-17,23.170000076293945,,1388.260009765625,,6.568999767303467,104.2699966430664
2000-02-18,26.0,,1346.0899658203125,,6.482999801635742,104.62999725341797
2000-02-22,25.860000610351562,,1352.1700439453125,,6.3420000076293945,103.27999877929688
2000-02-23,23.889999389648438,,1360.68994140625,,6.427000045776367,103.52999877929688
2000-02-24,24.3799991607666,,1353.4300537109375,,6.3460001945495605,104.01000213623047
2000-02-25,25.200000762939453,,1333.3599853515625,,6.341000080108643,105.26000213623047
2000-02-28,24.68000030517578,,1348.050048828125,,6.414000034332275,105.2699966430664
2000-02-29,23.3700008392334,,1366.4200439453125,,6.408999919891357,105.91999816894531
2000-03-01,21.639999389648438,,1379.18994140625,,6.379000186920166,104.88999938964844
2000-03-02,21.059999465942383,,1381.760009765625,,6.395999908447266,105.6500015258789
2000-03-03,19.209999084472656,,1409.1700439453125,,6.370999813079834,106.0
2000-03-06,21.5,,1391.280029296875,,6.408999919891357,106.16000366210938
2000-03-07,24.309999465942383,,1355.6199951171875,,6.382999897003174,106.08999633789062
2000-03-08,23.81999969482422,,1366.699951171875,,6.375,105.93000030517578
2000-03-09,22.209999084472656,,1401.68994140625,,6.341000080108643,105.37000274658203
2000-03-10,21.239999771118164,,1395.0699462890625,,6.38700008392334,105.70999908447266
2000-03-13,22.850000381469727,,1383.6199951171875,,6.361999988555908,105.5
2000-03-14,24.40999984741211,,1359.1500244140625,,6.297999858856201,105.30000305175781
2000-03-15,22.34000015258789,,1392.1400146484375,,6.276000022888184,105.37999725341797
2000-03-16,20.770000457763672,,1458.469970703125,,6.23799991607666,105.18000030517578
2000-03-17,22.3700008392334,,1464.469970703125,,6.188000202178955,105.19999694824219
2000-03-20,22.959999084472656,,1456.6300048828125,,6.171000003814697,105.1500015258789
2000-03-21,21.700000762939453,,1493.8699951171875,,6.13700008392334,105.80999755859375
2000-03-22,21.489999771118164,,1500.6400146484375,,6.119999885559082,106.04000091552734
2000-03-23,22.260000228881836,,1527.3499755859375,,6.070000171661377,105.2300033569336
2000-03-24,23.309999465942383,,1527.4599609375,,6.173999786376953,104.7699966430664
2000-03-27,24.530000686645508,,1523.8599853515625,,6.195000171661377,105.44999694824219
2000-03-28,24.860000610351562,,1507.72998046875,,6.170000076293945,105.52999877929688
2000-03-29,24.100000381469727,,1508.52001953125,,6.14900016784668,106.25
2000-03-30,25.469999313354492,,1487.9200439453125,,6.065000057220459,105.47000122070312
2000-03-31,24.110000610351562,,1498.5799560546875,,6.0229997634887695,105.44000244140625
2000-04-03,24.030000686645508,,1505.969970703125,,5.986000061035156,105.54000091552734
2000-04-04,27.1200008392334,,1494.72998046875,,5.841000080108643,105.16999816894531
2000-04-05,28.40999984741211,,1487.3699951171875,,5.881999969482422,105.29000091552734
2000-04-06,27.149999618530273,,1501.3399658203125,,5.914999961853027,105.5199966430664
2000-04-07,24.389999389648438,,1516.3499755859375,,5.848999977111816,105.97000122070312
2000-04-10,25.989999771118164,,1504.4599609375,,5.791999816894531,105.68000030517578
2000-04-11,27.25,,1500.5899658203125,,5.876999855041504,105.94000244140625
2000-04-12,28.979999542236328,,1467.1700439453125,,5.9679999351501465,105.95999908447266
2000-04-13,29.399999618530273,,1440.510009765625,,5.914000034332275,106.13999938964844
2000-04-14,33.4900016784668,,1356.56005859375,,5.885000228881836,105.75
2000-04-17,28.950000762939453,,1401.43994140625,,5.992000102996826,106.12999725341797
2000-04-18,26.1200008392334,,1441.6099853515625,,6.046000003814697,106.62999725341797
2000-04-19,27.020000457763672,,1427.469970703125,,5.974999904632568,107.12999725341797
2000-04-20,25.850000381469727,,1434.5400390625,,5.98799991607666,107.44999694824219
2000-04-24,27.3700008392334,,1429.8599853515625,,5.986999988555908,107.27999877929688
2000-04-25,25.239999771118164,,1477.43994140625,,6.117000102996826,108.69000244140625
2000-04-26,26.969999313354492,,1460.989990234375,,6.130000114440918,108.55000305175781
2000-04-27,26.190000534057617,,1464.9200439453125,,6.235000133514404,109.56999969482422
2000-04-28,26.200000762939453,,1452.4300537109375,,6.214000225067139,110.13999938964844
2000-05-01,25.8799991607666,,1468.25,,6.255000114440918,109.62999725341797
2000-05-02,28.5,,1446.2900390625,,6.311999797821045,110.26000213623047
2000-05-03,31.6299991607666,,1415.0999755859375,,6.4029998779296875,111.26000213623047
2000-05-04,30.770000457763672,,1409.5699462890625,,6.446000099182129,111.80000305175781
2000-05-05,27.530000686645508,,1432.6300048828125,,6.506999969482422,111.30999755859375
2000-05-08,28.200000762939453,,1424.1700439453125,,6.559999942779541,111.44999694824219
2000-05-09,28.93000030517578,,1412.1400146484375,,6.52400016784668,110.75
2000-05-10,29.8700008392334,,1383.050048828125,,6.436999797821045,110.80000305175781
2000-05-11,27.760000228881836,,1407.81005859375,,6.4070000648498535,111.5199966430664
2000-05-12,26.049999237060547,,1420.9599609375,,6.498000144958496,109.9000015258789
2000-05-15,24.860000610351562,,1452.3599853515625,,6.459000110626221,110.55999755859375
2000-05-16,24.34000015258789,,1466.0400390625,,6.4019999504089355,111.30999755859375
2000-05-17,23.979999542236328,,1447.800048828125,,6.4629998207092285,112.0999984741211
2000-05-18,23.959999084472656,,1437.2099609375,,6.546000003814697,112.20999908447266
2000-05-19,25.440000534057617,,1406.949951171875,,6.511000156402588,111.47000122070312
2000-05-22,26.0,,1400.719970703125,,6.420000076293945,111.05999755859375
2000-05-23,25.8700008392334,,1373.8599853515625,,6.446000099182129,111.13999938964844
2000-05-24,24.31999969482422,,1399.050048828125,,6.459000110626221,111.22000122070312
2000-05-25,24.579999923706055,,1381.52001953125,,6.372000217437744,110.75
2000-05-26,24.469999313354492,,1378.02001953125,,6.320000171661377,109.12000274658203
2000-05-30,23.6200008392334,,1422.449951171875,,6.367000102996826,108.93000030517578
2000-05-31,23.649999618530273,,1420.5999755859375,,6.284999847412109,108.73999786376953
2000-06-01,22.360000610351562,,1448.81005859375,,6.195000171661377,109.05000305175781
2000-06-02,21.479999542236328,,1477.260009765625,,6.1479997634887695,108.12000274658203
2000-06-05,22.709999084472656,,1467.6300048828125,,6.10099983215332,107.45999908447266
2000-06-06,23.049999237060547,,1457.8399658203125,,6.126999855041504,106.58999633789062
2000-06-07,22.479999542236328,,1471.3599853515625,,6.113999843597412,106.18000030517578
2000-06-08,22.770000457763672,,1461.6700439453125,,6.105000019073486,106.70999908447266
2000-06-09,22.139999389648438,,1456.949951171875,,6.11299991607666,106.98999786376953
2000-06-12,22.31999969482422,,1446.0,,6.074999809265137,106.97000122070312
2000-06-13,21.670000076293945,,1469.43994140625,,6.10099983215332,106.4000015258789
2000-06-14,21.479999542236328,,1470.5400390625,,6.040999889373779,106.45999908447266
2000-06-15,20.68000030517578,,1478.72998046875,,6.0370001792907715,106.87999725341797
2000-06-16,20.5,,1464.4599609375,,5.968999862670898,105.95999908447266
2000-06-19,20.6299991607666,,1486.0,,5.989999771118164,106.33000183105469
2000-06-20,20.8799991607666,,1475.949951171875,,6.014999866485596,106.33000183105469
2000-06-21,20.610000610351562,,1479.1300048828125,,6.0960001945495605,107.43000030517578
2000-06-22,22.0,,1452.1800537109375,,6.11299991607666,107.70999908447266
2000-06-23,22.34000015258789,,1441.47998046875,,6.177000045776367,108.01000213623047
2000-06-26,22.450000762939453,,1455.31005859375,,6.09499979019165,108.11000061035156
2000-06-27,21.799999237060547,,1450.550048828125,,6.078000068664551,107.36000061035156
2000-06-28,20.290000915527344,,1454.8199462890625,,6.104000091552734,107.5999984741211
2000-06-29,19.700000762939453,,1442.3900146484375,,6.031000137329102,106.83999633789062
2000-06-30,19.540000915527344,,1454.5999755859375,,6.01800012588501,106.83999633789062
2000-07-03,19.829999923706055,,1469.5400390625,,5.980000019073486,107.05999755859375
2000-07-05,21.15999984741211,,1446.22998046875,,5.97599983215332,107.12000274658203
2000-07-06,20.940000534057617,,1456.6700439453125,,6.031000137329102,107.37000274658203
2000-07-07,19.219999313354492,,1478.9000244140625,,5.997000217437744,107.6500015258789
2000-07-10,20.329999923706055,,1475.6199951171875,,6.026000022888184,107.01000213623047
2000-07-11,20.110000610351562,,1480.8800048828125,,6.047999858856201,107.13999938964844
2000-07-12,20.030000686645508,,1492.9200439453125,,6.077000141143799,108.12000274658203
2000-07-13,20.030000686645508,,1495.8399658203125,,5.992000102996826,108.54000091552734
2000-07-14,19.31999969482422,,1509.97998046875,,6.093999862670898,108.44999694824219
2000-07-17,19.450000762939453,,1510.489990234375,,6.145999908447266,108.69999694824219
2000-07-18,19.75,,1493.739990234375,,6.140999794006348,109.37999725341797
2000-07-19,19.649999618530273,,1481.9599609375,,6.150000095367432,109.58999633789062
2000-07-20,18.940000534057617,,1495.5699462890625,,6.013000011444092,108.61000061035156
2000-07-21,18.940000534057617,,1480.18994140625,,6.0,108.41999816894531
2000-07-24,19.920000076293945,,1464.2900390625,,6.025000095367432,108.69000244140625
2000-07-25,19.389999389648438,,1474.469970703125,,6.020999908447266,108.37999725341797
2000-07-26,19.670000076293945,,1452.4200439453125,,6.020999908447266,108.11000061035156
2000-07-27,19.600000381469727,,1449.6199951171875,,6.0,108.88999938964844
2000-07-28,20.84000015258789,,1419.8900146484375,,6.025000095367432,109.73999786376953
2000-07-31,20.739999771118164,,1430.8299560546875,,6.0289998054504395,109.56999969482422
2000-08-01,20.549999237060547,,1438.0999755859375,,5.991000175476074,110.05000305175781
2000-08-02,20.0,,1438.699951171875,,5.968999862670898,110.66999816894531
2000-08-03,19.989999771118164,,1452.56005859375,,5.943999767303467,110.9800033569336
2000-08-04,18.6200008392334,,1462.9300537109375,,5.901000022888184,110.8499984741211
2000-08-07,19.030000686645508,,1479.3199462890625,,5.947999954223633,110.80000305175781
2000-08-08,18.790000915527344,,1482.800048828125,,5.914000034332275,111.31999969482422
2000-08-09,19.18000030517578,,1472.8699951171875,,5.908999919891357,111.44000244140625
2000-08-10,19.190000534057617,,1460.25,,5.75,110.9000015258789
2000-08-11,18.549999237060547,,1471.8399658203125,,5.7870001792907715,111.20999908447266
2000-08-14,17.8799991607666,,1491.56005859375,,5.770999908447266,111.08000183105469
2000-08-15,17.979999542236328,,1484.4300537109375,,5.800000190734863,110.51000213623047
2000-08-16,18.020000457763672,,1479.8499755859375,,5.816999912261963,110.26000213623047
2000-08-17,17.479999542236328,,1496.0699462890625,,5.803999900817871,110.11000061035156
2000-08-18,17.049999237060547,,1491.719970703125,,5.765999794006348,111.01000213623047
2000-08-21,17.350000381469727,,1499.47998046875,,5.770999908447266,111.45999908447266
2000-08-22,17.469999313354492,,1498.1300048828125,,5.76200008392334,111.79000091552734
2000-08-23,17.3799991607666,,1505.969970703125,,5.724999904632568,111.41999816894531
2000-08-24,17.040000915527344,,1508.31005859375,,5.716000080108643,111.2300033569336
2000-08-25,16.530000686645508,,1506.449951171875,,5.7210001945495605,111.3499984741211
2000-08-28,16.540000915527344,,1514.0899658203125,,5.765999794006348,111.45999908447266
2000-08-29,16.889999389648438,,1509.8399658203125,,5.808000087738037,112.19999694824219
2000-08-30,17.690000534057617,,1502.5899658203125,273.8999938964844,5.800000190734863,112.13999938964844
2000-08-31,16.84000015258789,,1517.6800537109375,278.29998779296875,5.729000091552734,112.5999984741211
2000-09-01,17.530000686645508,,1520.77001953125,277.0,5.675000190734863,111.41999816894531
2000-09-05,19.81999969482422,,1507.0799560546875,275.79998779296875,5.683000087738037,112.41000366210938
2000-09-06,20.790000915527344,,1492.25,274.20001220703125,5.711999893188477,114.12000274658203
2000-09-07,19.420000076293945,,1502.510009765625,274.0,5.749000072479248,113.6500015258789
2000-09-08,18.459999084472656,,1494.5,273.29998779296875,5.723999977111816,114.33999633789062
2000-09-11,18.399999618530273,,1489.260009765625,273.1000061035156,5.757999897003174,115.37000274658203
2000-09-12,18.59000015258789,,1481.989990234375,272.8999938964844,5.769999980926514,115.16999816894531
2000-09-13,18.31999969482422,,1484.9100341796875,272.79998779296875,5.728000164031982,115.33999633789062
2000-09-14,18.260000228881836,,1480.8699951171875,272.3999938964844,5.77400016784668,115.16000366210938
2000-09-15,18.520000457763672,,1465.81005859375,272.29998779296875,5.833000183105469,115.94000244140625
2000-09-18,20.25,,1444.510009765625,271.3999938964844,5.870999813079834,116.0
2000-09-19,19.540000915527344,,1459.9000244140625,271.8999938964844,5.849999904632568,116.11000061035156
2000-09-20,19.93000030517578,,1451.3399658203125,269.0,5.892000198364258,116.41000366210938
2000-09-21,20.18000030517578,,1449.050048828125,270.29998779296875,5.870999813079834,115.2699966430664
2000-09-22,20.739999771118164,,1448.719970703125,271.79998779296875,5.828999996185303,113.55999755859375
2000-09-25,21.40999984741211,,1439.030029296875,274.1000061035156,5.833000183105469,114.05999755859375
2000-09-26,21.8799991607666,,1427.2099609375,273.8999938964844,5.798999786376953,113.16000366210938
2000-09-27,21.670000076293945,,1426.5699462890625,278.3999938964844,5.820000171661377,113.11000061035156
2000-09-28,19.469999313354492,,1458.2900390625,275.6000061035156,5.811999797821045,113.30999755859375
2000-09-29,20.56999969482422,,1436.510009765625,273.6000061035156,5.7779998779296875,113.25
2000-10-02,21.229999542236328,,1436.22998046875,273.1000061035156,5.820000171661377,113.79000091552734
2000-10-03,21.850000381469727,,1426.4599609375,271.6000061035156,5.867000102996826,114.22000122070312
2000-10-04,21.540000915527344,,1434.3199462890625,270.29998779296875,5.892000198364258,114.16999816894531
2000-10-05,21.030000686645508,,1436.280029296875,270.6000061035156,5.854000091552734,114.73999786376953
2000-10-06,22.709999084472656,,1408.989990234375,269.29998779296875,5.815999984741211,114.8499984741211
2000-10-09,24.020000457763672,,1402.030029296875,270.1000061035156,5.815999984741211,114.80999755859375
2000-10-10,24.860000610351562,,1387.02001953125,272.3999938964844,5.795000076293945,114.36000061035156
2000-10-11,26.56999969482422,,1364.5899658203125,270.5,5.769999980926514,114.48999786376953
2000-10-12,30.510000228881836,,1329.780029296875,276.3999938964844,5.715000152587891,114.88999938964844
2000-10-13,27.600000381469727,,1374.1700439453125,272.3999938964844,5.715000152587891,115.86000061035156
2000-10-16,26.790000915527344,,1374.6199951171875,271.5,5.739999771118164,116.38999938964844
2000-10-17,27.84000015258789,,1349.969970703125,271.1000061035156,5.664999961853027,115.88999938964844
2000-10-18,28.719999313354492,,1342.1300048828125,270.29998779296875,5.6570000648498535,117.33000183105469
2000-10-19,25.09000015258789,,1388.760009765625,270.1000061035156,5.6519999504089355,116.94000244140625
2000-10-20,24.239999771118164,,1396.9300537109375,271.20001220703125,5.636000156402588,117.16000366210938
2000-10-23,24.690000534057617,,1395.780029296875,270.1000061035156,5.581999778747559,117.54000091552734
2000-10-24,24.280000686645508,,1398.1300048828125,270.1000061035156,5.623000144958496,117.41999816894531
2000-10-25,26.649999618530273,,1364.9000244140625,266.20001220703125,5.685999870300293,118.48999786376953
2000-10-26,28.6200008392334,,1364.43994140625,264.8999938964844,5.672999858856201,118.5
2000-10-27,26.469999313354492,,1379.5799560546875,264.3999938964844,5.710999965667725,117.38999938964844
2000-10-30,25.459999084472656,,1398.6600341796875,264.29998779296875,5.728000164031982,117.25
2000-10-31,23.6299991607666,,1429.4000244140625,264.8999938964844,5.756999969482422,116.6500015258789
2000-11-01,24.280000686645508,,1421.219970703125,263.8999938964844,5.736000061035156,115.55999755859375
2000-11-02,23.920000076293945,,1428.3199462890625,264.3999938964844,5.739999771118164,115.61000061035156
2000-11-03,23.670000076293945,,1426.68994140625,264.6000061035156,5.803999900817871,114.97000122070312
2000-11-06,24.520000457763672,,1432.18994140625,264.5,5.855000019073486,115.69000244140625
2000-11-07,24.90999984741211,,1431.8699951171875,264.29998779296875,5.859000205993652,115.5199966430664
2000-11-08,25.65999984741211,,1409.280029296875,265.0,5.849999904632568,116.2300033569336
2000-11-09,27.200000762939453,,1400.1400146484375,265.79998779296875,5.808000087738037,115.33999633789062
2000-11-10,28.530000686645508,,1365.97998046875,264.5,5.795000076293945,115.79000091552734
2000-11-13,29.059999465942383,,1351.260009765625,264.29998779296875,5.761000156402588,115.69999694824219
2000-11-14,26.809999465942383,,1382.949951171875,264.8999938964844,5.74399995803833,116.22000122070312
2000-11-15,26.149999618530273,,1389.81005859375,265.1000061035156,5.697999954223633,116.3499984741211
2000-11-16,25.049999237060547,,1372.3199462890625,265.79998779296875,5.669000148773193,116.93000030517578
2000-11-17,24.809999465942383,,1367.719970703125,265.70001220703125,5.693999767303467,117.30999755859375
2000-11-20,27.43000030517578,,1342.6199951171875,266.29998779296875,5.664000034332275,117.3499984741211
2000-11-21,26.6200008392334,,1347.3499755859375,265.70001220703125,5.659999847412109,117.94999694824219
2000-11-22,27.709999084472656,,1322.3599853515625,266.29998779296875,5.5929999351501465,117.8499984741211
2000-11-24,26.0,,1341.77001953125,266.29998779296875,5.622000217437744,118.4800033569336
2000-11-27,26.93000030517578,,1348.969970703125,270.1000061035156,5.625999927520752,117.0999984741211
2000-11-28,27.639999389648438,,1336.0899658203125,269.79998779296875,5.589000225067139,116.58000183105469
2000-11-29,27.489999771118164,,1341.9300537109375,266.3999938964844,5.543000221252441,116.61000061035156
2000-11-30,29.649999618530273,,1314.949951171875,270.1000061035156,5.439000129699707,115.23999786376953
2000-12-01,27.479999542236328,,1315.22998046875,268.70001220703125,5.513000011444092,114.7300033569336
2000-12-04,27.780000686645508,,1324.969970703125,270.70001220703125,5.521999835968018,113.70999908447266
2000-12-05,24.989999771118164,,1376.5400390625,270.3999938964844,5.429999828338623,114.47000122070312
2000-12-06,25.06999969482422,,1351.4599609375,274.29998779296875,5.318999767303467,113.30999755859375
2000-12-07,25.34000015258789,,1343.550048828125,273.20001220703125,5.298999786376953,113.54000091552734
2000-12-08,22.40999984741211,,1369.8900146484375,272.20001220703125,5.343999862670898,114.05000305175781
2000-12-11,23.510000228881836,,1380.199951171875,270.20001220703125,5.360000133514404,114.29000091552734
2000-12-12,24.8799991607666,,1371.1800537109375,270.29998779296875,5.3429999351501465,114.26000213623047
2000-12-13,23.6299991607666,,1359.989990234375,268.6000061035156,5.2779998779296875,114.70999908447266
2000-12-14,24.860000610351562,,1340.9300537109375,269.0,5.2129998207092285,113.37999725341797
2000-12-15,26.549999237060547,,1312.1500244140625,270.3999938964844,5.176000118255615,112.9000015258789
2000-12-18,27.700000762939453,,1322.739990234375,269.70001220703125,5.156000137329102,113.06999969482422
2000-12-19,27.170000076293945,,1305.5999755859375,269.70001220703125,5.184000015258789,113.20999908447266
2000-12-20,31.739999771118164,,1264.739990234375,272.5,5.074999809265137,111.97000122070312
2000-12-21,29.65999984741211,,1274.8599853515625,273.70001220703125,5.0229997634887695,111.51000213623047
2000-12-22,27.549999237060547,,1305.949951171875,273.70001220703125,5.001999855041504,110.81999969482422
2000-12-26,28.729999542236328,,1315.18994140625,274.1000061035156,5.021999835968018,110.30999755859375
2000-12-27,28.139999389648438,,1328.9200439453125,275.20001220703125,5.085999965667725,110.31999969482422
2000-12-28,26.56999969482422,,1334.219970703125,271.70001220703125,5.113999843597412,110.37999725341797
2000-12-29,26.850000381469727,,1320.280029296875,272.0,5.110000133514404,109.55999755859375
2001-01-02,29.989999771118164,,1283.27001953125,268.3999938964844,4.916999816894531,108.7699966430664
2001-01-03,26.600000381469727,,1347.56005859375,268.0,5.0970001220703125,110.16999816894531
2001-01-04,26.969999313354492,,1333.3399658203125,267.29998779296875,5.013000011444092,108.80999755859375
2001-01-05,28.670000076293945,,1298.3499755859375,268.0,4.947999954223633,108.41999816894531
2001-01-08,29.84000015258789,,1295.8599853515625,268.0,4.896999835968018,108.86000061035156
2001-01-09,27.989999771118164,,1300.800048828125,267.5,4.964000225067139,109.5199966430664
2001-01-10,26.799999237060547,,1313.27001953125,264.70001220703125,5.084000110626221,109.86000061035156
2001-01-11,25.790000915527344,,1326.8199462890625,264.0,5.116000175476074,109.01000213623047
2001-01-12,24.559999465942383,,1318.550048828125,263.8999938964844,5.230000019073486,109.36000061035156
2001-01-16,25.280000686645508,,1326.6500244140625,263.29998779296875,5.234000205993652,110.11000061035156
2001-01-17,24.93000030517578,,1329.469970703125,263.20001220703125,5.156000137329102,110.80999755859375
2001-01-18,23.3700008392334,,1347.969970703125,264.20001220703125,5.09499979019165,109.94000244140625
2001-01-19,23.239999771118164,,1342.5400390625,264.29998779296875,5.173999786376953,110.66000366210938
2001-01-22,23.25,,1342.9000244140625,266.3999938964844,5.2210001945495605,110.23999786376953
2001-01-23,21.56999969482422,,1360.4000244140625,266.1000061035156,5.27400016784668,110.23999786376953
2001-01-24,22.030000686645508,,1364.300048828125,264.29998779296875,5.302999973297119,111.68000030517578
2001-01-25,22.639999389648438,,1357.510009765625,264.5,5.269999980926514,111.61000061035156
2001-01-26,22.56999969482422,,1354.949951171875,262.79998779296875,5.252999782562256,111.45999908447266
2001-01-29,22.610000610351562,,1364.1700439453125,262.79998779296875,5.295000076293945,111.7699966430664
2001-01-30,22.56999969482422,,1373.72998046875,265.5,5.211999893188477,110.9800033569336
2001-01-31,22.020000457763672,,1366.010009765625,265.6000061035156,5.178999900817871,110.5199966430664
2001-02-01,21.65999984741211,,1373.469970703125,268.5,5.060999870300293,109.66000366210938
2001-02-02,21.950000762939453,,1349.469970703125,267.1000061035156,5.138000011444092,110.31999969482422
2001-02-05,22.190000534057617,,1354.31005859375,265.20001220703125,5.145999908447266,109.88999938964844
2001-02-06,21.979999542236328,,1352.260009765625,263.29998779296875,5.195000171661377,110.7699966430664
2001-02-07,21.670000076293945,,1340.8900146484375,262.79998779296875,5.178999900817871,110.88999938964844
2001-02-08,21.459999084472656,,1332.530029296875,260.1000061035156,5.098999977111816,112.05999755859375
2001-02-09,22.030000686645508,,1314.760009765625,259.8999938964844,5.015999794006348,111.5199966430664
2001-02-12,21.920000076293945,,1330.31005859375,260.70001220703125,5.047999858856201,111.19000244140625
2001-02-13,21.3700008392334,,1318.800048828125,260.29998779296875,5.067999839782715,111.95999908447266
2001-02-14,21.520000457763672,,1315.9200439453125,259.3999938964844,5.105000019073486,112.04000091552734
2001-02-15,20.270000457763672,,1326.6099853515625,255.10000610351562,5.177999973297119,113.19999694824219
2001-02-16,22.1200008392334,,1301.530029296875,258.20001220703125,5.0929999351501465,112.26000213623047
2001-02-20,24.690000534057617,,1278.93994140625,256.1000061035156,5.0970001220703125,112.81999969482422
2001-02-21,25.75,,1255.27001953125,258.20001220703125,5.129000186920166,113.12000274658203
2001-02-22,26.760000228881836,,1252.8199462890625,258.5,5.1539998054504395,113.33999633789062
2001-02-23,27.209999084472656,,1245.8599853515625,260.8999938964844,5.079999923706055,112.02999877929688
2001-02-26,25.43000030517578,,1267.6500244140625,265.79998779296875,5.035999774932861,112.7699966430664
2001-02-27,26.489999771118164,,1257.93994140625,267.3999938964844,4.955999851226807,112.33999633789062
2001-02-28,28.350000381469727,,1239.93994140625,266.79998779296875,4.9079999923706055,112.01000213623047
2001-03-01,28.079999923706055,,1241.22998046875,265.20001220703125,4.855999946594238,111.27999877929688
2001-03-02,27.43000030517578,,1234.1800537109375,262.1000061035156,4.942999839782715,111.16999816894531
2001-03-05,27.1200008392334,,1241.4100341796875,262.5,4.9629998207092285,111.54000091552734
2001-03-06,25.889999389648438,,1253.800048828125,259.8999938964844,4.9710001945495605,111.19999694824219
2001-03-07,24.1200008392334,,1261.8900146484375,261.3999938964844,4.919000148773193,111.83000183105469
2001-03-08,24.290000915527344,,1264.739990234375,265.3999938964844,4.88700008392334,111.48999786376953
2001-03-09,25.6200008392334,,1233.4200439453125,270.79998779296875,4.931000232696533,111.44000244140625
2001-03-12,30.31999969482422,,1180.1600341796875,271.6000061035156,4.919000148773193,112.01000213623047
2001-03-13,27.549999237060547,,1197.6600341796875,266.79998779296875,4.931000232696533,113.11000061035156
2001-03-14,29.610000610351562,,1166.7099609375,262.5,4.85099983215332,113.69999694824219
2001-03-15,28.559999465942383,,1173.56005859375,260.0,4.803999900817871,114.70999908447266
2001-03-16,29.90999984741211,,1150.530029296875,258.1000061035156,4.751999855041504,115.31999969482422
2001-03-19,29.780000686645508,,1170.81005859375,259.79998779296875,4.815000057220459,115.19999694824219
2001-03-20,30.959999084472656,,1142.6199951171875,260.5,4.790999889373779,114.11000061035156
2001-03-21,31.93000030517578,,1122.1400146484375,261.8999938964844,4.76800012588501,115.52999877929688
2001-03-22,32.84000015258789,,1117.5799560546875,261.1000061035156,4.708000183105469,116.30000305175781
2001-03-23,30.450000762939453,,1139.8299560546875,261.5,4.798999786376953,115.94000244140625
2001-03-26,29.040000915527344,,1152.68994140625,261.8999938964844,4.8470001220703125,115.20999908447266
2001-03-27,27.040000915527344,,1182.1700439453125,261.0,4.982999801635742,115.43000030517578
2001-03-28,28.579999923706055,,1153.2900390625,259.70001220703125,4.9710001945495605,116.01000213623047
2001-03-29,29.170000076293945,,1147.949951171875,258.79998779296875,4.9629998207092285,116.5999984741211
2001-03-30,28.639999389648438,,1160.3299560546875,257.8999938964844,4.914999961853027,117.37000274658203
2001-04-02,31.209999084472656,,1145.8699951171875,255.60000610351562,4.9710001945495605,117.33999633789062
2001-04-03,34.720001220703125,,1106.4599609375,256.79998779296875,4.934999942779541,115.62999725341797
2001-04-04,34.06999969482422,,1103.25,258.3999938964844,4.922999858856201,115.08000183105469
2001-04-05,29.940000534057617,,1151.43994140625,258.1000061035156,4.9629998207092285,115.47000122070312
2001-04-06,31.690000534057617,,1128.4300537109375,260.0,4.874000072479248,114.75
2001-04-09,31.90999984741211,,1137.5899658203125,258.29998779296875,4.906000137329102,115.20999908447266
2001-04-10,29.440000534057617,,1168.3800048828125,257.29998779296875,5.067999839782715,116.0199966430664
2001-04-11,28.459999084472656,,1165.8900146484375,258.70001220703125,5.109000205993652,116.12999725341797
2001-04-12,26.1200008392334,,1183.5,260.1000061035156,5.145999908447266,115.54000091552734
2001-04-16,26.329999923706055,,1179.6800537109375,263.29998779296875,5.275000095367432,116.18000030517578
2001-04-17,25.610000610351562,,1191.81005859375,261.1000061035156,5.188000202178955,116.45999908447266
2001-04-18,24.1299991607666,,1238.1600341796875,261.29998779296875,5.118000030517578,116.12999725341797
2001-04-19,24.15999984741211,,1253.68994140625,265.29998779296875,5.232999801635742,115.0199966430664
2001-04-20,25.3799991607666,,1242.97998046875,264.79998779296875,5.263000011444092,114.31999969482422
2001-04-23,28.15999984741211,,1224.3599853515625,263.70001220703125,5.188000202178955,114.7699966430664
2001-04-24,28.489999771118164,,1209.469970703125,264.1000061035156,5.188000202178955,115.19999694824219
2001-04-25,27.399999618530273,,1228.75,262.3999938964844,5.254000186920166,114.9800033569336
2001-04-26,25.959999084472656,,1234.52001953125,264.3999938964844,5.191999912261963,114.45999908447266
2001-04-27,24.020000457763672,,1253.050048828125,263.8999938964844,5.313000202178955,115.62000274658203
2001-04-30,25.479999542236328,,1249.4599609375,264.0,5.3379998207092285,115.8499984741211
2001-05-01,24.200000762939453,,1266.43994140625,264.3999938964844,5.288000106811523,115.30000305175781
2001-05-02,24.229999542236328,,1267.4300537109375,265.3999938964844,5.283999919891357,115.16000366210938
2001-05-03,25.780000686645508,,1248.5799560546875,266.29998779296875,5.201000213623047,115.37999725341797
2001-05-04,23.90999984741211,,1266.6099853515625,266.1000061035156,5.184000015258789,114.93000030517578
2001-05-07,24.860000610351562,,1263.510009765625,266.1000061035156,5.204999923706055,115.31999969482422
2001-05-08,24.440000534057617,,1261.199951171875,265.1000061035156,5.2170000076293945,116.08000183105469
2001-05-09,24.350000381469727,,1255.5400390625,270.0,5.168000221252441,116.05000305175781
2001-05-10,24.0,,1255.1800537109375,269.1000061035156,5.271999835968018,116.37000274658203
2001-05-11,23.540000915527344,,1245.6700439453125,267.8999938964844,5.484000205993652,116.83999633789062
2001-05-14,24.260000228881836,,1248.9200439453125,268.29998779296875,5.415999889373779,117.13999938964844
2001-05-15,23.709999084472656,,1249.43994140625,268.1000061035156,5.480000019073486,116.79000091552734
2001-05-16,21.889999389648438,,1284.989990234375,272.0,5.4670000076293945,116.13999938964844
2001-05-17,21.469999313354492,,1288.489990234375,273.6000061035156,5.4670000076293945,116.12000274658203
2001-05-18,21.229999542236328,,1291.9599609375,287.3999938964844,5.390999794006348,116.41000366210938
2001-05-21,20.760000228881836,,1312.8299560546875,285.3999938964844,5.386000156402588,116.5199966430664
2001-05-22,21.350000381469727,,1309.3800048828125,285.1000061035156,5.39900016784668,117.69000244140625
2001-05-23,22.079999923706055,,1289.050048828125,283.6000061035156,5.390999794006348,118.29000091552734
2001-05-24,20.56999969482422,,1293.1700439453125,279.1000061035156,5.488999843597412,118.36000061035156
2001-05-25,20.600000381469727,,1277.8900146484375,277.8999938964844,5.485000133514404,118.18000030517578
2001-05-29,22.139999389648438,,1267.9300537109375,273.79998779296875,5.506999969482422,118.22000122070312
2001-05-30,22.760000228881836,,1248.0799560546875,265.70001220703125,5.502999782562256,118.22000122070312
2001-05-31,22.639999389648438,,1255.8199462890625,265.29998779296875,5.413000106811523,119.06999969482422
2001-06-01,21.59000015258789,,1260.6700439453125,266.3999938964844,5.354000091552734,118.88999938964844
2001-06-04,21.3799991607666,,1267.1099853515625,264.8999938964844,5.323999881744385,119.19000244140625
2001-06-05,19.579999923706055,,1283.5699462890625,265.70001220703125,5.261000156402588,118.69999694824219
2001-06-06,20.389999389648438,,1270.030029296875,265.70001220703125,5.264999866485596,119.36000061035156
2001-06-07,19.670000076293945,,1276.9599609375,266.0,5.295000076293945,119.08999633789062
2001-06-08,19.920000076293945,,1264.9599609375,273.3999938964844,5.333000183105469,119.20999908447266
2001-06-11,20.700000762939453,,1254.3900146484375,267.8999938964844,5.2870001792907715,120.05000305175781
2001-06-12,20.700000762939453,,1255.8499755859375,271.5,5.239999771118164,119.61000061035156
2001-06-13,21.450000762939453,,1241.5999755859375,272.0,5.256999969482422,119.02999877929688
2001-06-14,23.1200008392334,,1219.8699951171875,275.29998779296875,5.215000152587891,117.98999786376953
2001-06-15,22.809999465942383,,1214.3599853515625,271.20001220703125,5.228000164031982,118.29000091552734
2001-06-18,23.170000076293945,,1208.4300537109375,272.3999938964844,5.241000175476074,118.36000061035156
2001-06-19,22.34000015258789,,1212.5799560546875,273.3999938964844,5.228000164031982,119.04000091552734
2001-06-20,21.709999084472656,,1223.1400146484375,272.3999938964844,5.198999881744385,119.12999725341797
2001-06-21,19.3799991607666,,1237.0400390625,272.6000061035156,5.177999973297119,118.88999938964844
2001-06-22,20.020000457763672,,1225.3499755859375,272.29998779296875,5.124000072479248,118.91000366210938
2001-06-25,20.670000076293945,,1218.5999755859375,273.70001220703125,5.131999969482422,118.31999969482422
2001-06-26,21.200000762939453,,1216.760009765625,276.20001220703125,5.223999977111816,118.06999969482422
2001-06-27,20.8799991607666,,1211.0699462890625,272.1000061035156,5.232999801635742,118.37999725341797
2001-06-28,20.010000228881836,,1226.199951171875,269.29998779296875,5.326000213623047,120.01000213623047
2001-06-29,19.059999465942383,,1224.3800048828125,270.6000061035156,5.389999866485596,119.43000030517578
2001-07-02,18.760000228881836,,1236.719970703125,269.3999938964844,5.330999851226807,119.66999816894531
2001-07-03,18.920000076293945,,1234.449951171875,267.6000061035156,5.377999782562256,119.5999984741211
2001-07-05,20.09000015258789,,1219.239990234375,265.1000061035156,5.4120001792907715,120.9000015258789
2001-07-06,21.6299991607666,,1190.5899658203125,265.8999938964844,5.374000072479248,119.9000015258789
2001-07-09,22.479999542236328,,1198.780029296875,266.5,5.340000152587891,119.88999938964844
2001-07-10,23.25,,1181.52001953125,266.20001220703125,5.271999835968018,119.12999725341797
2001-07-11,24.010000228881836,,1180.1800537109375,268.29998779296875,5.284999847412109,118.63999938964844
2001-07-12,22.09000015258789,,1208.1400146484375,266.6000061035156,5.230000019073486,119.08999633789062
2001-07-13,21.139999389648438,,1215.6800537109375,267.1000061035156,5.234000205993652,119.33000183105469
2001-07-16,22.90999984741211,,1202.449951171875,266.8999938964844,5.175000190734863,119.30000305175781
2001-07-17,22.610000610351562,,1214.43994140625,268.1000061035156,5.178999900817871,118.9000015258789
2001-07-18,23.600000381469727,,1207.7099609375,270.3999938964844,5.086999893188477,117.37999725341797
2001-07-19,22.510000228881836,,1215.02001953125,269.3999938964844,5.104000091552734,117.33000183105469
2001-07-20,22.34000015258789,,1210.8499755859375,269.8999938964844,5.111999988555908,117.20999908447266
2001-07-23,23.739999771118164,,1191.030029296875,268.79998779296875,5.107999801635742,117.8499984741211
2001-07-24,25.239999771118164,,1171.6500244140625,269.70001220703125,5.086999893188477,117.12000274658203
2001-07-25,24.0,,1190.489990234375,267.70001220703125,5.107999801635742,116.63999938964844
2001-07-26,23.010000228881836,,1202.9300537109375,266.20001220703125,5.150000095367432,116.73999786376953
2001-07-27,22.0,,1205.8199462890625,267.3999938964844,5.0960001945495605,116.94000244140625
2001-07-30,22.690000534057617,,1204.52001953125,264.6000061035156,5.0960001945495605,117.19999694824219
2001-07-31,21.6200008392334,,1211.22998046875,266.20001220703125,5.0370001792907715,117.18000030517578
2001-08-01,20.559999465942383,,1215.9300537109375,267.3999938964844,5.065999984741211,116.55999755859375
2001-08-02,20.09000015258789,,1220.75,267.3999938964844,5.125,116.27999877929688
2001-08-03,19.889999389648438,,1214.3499755859375,267.8999938964844,5.158999919891357,116.13999938964844
2001-08-06,21.889999389648438,,1200.47998046875,267.1000061035156,5.176000118255615,116.41999816894531
2001-08-07,21.010000228881836,,1204.4000244140625,267.20001220703125,5.171999931335449,116.83000183105469
2001-08-08,22.31999969482422,,1183.530029296875,267.8999938964844,5.053999900817871,116.54000091552734
2001-08-09,21.75,,1183.4300537109375,273.3999938964844,5.0279998779296875,115.25
2001-08-10,20.549999237060547,,1190.1600341796875,273.8999938964844,5.015999794006348,115.29000091552734
2001-08-13,20.420000076293945,,1191.2900390625,275.70001220703125,4.960000038146973,115.01000213623047
2001-08-14,20.479999542236328,,1186.72998046875,276.29998779296875,4.9679999351501465,114.38999938964844
2001-08-15,20.90999984741211,,1178.02001953125,275.70001220703125,4.992000102996826,113.19000244140625
2001-08-16,21.540000915527344,,1181.6600341796875,275.20001220703125,4.935999870300293,113.08000183105469
2001-08-17,23.84000015258789,,1161.969970703125,279.29998779296875,4.841000080108643,112.98999786376953
2001-08-20,22.8700008392334,,1171.4100341796875,276.1000061035156,4.895999908447266,113.4000015258789
2001-08-21,24.399999618530273,,1157.260009765625,275.0,4.875999927520752,113.29000091552734
2001-08-22,22.440000534057617,,1165.31005859375,274.8999938964844,4.895999908447266,113.2699966430664
2001-08-23,22.229999542236328,,1162.0899658203125,275.29998779296875,4.875999927520752,113.08999633789062
2001-08-24,19.709999084472656,,1184.9300537109375,272.5,4.9120001792907715,113.33000183105469
2001-08-27,20.559999465942383,,1179.2099609375,272.6000061035156,4.932000160217285,113.38999938964844
2001-08-28,22.0,,1161.510009765625,272.29998779296875,4.8480000495910645,113.43000030517578
2001-08-29,23.030000686645508,,1148.56005859375,273.70001220703125,4.7769999504089355,113.54000091552734
2001-08-30,25.40999984741211,,1129.030029296875,275.3999938964844,4.781000137329102,112.83999633789062
2001-08-31,24.920000076293945,,1133.5799560546875,274.3999938964844,4.815999984741211,113.41999816894531
2001-09-04,25.850000381469727,,1132.93994140625,271.6000061035156,4.979000091552734,115.68000030517578
2001-09-05,26.350000381469727,,1131.739990234375,272.0,4.9670000076293945,115.5999984741211
2001-09-06,28.610000610351562,,1106.4000244140625,273.0,4.855999946594238,114.97000122070312
2001-09-07,30.989999771118164,,1085.780029296875,273.1000061035156,4.796000003814697,114.05000305175781
2001-09-10,31.84000015258789,,1092.5400390625,271.6000061035156,4.835000038146973,114.56999969482422
2001-09-17,41.7599983215332,,1038.77001953125,289.79998779296875,4.611000061035156,112.01000213623047
2001-09-18,38.869998931884766,,1032.739990234375,288.1000061035156,4.704999923706055,111.91999816894531
2001-09-19,40.560001373291016,,1016.0999755859375,291.5,4.681000232696533,111.61000061035156
2001-09-20,43.7400016784668,,984.5399780273438,289.0,4.728000164031982,111.87000274658203
2001-09-21,42.65999984741211,,965.7999877929688,291.8999938964844,4.689000129699707,113.04000091552734
2001-09-24,37.75,,1003.4500122070312,289.70001220703125,4.699999809265137,112.83999633789062
2001-09-25,35.810001373291016,,1012.27001953125,290.5,4.699999809265137,112.27999877929688
2001-09-26,35.2599983215332,,1007.0399780273438,293.29998779296875,4.63700008392334,112.29000091552734
2001-09-27,34.0,,1018.6099853515625,291.70001220703125,4.559000015258789,112.9800033569336
2001-09-28,31.93000030517578,,1040.93994140625,292.3999938964844,4.574999809265137,113.4800033569336
2001-10-01,32.31999969482422,,1038.550048828125,292.20001220703125,4.543000221252441,113.0
2001-10-02,31.18000030517578,,1051.3299560546875,289.8999938964844,4.51200008392334,113.01000213623047
2001-10-03,31.34000015258789,,1072.280029296875,290.5,4.458000183105469,113.4000015258789
2001-10-04,31.969999313354492,,1069.6300048828125,290.5,4.507999897003174,113.16000366210938
2001-10-05,33.38999938964844,,1071.3800048828125,291.3999938964844,4.504000186920166,112.91000366210938
2001-10-08,35.119998931884766,,1062.43994140625,292.3999938964844,4.504000186920166,112.58999633789062
2001-10-09,34.83000183105469,,1056.75,288.8999938964844,4.573999881744385,113.3499984741211
2001-10-10,31.600000381469727,,1080.989990234375,285.70001220703125,4.589000225067139,113.69999694824219
2001-10-11,31.5,,1097.4300537109375,281.79998779296875,4.664000034332275,114.44000244140625
2001-10-12,35.27000045776367,,1091.6500244140625,284.8999938964844,4.658999919891357,113.88999938964844
2001-10-15,35.310001373291016,,1089.97998046875,282.1000061035156,4.607999801635742,113.81999969482422
2001-10-16,32.880001068115234,,1097.5400390625,282.29998779296875,4.568999767303467,113.91999816894531
2001-10-17,35.08000183105469,,1077.0899658203125,283.3999938964844,4.560999870300293,114.37999725341797
2001-10-18,34.95000076293945,,1068.6099853515625,279.20001220703125,4.560999870300293,114.3499984741211
2001-10-19,34.11000061035156,,1073.47998046875,280.1000061035156,4.599999904632568,114.86000061035156
2001-10-22,32.25,,1089.9000244140625,275.5,4.604000091552734,115.75
2001-10-23,32.0,,1084.780029296875,276.1000061035156,4.635000228881836,115.8499984741211
2001-10-24,30.950000762939453,,1085.199951171875,275.8999938964844,4.584000110626221,115.5999984741211
2001-10-25,29.459999084472656,,1100.0899658203125,277.79998779296875,4.5370001792907715,115.55000305175781
2001-10-26,28.420000076293945,,1104.6099853515625,277.8999938964844,4.520999908447266,115.6500015258789
2001-10-29,31.639999389648438,,1078.300048828125,279.1000061035156,4.4670000076293945,114.44000244140625
2001-10-30,33.459999084472656,,1059.7900390625,280.6000061035156,4.4120001792907715,114.3499984741211
2001-10-31,33.560001373291016,,1059.780029296875,279.5,4.263000011444092,114.86000061035156
2001-11-01,32.310001373291016,,1084.0999755859375,279.70001220703125,4.2170000076293945,114.45999908447266
2001-11-02,30.709999084472656,,1087.199951171875,279.79998779296875,4.3460001945495605,114.54000091552734
2001-11-05,30.5,,1102.8399658203125,278.5,4.296000003814697,114.54000091552734
2001-11-06,28.799999237060547,,1118.8599853515625,279.70001220703125,4.269000053405762,114.80999755859375
2001-11-07,29.1299991607666,,1115.800048828125,281.0,4.201000213623047,114.9800033569336
2001-11-08,28.6200008392334,,1118.5400390625,276.79998779296875,4.302999973297119,115.12999725341797
2001-11-09,27.440000534057617,,1120.31005859375,277.3999938964844,4.307000160217285,115.08999633789062
2001-11-12,29.350000381469727,,1118.3299560546875,278.29998779296875,4.314000129699707,115.33999633789062
2001-11-13,26.469999313354492,,1139.0899658203125,277.79998779296875,4.368000030517578,116.4000015258789
2001-11-14,26.559999465942383,,1141.2099609375,277.79998779296875,4.514999866485596,116.19999694824219
2001-11-15,25.559999465942383,,1142.239990234375,275.1000061035156,4.728000164031982,116.51000213623047
2001-11-16,25.06999969482422,,1138.6500244140625,274.70001220703125,4.885000228881836,116.41000366210938
2001-11-19,24.459999084472656,,1151.06005859375,272.70001220703125,4.75600004196167,116.93000030517578
2001-11-20,24.1200008392334,,1142.6600341796875,273.0,4.86899995803833,116.62000274658203
2001-11-21,24.190000534057617,,1137.030029296875,272.8999938964844,4.966000080108643,117.1500015258789
2001-11-23,23.25,,1150.3399658203125,272.8999938964844,4.991000175476074,117.33000183105469
2001-11-26,23.790000915527344,,1157.4200439453125,272.29998779296875,5.002999782562256,117.11000061035156
2001-11-27,24.0,,1149.5,273.20001220703125,4.949999809265137,116.88999938964844
2001-11-28,25.899999618530273,,1128.52001953125,274.1000061035156,4.946000099182129,116.16999816894531
2001-11-29,25.18000030517578,,1140.199951171875,273.5,4.75600004196167,116.12999725341797
2001-11-30,23.84000015258789,,1139.449951171875,273.8999938964844,4.74399995803833,116.12999725341797
2001-12-03,25.770000457763672,,1129.9000244140625,276.8999938964844,4.703000068664551,115.95999908447266
2001-12-04,24.079999923706055,,1144.800048828125,275.3999938964844,4.6479997634887695,116.08000183105469
2001-12-05,23.020000457763672,,1170.3499755859375,273.70001220703125,4.901000022888184,116.41000366210938
2001-12-06,23.709999084472656,,1167.0999755859375,274.20001220703125,5.002999782562256,115.62999725341797
2001-12-07,23.489999771118164,,1158.31005859375,273.8999938964844,5.1479997634887695,116.1500015258789
2001-12-10,25.6200008392334,,1139.9300537109375,272.20001220703125,5.136000156402588,116.26000213623047
2001-12-11,25.299999237060547,,1136.760009765625,272.20001220703125,5.077000141143799,116.05000305175781
2001-12-12,24.8700008392334,,1137.0699462890625,273.79998779296875,4.973999977111816,115.33000183105469
2001-12-13,25.90999984741211,,1119.3800048828125,273.8999938964844,5.090000152587891,115.80000305175781
2001-12-14,24.6299991607666,,1123.0899658203125,278.0,5.160999774932861,114.93000030517578
2001-12-17,24.260000228881836,,1134.3599853515625,277.70001220703125,5.27400016784668,114.93000030517578
2001-12-18,23.290000915527344,,1142.9200439453125,280.3999938964844,5.131999969482422,115.1500015258789
2001-12-19,22.579999923706055,,1149.56005859375,275.5,5.035999774932861,115.4800033569336
2001-12-20,23.670000076293945,,1139.9300537109375,276.0,5.048999786376953,115.58999633789062
2001-12-21,22.5,,1144.8900146484375,278.0,5.078000068664551,116.9800033569336
2001-12-24,22.6200008392334,,1144.6500244140625,278.0,5.131999969482422,117.94000244140625
2001-12-26,22.290000915527344,,1149.3699951171875,279.70001220703125,5.177999973297119,117.8499984741211
2001-12-27,21.59000015258789,,1157.1300048828125,277.3999938964844,5.09499979019165,117.56999969482422
2001-12-28,21.399999618530273,,1161.02001953125,276.5,5.10699987411499,117.26000213623047
2001-12-31,23.799999237060547,,1148.0799560546875,278.70001220703125,5.0320000648498535,116.75
2002-01-02,22.709999084472656,,1154.6700439453125,278.8999938964844,5.1570000648498535,115.79000091552734
2002-01-03,21.34000015258789,,1165.27001953125,278.20001220703125,5.119999885559082,116.11000061035156
2002-01-04,20.450000762939453,,1172.510009765625,278.8999938964844,5.140999794006348,116.33000183105469
2002-01-07,21.940000534057617,,1164.8900146484375,278.6000061035156,5.057000160217285,116.33000183105469
2002-01-08,21.829999923706055,,1160.7099609375,278.8999938964844,5.057000160217285,116.83000183105469
2002-01-09,22.1299991607666,,1155.1400146484375,283.3999938964844,5.061999797821045,117.01000213623047
2002-01-10,22.360000610351562,,1156.550048828125,287.1000061035156,4.961999893188477,116.87999725341797
2002-01-11,22.600000381469727,,1145.5999755859375,287.3999938964844,4.859000205993652,116.63999938964844
2002-01-14,23.579999923706055,,1138.4100341796875,285.3999938964844,4.868000030517578,116.63999938964844
2002-01-15,22.700000762939453,,1146.18994140625,284.3999938964844,4.830999851226807,117.29000091552734
2002-01-16,23.450000762939453,,1127.5699462890625,287.29998779296875,4.839000225067139,117.58999633789062
2002-01-17,22.25,,1138.8800048828125,284.3999938964844,4.933000087738037,117.8499984741211
2002-01-18,22.520000457763672,,1127.5799560546875,283.1000061035156,4.888000011444092,117.51000213623047
2002-01-22,23.610000610351562,,1119.31005859375,281.5,4.900000095367432,117.75
2002-01-23,21.8799991607666,,1128.1800537109375,278.6000061035156,5.0,118.47000122070312
2002-01-24,21.149999618530273,,1132.1500244140625,278.1000061035156,5.0289998054504395,118.63999938964844
2002-01-25,21.010000228881836,,1133.280029296875,278.79998779296875,5.071000099182129,119.8499984741211
2002-01-28,21.139999389648438,,1133.06005859375,278.29998779296875,5.078999996185303,120.04000091552734
2002-01-29,24.350000381469727,,1100.6400146484375,281.3999938964844,4.974999904632568,119.62000274658203
2002-01-30,23.219999313354492,,1113.5699462890625,281.8999938964844,4.9710001945495605,119.7300033569336
2002-01-31,21.09000015258789,,1130.199951171875,282.1000061035156,5.025000095367432,120.23999786376953
2002-02-01,21.1200008392334,,1122.199951171875,286.0,4.979000091552734,119.79000091552734
2002-02-04,24.8700008392334,,1094.43994140625,289.29998779296875,4.895999908447266,118.9000015258789
2002-02-05,25.450000762939453,,1090.02001953125,298.20001220703125,4.925000190734863,119.4000015258789
2002-02-06,26.09000015258789,,1083.510009765625,297.5,4.928999900817871,119.30000305175781
2002-02-07,25.110000610351562,,1080.1700439453125,299.70001220703125,4.931000232696533,119.06999969482422
2002-02-08,23.260000228881836,,1096.219970703125,303.5,4.879000186920166,118.9800033569336
2002-02-11,21.780000686645508,,1111.93994140625,300.1000061035156,4.89900016784668,118.44000244140625
2002-02-12,21.6200008392334,,1107.5,300.70001220703125,4.9670000076293945,118.25
2002-02-13,20.850000381469727,,1118.510009765625,299.3999938964844,5.002999782562256,118.80000305175781
2002-02-14,21.770000457763672,,1116.47998046875,299.70001220703125,4.959000110626221,118.43000030517578
2002-02-15,22.3700008392334,,1104.1800537109375,298.3999938964844,4.86299991607666,118.5999984741211
2002-02-19,24.43000030517578,,1083.3399658203125,293.20001220703125,4.882999897003174,118.36000061035156
2002-02-20,22.65999984741211,,1097.97998046875,292.29998779296875,4.879000186920166,118.93000030517578
2002-02-21,23.799999237060547,,1080.949951171875,293.20001220703125,4.870999813079834,119.16000366210938
2002-02-22,22.860000610351562,,1089.8399658203125,293.20001220703125,4.827000141143799,118.4800033569336
2002-02-25,21.84000015258789,,1109.4300537109375,292.70001220703125,4.85099983215332,119.12999725341797
2002-02-26,21.68000030517578,,1109.3800048828125,298.0,4.914999961853027,119.81999969482422
2002-02-27,21.489999771118164,,1109.8900146484375,296.29998779296875,4.8470001220703125,119.56999969482422
2002-02-28,21.59000015258789,,1106.72998046875,296.70001220703125,4.859000205993652,119.16000366210938
2002-03-01,19.959999084472656,,1131.780029296875,298.0,4.9710001945495605,119.4000015258789
2002-03-04,20.5,,1153.8399658203125,296.70001220703125,4.999000072479248,118.80999755859375
2002-03-05,20.299999237060547,,1146.1400146484375,294.0,5.007999897003174,118.56999969482422
2002-03-06,19.940000534057617,,1162.77001953125,293.5,5.0320000648498535,117.95999908447266
2002-03-07,20.040000915527344,,1157.5400390625,290.1000061035156,5.211999893188477,116.80000305175781
2002-03-08,19.270000457763672,,1164.31005859375,290.1000061035156,5.315999984741211,117.98999786376953
2002-03-11,19.84000015258789,,1168.260009765625,291.1000061035156,5.320000171661377,117.7300033569336
2002-03-12,19.59000015258789,,1165.5799560546875,293.6000061035156,5.303999900817871,117.80000305175781
2002-03-13,19.459999084472656,,1154.0899658203125,293.6000061035156,5.26200008392334,117.95999908447266
2002-03-14,19.200000762939453,,1153.0400390625,291.0,5.395999908447266,117.29000091552734
2002-03-15,18.420000076293945,,1166.1600341796875,289.8999938964844,5.36299991607666,117.22000122070312
2002-03-18,18.93000030517578,,1165.550048828125,292.1000061035156,5.303999900817871,117.5
2002-03-19,18.15999984741211,,1170.2900390625,292.79998779296875,5.324999809265137,117.5
2002-03-20,18.459999084472656,,1151.8499755859375,292.1000061035156,5.396999835968018,117.22000122070312
2002-03-21,18.149999618530273,,1153.5899658203125,292.79998779296875,5.383999824523926,117.5199966430664
2002-03-22,17.770000457763672,,1148.699951171875,297.29998779296875,5.388999938964844,118.05000305175781
2002-03-25,18.479999542236328,,1131.8699951171875,297.3999938964844,5.406000137329102,118.0999984741211
2002-03-26,18.1299991607666,,1138.489990234375,296.6000061035156,5.334000110626221,118.13999938964844
2002-03-27,17.700000762939453,,1144.5799560546875,302.20001220703125,5.329999923706055,118.54000091552734
2002-03-28,17.399999618530273,,1147.3900146484375,302.6000061035156,5.406000137329102,118.62000274658203
2002-04-01,18.729999542236328,,1146.5400390625,303.20001220703125,5.427999973297119,117.7699966430664
2002-04-02,19.15999984741211,,1136.760009765625,305.8999938964844,5.3480000495910645,117.91999816894531
2002-04-03,20.200000762939453,,1125.4000244140625,302.6000061035156,5.284999847412109,117.68000030517578
2002-04-04,19.780000686645508,,1126.3399658203125,301.1000061035156,5.271999835968018,117.94000244140625
2002-04-05,19.1299991607666,,1122.72998046875,300.1000061035156,5.210000038146973,117.69000244140625
2002-04-08,19.610000610351562,,1125.2900390625,300.5,5.235000133514404,118.19999694824219
2002-04-09,19.469999313354492,,1117.800048828125,298.79998779296875,5.210000038146973,117.58999633789062
2002-04-10,18.190000534057617,,1130.469970703125,301.70001220703125,5.2230000495910645,117.51000213623047
2002-04-11,20.299999237060547,,1103.68994140625,302.20001220703125,5.202000141143799,117.37000274658203
2002-04-12,19.420000076293945,,1111.010009765625,302.1000061035156,5.156000137329102,117.73999786376953
2002-04-15,19.81999969482422,,1102.550048828125,300.0,5.126999855041504,117.63999938964844
2002-04-16,18.110000610351562,,1128.3699951171875,298.79998779296875,5.177000045776367,117.37000274658203
2002-04-17,18.43000030517578,,1126.0699462890625,302.1000061035156,5.218999862670898,116.5999984741211
2002-04-18,19.290000915527344,,1124.469970703125,304.5,5.215000152587891,116.38999938964844
2002-04-19,18.299999237060547,,1125.1700439453125,302.29998779296875,5.190000057220459,116.29000091552734
2002-04-22,19.770000457763672,,1107.8299560546875,303.0,5.169000148773193,116.43000030517578
2002-04-23,20.280000686645508,,1100.9599609375,304.0,5.164999961853027,116.56999969482422
2002-04-24,20.770000457763672,,1093.1400146484375,304.29998779296875,5.09499979019165,116.1500015258789
2002-04-25,20.950000762939453,,1091.47998046875,308.1000061035156,5.091000080108643,115.44999694824219
2002-04-26,22.139999389648438,,1076.3199462890625,311.6000061035156,5.058000087738037,115.04000091552734
2002-04-29,24.049999237060547,,1065.449951171875,311.20001220703125,5.098999977111816,114.88999938964844
2002-04-30,21.90999984741211,,1076.9200439453125,308.8999938964844,5.091000080108643,115.19000244140625
2002-05-01,20.059999465942383,,1086.4599609375,309.1000061035156,5.058000087738037,114.54000091552734
2002-05-02,20.06999969482422,,1084.56005859375,308.29998779296875,5.098999977111816,114.87000274658203
2002-05-03,20.190000534057617,,1073.4300537109375,312.20001220703125,5.061999797821045,113.58999633789062
2002-05-06,22.559999465942383,,1052.6700439453125,311.20001220703125,5.078999996185303,113.66000366210938
2002-05-07,21.940000534057617,,1049.489990234375,311.6000061035156,5.072999954223633,113.91999816894531
2002-05-08,20.389999389648438,,1088.8499755859375,308.20001220703125,5.210000038146973,114.91000366210938
2002-05-09,21.559999465942383,,1073.010009765625,309.5,5.186999797821045,114.5199966430664
2002-05-10,22.40999984741211,,1054.989990234375,311.0,5.126999855041504,113.94999694824219
2002-05-13,20.719999313354492,,1074.56005859375,310.6000061035156,5.21999979019165,114.1500015258789
2002-05-14,19.350000381469727,,1097.280029296875,307.29998779296875,5.294000148773193,115.08999633789062
2002-05-15,19.190000534057617,,1091.0699462890625,308.70001220703125,5.251999855041504,114.12000274658203
2002-05-16,18.5,,1098.22998046875,309.79998779296875,5.186999797821045,114.12999725341797
2002-05-17,17.700000762939453,,1106.5899658203125,310.6000061035156,5.241000175476074,113.0
2002-05-20,19.239999771118164,,1091.8800048828125,315.70001220703125,5.189000129699707,112.81999969482422
2002-05-21,20.049999237060547,,1079.8800048828125,315.79998779296875,5.1479997634887695,112.80000305175781
2002-05-22,19.579999923706055,,1086.02001953125,318.0,5.099999904632568,112.33000183105469
2002-05-23,18.229999542236328,,1097.0799560546875,322.5,5.1479997634887695,112.79000091552734
2002-05-24,18.899999618530273,,1083.8199462890625,320.3999938964844,5.138000011444092,112.80000305175781
2002-05-28,20.309999465942383,,1074.550048828125,323.8999938964844,5.133999824523926,112.0999984741211
2002-05-29,20.389999389648438,,1067.6600341796875,325.3999938964844,5.077000141143799,111.48999786376953
2002-05-30,20.610000610351562,,1064.6600341796875,325.5,5.0320000648498535,111.16999816894531
2002-05-31,19.979999542236328,,1067.1400146484375,326.5,5.043000221252441,111.80999755859375
2002-06-03,23.3700008392334,,1040.6800537109375,326.70001220703125,5.039999961853027,111.30000305175781
2002-06-04,23.889999389648438,,1040.68994140625,327.79998779296875,5.01200008392334,111.08999633789062
2002-06-05,22.610000610351562,,1049.9000244140625,321.20001220703125,5.040999889373779,111.33999633789062
2002-06-06,24.15999984741211,,1029.1500244140625,324.8999938964844,5.010000228881836,110.83000183105469
2002-06-07,23.510000228881836,,1027.530029296875,324.6000061035156,5.061999797821045,110.98999786376953
2002-06-10,23.719999313354492,,1030.739990234375,318.70001220703125,5.043000221252441,111.0999984741211
2002-06-11,24.450000762939453,,1013.5999755859375,319.70001220703125,4.991000175476074,110.77999877929688
2002-06-12,24.149999618530273,,1020.260009765625,320.29998779296875,4.949999809265137,111.0
2002-06-13,25.020000457763672,,1009.5599975585938,317.70001220703125,4.9070000648498535,111.1500015258789
2002-06-14,25.959999084472656,,1007.27001953125,319.1000061035156,4.806000232696533,110.76000213623047
2002-06-17,24.639999389648438,,1036.1700439453125,317.3999938964844,4.855999946594238,110.8499984741211
2002-06-18,24.239999771118164,,1037.1400146484375,319.20001220703125,4.8480000495910645,110.19999694824219
2002-06-19,26.059999465942383,,1019.989990234375,319.79998779296875,4.72599983215332,109.66999816894531
2002-06-20,27.479999542236328,,1006.2899780273438,323.20001220703125,4.826000213623047,108.94000244140625
2002-06-21,27.229999542236328,,989.1400146484375,324.6000061035156,4.755000114440918,108.19000244140625
2002-06-24,26.979999542236328,,992.719970703125,324.29998779296875,4.843999862670898,108.20999908447266
2002-06-25,27.84000015258789,,976.1400146484375,320.20001220703125,4.841000080108643,107.56999969482422
2002-06-26,28.420000076293945,,973.530029296875,320.5,4.706999778747559,106.55999755859375
2002-06-27,26.290000915527344,,990.6400146484375,319.20001220703125,4.809999942779541,106.37000274658203
2002-06-28,25.399999618530273,,989.8200073242188,313.5,4.823999881744385,106.11000061035156
2002-07-01,27.110000610351562,,968.6500244140625,314.0,4.815000057220459,106.51000213623047
2002-07-02,28.959999084472656,,948.0900268554688,312.79998779296875,4.739999771118164,106.80000305175781
2002-07-03,29.420000076293945,,953.989990234375,310.8999938964844,4.74399995803833,107.05000305175781
2002-07-05,27.110000610351562,,989.030029296875,310.8999938964844,4.863999843597412,107.66999816894531
2002-07-08,28.25,,976.97998046875,312.1000061035156,4.811999797821045,106.30000305175781
2002-07-09,30.219999313354492,,952.8300170898438,316.1000061035156,4.741000175476074,105.6500015258789
2002-07-10,34.099998474121094,,920.469970703125,314.70001220703125,4.645999908447266,106.01000213623047
2002-07-11,33.849998474121094,,927.3699951171875,317.20001220703125,4.617000102996826,105.72000122070312
2002-07-12,32.939998626708984,,921.3900146484375,315.6000061035156,4.59499979019165,105.88999938964844
2002-07-15,35.029998779296875,,917.9299926757812,319.6000061035156,4.620999813079834,104.66999816894531
2002-07-16,36.650001525878906,,900.9400024414062,317.20001220703125,4.709000110626221,104.48999786376953
2002-07-17,35.45000076293945,,906.0399780273438,317.3999938964844,4.664999961853027,104.41999816894531
2002-07-18,35.119998931884766,,881.5599975585938,317.0,4.610000133514404,104.47000122070312
2002-07-19,38.16999816894531,,847.75,323.8999938964844,4.565000057220459,104.05999755859375
2002-07-22,41.869998931884766,,819.8499755859375,323.6000061035156,4.4670000076293945,104.75
2002-07-23,44.91999816894531,,797.7000122070312,312.70001220703125,4.426000118255615,106.66000366210938
2002-07-24,39.86000061035156,,843.4299926757812,311.5,4.4029998779296875,105.5199966430664
2002-07-25,39.27000045776367,,838.6799926757812,309.79998779296875,4.388000011444092,105.12000274658203
2002-07-26,35.5099983215332,,852.8400268554688,303.3999938964844,4.367000102996826,106.61000061035156
2002-07-29,31.329999923706055,,898.9600219726562,302.5,4.5329999923706055,107.0999984741211
2002-07-30,31.920000076293945,,902.780029296875,303.70001220703125,4.580999851226807,106.80000305175781
2002-07-31,32.029998779296875,,911.6199951171875,303.20001220703125,4.465000152587891,107.41000366210938
2002-08-01,36.95000076293945,,884.6599731445312,304.0,4.401000022888184,107.0199966430664
2002-08-02,41.290000915527344,,864.239990234375,307.0,4.261000156402588,106.66999816894531
2002-08-05,45.08000183105469,,834.5999755859375,307.79998779296875,4.23799991607666,107.2699966430664
2002-08-06,42.029998779296875,,859.5700073242188,305.5,4.36899995803833,108.69000244140625
2002-08-07,38.72999954223633,,876.77001953125,314.29998779296875,4.291999816894531,107.8499984741211
2002-08-08,36.33000183105469,,905.4600219726562,310.3999938964844,4.414999961853027,108.66000366210938
2002-08-09,35.33000183105469,,908.6400146484375,314.20001220703125,4.267000198364258,108.20999908447266
2002-08-12,37.04999923706055,,903.7999877929688,314.1000061035156,4.2170000076293945,107.41000366210938
2002-08-13,35.81999969482422,,884.2100219726562,314.20001220703125,4.116000175476074,107.11000061035156
2002-08-14,32.36000061035156,,919.6199951171875,311.79998779296875,4.063000202178955,106.79000091552734
2002-08-15,29.43000030517578,,930.25,314.29998779296875,4.163000106811523,106.72000122070312
2002-08-16,28.809999465942383,,928.77001953125,313.70001220703125,4.316999912261963,106.72000122070312
2002-08-19,28.610000610351562,,950.7000122070312,306.0,4.297999858856201,107.5199966430664
2002-08-20,29.59000015258789,,937.4299926757812,308.70001220703125,4.158999919891357,107.30999755859375
2002-08-21,28.229999542236328,,949.3599853515625,307.6000061035156,4.190000057220459,107.13999938964844
2002-08-22,27.75,,962.7000122070312,306.6000061035156,4.289999961853027,108.12999725341797
2002-08-23,29.31999969482422,,940.8599853515625,306.70001220703125,4.228000164031982,107.97000122070312
2002-08-26,29.889999389648438,,947.9500122070312,309.3999938964844,4.205999851226807,107.86000061035156
2002-08-27,30.110000610351562,,934.8200073242188,312.29998779296875,4.2820000648498535,106.7699966430664
2002-08-28,33.31999969482422,,917.8699951171875,309.3999938964844,4.2179999351501465,107.08000183105469
2002-08-29,33.66999816894531,,917.7999877929688,312.8999938964844,4.160999774932861,106.69999694824219
2002-08-30,32.63999938964844,,916.0700073242188,312.3999938964844,4.13700008392334,106.9800033569336
2002-09-03,39.970001220703125,,878.02001953125,313.3999938964844,3.9800000190734863,105.56999969482422
2002-09-04,37.439998626708984,,893.4000244140625,314.8999938964844,3.953000068664551,106.0999984741211
2002-09-05,38.86000061035156,,879.1500244140625,318.20001220703125,3.9100000858306885,105.9800033569336
2002-09-06,36.33000183105469,,893.9199829101562,319.8999938964844,4.035999774932861,106.83999633789062
2002-09-09,36.45000076293945,,902.9600219726562,321.29998779296875,4.046999931335449,107.0999984741211
2002-09-10,35.08000183105469,,909.5800170898438,317.8999938964844,3.98799991607666,107.5199966430664
2002-09-11,34.810001373291016,,909.4500122070312,316.6000061035156,4.058000087738037,107.62000274658203
2002-09-12,37.5,,886.9099731445312,318.8999938964844,3.9670000076293945,107.16000366210938
2002-09-13,35.81999969482422,,889.8099975585938,316.6000061035156,3.9000000953674316,108.05999755859375
2002-09-16,36.7400016784668,,891.0999755859375,317.1000061035156,3.874000072479248,108.23999786376953
2002-09-17,38.0099983215332,,873.52001953125,317.0,3.86299991607666,108.33000183105469
2002-09-18,37.52000045776367,,869.4600219726562,320.6000061035156,3.8489999771118164,107.76000213623047
2002-09-19,40.650001525878906,,843.3200073242188,322.6000061035156,3.7799999713897705,107.0
2002-09-20,38.97999954223633,,845.3900146484375,321.8999938964844,3.7760000228881836,107.52999877929688
2002-09-23,39.68000030517578,,833.7000122070312,323.0,3.680999994277954,107.86000061035156
2002-09-24,40.52000045776367,,819.2899780273438,325.8999938964844,3.6459999084472656,107.5199966430664
2002-09-25,37.33000183105469,,839.6599731445312,322.20001220703125,3.759000062942505,107.79000091552734
2002-09-26,34.599998474121094,,854.9500122070312,320.29998779296875,3.7660000324249268,107.68000030517578
2002-09-27,36.970001220703125,,827.3699951171875,319.70001220703125,3.688999891281128,107.52999877929688
2002-09-30,39.689998626708984,,815.280029296875,323.8999938964844,3.6070001125335693,106.87000274658203
2002-10-01,34.119998931884766,,847.9099731445312,320.8999938964844,3.6989998817443848,107.06999969482422
2002-10-02,36.83000183105469,,827.9099731445312,321.5,3.700000047683716,107.16000366210938
2002-10-03,37.310001373291016,,818.9500122070312,321.1000061035156,3.684000015258789,106.97000122070312
2002-10-04,39.459999084472656,,800.5800170898438,322.1000061035156,3.684999942779541,107.5999984741211
2002-10-07,42.63999938964844,,785.280029296875,321.8999938964844,3.630000114440918,107.55000305175781
2002-10-08,41.02000045776367,,798.5499877929688,318.20001220703125,3.635999917984009,108.06999969482422
2002-10-09,42.130001068115234,,776.760009765625,319.6000061035156,3.5799999237060547,106.94000244140625
2002-10-10,37.54999923706055,,803.9199829101562,316.5,3.6549999713897705,107.19999694824219
2002-10-11,35.70000076293945,,835.3200073242188,316.29998779296875,3.812999963760376,107.25
2002-10-14,36.040000915527344,,841.4400024414062,317.79998779296875,3.811000108718872,107.1500015258789
2002-10-15,34.02000045776367,,881.27001953125,312.6000061035156,3.996000051498413,107.77999877929688
2002-10-16,36.0,,860.02001953125,314.0,4.033999919891357,107.62999725341797
2002-10-17,34.099998474121094,,879.2000122070312,311.6000061035156,4.136000156402588,108.37000274658203
2002-10-18,33.529998779296875,,884.3900146484375,312.70001220703125,4.133999824523926,108.5199966430664
2002-10-21,33.11000061035156,,899.719970703125,310.8999938964844,4.2210001945495605,108.2300033569336
2002-10-22,34.09000015258789,,890.1599731445312,313.0,4.251999855041504,107.94000244140625
2002-10-23,33.20000076293945,,896.1400146484375,312.0,4.236000061035156,108.0
2002-10-24,34.029998779296875,,882.5,310.70001220703125,4.142000198364258,107.91000366210938
2002-10-25,30.0,,897.6500244140625,313.3999938964844,4.09499979019165,107.91999816894531
2002-10-28,31.06999969482422,,890.22998046875,315.20001220703125,4.084000110626221,107.16000366210938
2002-10-29,32.27000045776367,,882.1500244140625,317.70001220703125,3.934000015258789,107.06999969482422
2002-10-30,31.229999542236328,,890.7100219726562,316.5,3.9660000801086426,107.06999969482422
2002-10-31,31.139999389648438,,885.760009765625,318.0,3.9110000133514404,106.63999938964844
2002-11-01,29.299999237060547,,900.9600219726562,318.79998779296875,3.9769999980926514,106.08000183105469
2002-11-04,30.81999969482422,,908.3499755859375,318.29998779296875,4.045000076293945,106.12000274658203
2002-11-05,31.229999542236328,,915.3900146484375,318.20001220703125,4.080999851226807,105.87000274658203
2002-11-06,30.729999542236328,,923.760009765625,317.5,4.034999847412109,105.5999984741211
2002-11-07,31.420000076293945,,902.6500244140625,320.5,3.881999969482422,104.97000122070312
2002-11-08,29.40999984741211,,894.739990234375,321.29998779296875,3.8519999980926514,104.5
2002-11-11,31.299999237060547,,876.1900024414062,321.20001220703125,3.8519999980926514,104.56999969482422
2002-11-12,30.579999923706055,,882.9500122070312,324.5,3.8510000705718994,104.66000366210938
2002-11-13,31.239999771118164,,882.530029296875,318.70001220703125,3.8380000591278076,105.0999984741211
2002-11-14,28.670000076293945,,904.27001953125,317.8999938964844,4.020999908447266,105.20999908447266
2002-11-15,26.649999618530273,,909.8300170898438,320.70001220703125,4.051000118255615,105.04000091552734
2002-11-18,27.65999984741211,,900.3599853515625,319.20001220703125,4.019000053405762,105.19999694824219
2002-11-19,27.40999984741211,,896.739990234375,318.6000061035156,3.9800000190734863,105.66999816894531
2002-11-20,25.31999969482422,,914.1500244140625,317.3999938964844,4.074999809265137,105.87000274658203
2002-11-21,23.809999465942383,,933.760009765625,317.3999938964844,4.14300012588501,105.80999755859375
2002-11-22,23.15999984741211,,930.5499877929688,320.70001220703125,4.175000190734863,106.12000274658203
2002-11-25,24.06999969482422,,932.8699951171875,317.79998779296875,4.184000015258789,106.54000091552734
2002-11-26,25.969999313354492,,913.3099975585938,317.70001220703125,4.078999996185303,106.52999877929688
2002-11-27,27.25,,938.8699951171875,316.79998779296875,4.260000228881836,106.7699966430664
2002-11-29,27.5,,936.3099975585938,316.79998779296875,4.2129998207092285,106.41000366210938
2002-12-02,27.459999084472656,,934.530029296875,317.6000061035156,4.218999862670898,106.3499984741211
2002-12-03,28.329999923706055,,920.75,320.20001220703125,4.232999801635742,106.37000274658203
2002-12-04,28.920000076293945,,917.5800170898438,322.20001220703125,4.171999931335449,106.13999938964844
2002-12-05,30.100000381469727,,906.5499877929688,324.79998779296875,4.113999843597412,106.0999984741211
2002-12-06,28.8799991607666,,912.22998046875,326.29998779296875,4.0929999351501465,105.36000061035156
2002-12-09,30.780000686645508,,892.0,325.79998779296875,4.050000190734863,105.23999786376953
2002-12-10,28.760000228881836,,904.4500122070312,323.5,4.048999786376953,105.37000274658203
2002-12-11,27.760000228881836,,904.9600219726562,324.79998779296875,3.99399995803833,105.3499984741211
2002-12-12,27.290000915527344,,901.5800170898438,331.3999938964844,4.00600004196167,104.51000213623047
2002-12-13,28.18000030517578,,889.47998046875,333.20001220703125,4.061999797821045,103.9800033569336
2002-12-16,26.239999771118164,,910.4000244140625,337.0,4.130000114440918,104.05999755859375
2002-12-17,26.65999984741211,,902.989990234375,337.3999938964844,4.113999843597412,103.51000213623047
2002-12-18,28.290000915527344,,891.1199951171875,342.1000061035156,4.053999900817871,103.62999725341797
2002-12-19,30.209999084472656,,884.25,345.8999938964844,3.9489998817443848,103.4800033569336
2002-12-20,26.709999084472656,,895.760009765625,340.5,3.953000068664551,103.45999908447266
2002-12-23,26.200000762939453,,897.3800048828125,345.1000061035156,3.9670000076293945,103.63999938964844
2002-12-24,26.489999771118164,,892.469970703125,346.79998779296875,3.936000108718872,103.25
2002-12-26,27.3700008392334,,889.6599731445312,348.8999938964844,3.9140000343322754,102.81999969482422
2002-12-27,29.549999237060547,,875.4000244140625,349.20001220703125,3.812999963760376,102.41000366210938
2002-12-30,29.6200008392334,,879.3900146484375,343.3999938964844,3.7839999198913574,102.01000213623047
2002-12-31,28.6200008392334,,879.8200073242188,347.6000061035156,3.818000078201294,101.8499984741211
2003-01-02,25.389999389648438,,909.030029296875,346.1000061035156,4.0320000648498535,102.9800033569336
2003-01-03,24.68000030517578,,908.5900268554688,351.20001220703125,4.038000106811523,102.47000122070312
2003-01-06,24.90999984741211,,929.010009765625,351.70001220703125,4.065999984741211,101.97000122070312
2003-01-07,25.1299991607666,,922.9299926757812,347.29998779296875,4.025000095367432,102.56999969482422
2003-01-08,25.530000686645508,,909.9299926757812,353.8999938964844,3.9809999465942383,101.87000274658203
2003-01-09,24.25,,927.5700073242188,353.29998779296875,4.1479997634887695,101.94000244140625
2003-01-10,24.31999969482422,,927.5700073242188,354.5,4.1519999504089355,101.2300033569336
2003-01-13,24.899999618530273,,926.260009765625,354.70001220703125,4.127999782562256,101.47000122070312
2003-01-14,24.56999969482422,,931.6599731445312,352.0,4.085000038146973,101.20999908447266
2003-01-15,25.510000228881836,,918.219970703125,350.70001220703125,4.072000026702881,101.33999633789062
2003-01-16,25.010000228881836,,914.5999755859375,357.70001220703125,4.067999839782715,100.79000091552734
2003-01-17,25.700000762939453,,901.780029296875,356.6000061035156,4.014999866485596,100.55000305175781
2003-01-21,27.59000015258789,,887.6199951171875,357.29998779296875,3.989000082015991,100.2300033569336
2003-01-22,29.010000228881836,,878.3599853515625,359.70001220703125,3.9230000972747803,100.2300033569336
2003-01-23,27.530000686645508,,887.3400268554688,364.5,3.947000026702881,99.86000061035156
2003-01-24,31.510000228881836,,861.4000244140625,368.20001220703125,3.9030001163482666,99.22000122070312
2003-01-27,34.689998626708984,,847.47998046875,369.3999938964844,3.9570000171661377,99.26000213623047
2003-01-28,31.93000030517578,,858.5399780273438,370.0,3.9779999256134033,99.4800033569336
2003-01-29,31.260000228881836,,864.3599853515625,366.29998779296875,4.0329999923706055,99.27999877929688
2003-01-30,31.31999969482422,,844.6099853515625,368.6000061035156,3.990000009536743,99.5199966430664
2003-01-31,31.170000076293945,,855.7000122070312,368.29998779296875,3.9749999046325684,99.91000366210938
2003-02-03,31.020000457763672,,860.3200073242188,370.79998779296875,3.992000102996826,99.9000015258789
2003-02-04,32.7599983215332,,848.2000122070312,379.0,3.930999994277954,99.13999938964844
2003-02-05,33.040000915527344,,843.5900268554688,376.3999938964844,4.000999927520752,99.6500015258789
2003-02-06,33.349998474121094,,838.1500244140625,370.1000061035156,3.944999933242798,99.45999908447266
2003-02-07,34.0099983215332,,829.6900024414062,369.8999938964844,3.9240000247955322,99.56999969482422
2003-02-10,33.9900016784668,,835.969970703125,363.70001220703125,3.9769999980926514,100.2699966430664
2003-02-11,33.68000030517578,,829.2000122070312,362.5,3.9570000171661377,100.38999938964844
2003-02-12,34.33000183105469,,818.6799926757812,352.6000061035156,3.9119999408721924,100.51000213623047
2003-02-13,33.70000076293945,,817.3699951171875,357.3999938964844,3.871000051498413,99.58999633789062
2003-02-14,32.619998931884766,,834.8900146484375,351.8999938964844,3.9519999027252197,100.04000091552734
2003-02-18,31.110000610351562,,851.1699829101562,344.20001220703125,3.947999954223633,100.52999877929688
2003-02-19,31.309999465942383,,845.1300048828125,349.8999938964844,3.88100004196167,100.0
2003-02-20,31.15999984741211,,837.0999755859375,353.1000061035156,3.8459999561309814,99.55000305175781
2003-02-21,30.25,,848.1699829101562,351.79998779296875,3.8929998874664307,100.08999633789062
2003-02-24,31.979999542236328,,832.5800170898438,356.29998779296875,3.8440001010894775,99.66000366210938
2003-02-25,31.739999771118164,,838.5700073242188,352.29998779296875,3.808000087738037,99.83000183105469
2003-02-26,31.940000534057617,,827.5499877929688,354.0,3.7730000019073486,99.62000274658203
2003-02-27,30.530000686645508,,837.280029296875,346.1000061035156,3.752000093460083,99.80999755859375
2003-02-28,29.6299991607666,,841.1500244140625,350.20001220703125,3.696000099182129,99.70999908447266
2003-03-03,30.43000030517578,,834.8099975585938,349.20001220703125,3.6760001182556152,99.0999984741211
2003-03-04,31.829999923706055,,821.989990234375,353.20001220703125,3.6449999809265137,99.12999725341797
2003-03-05,30.3799991607666,,829.8499755859375,353.1000061035156,3.619999885559082,98.27999877929688
2003-03-06,31.3700008392334,,822.0999755859375,356.79998779296875,3.6519999504089355,98.30999755859375
2003-03-07,31.079999923706055,,828.8900146484375,350.79998779296875,3.619999885559082,98.04000091552734
2003-03-10,33.310001373291016,,807.47998046875,354.70001220703125,3.5739998817443848,97.8499984741211
2003-03-11,33.61000061035156,,800.72998046875,350.5,3.5859999656677246,97.98999786376953
2003-03-12,33.5099983215332,,804.1900024414062,346.5,3.5889999866485596,98.16000366210938
2003-03-13,31.760000228881836,,831.9000244140625,335.8999938964844,3.7320001125335693,99.55000305175781
2003-03-14,30.979999542236328,,833.27001953125,336.5,3.7070000171661377,99.98999786376953
2003-03-17,31.75,,862.7899780273438,337.1000061035156,3.815999984741211,100.73999786376953
2003-03-18,30.43000030517578,,866.4500122070312,337.6000061035156,3.8980000019073486,100.86000061035156
2003-03-19,31.540000915527344,,874.02001953125,336.1000061035156,3.9649999141693115,101.58000183105469
2003-03-20,30.440000534057617,,875.6699829101562,332.8999938964844,4.00600004196167,101.1500015258789
2003-03-21,28.670000076293945,,895.7899780273438,326.0,4.09499979019165,101.91999816894531
2003-03-24,30.389999389648438,,864.22998046875,329.5,3.9730000495910645,100.9800033569336
2003-03-25,28.75,,874.739990234375,328.3999938964844,3.9609999656677246,100.87000274658203
2003-03-26,28.229999542236328,,869.9500122070312,330.29998779296875,3.944000005722046,100.61000061035156
2003-03-27,27.959999084472656,,868.52001953125,328.70001220703125,3.9260001182556152,100.63999938964844
2003-03-28,27.75,,863.5,328.70001220703125,3.8959999084472656,99.95999908447266
2003-03-31,29.149999618530273,,848.1799926757812,335.8999938964844,3.822999954223633,99.05999755859375
2003-04-01,28.360000610351562,,858.47998046875,334.29998779296875,3.8269999027252197,99.1500015258789
2003-04-02,28.020000457763672,,880.9000244140625,329.6000061035156,3.931999921798706,100.08000183105469
2003-04-03,28.209999084472656,,876.4500122070312,324.8999938964844,3.9159998893737793,100.33999633789062
2003-04-04,29.1299991607666,,878.8499755859375,325.29998779296875,3.944000005722046,100.44999694824219
2003-04-07,28.450000762939453,,879.9299926757812,321.5,4.013999938964844,101.04000091552734
2003-04-08,27.1299991607666,,878.2899780273438,322.20001220703125,3.936000108718872,100.52999877929688
2003-04-09,27.110000610351562,,865.989990234375,325.6000061035156,3.9010000228881836,100.16000366210938
2003-04-10,25.600000381469727,,871.5800170898438,326.70001220703125,3.934000015258789,99.81999969482422
2003-04-11,24.440000534057617,,868.2999877929688,327.8999938964844,3.9809999465942383,100.18000030517578
2003-04-14,23.40999984741211,,885.22998046875,324.20001220703125,4.020999908447266,99.95999908447266
2003-04-15,22.559999465942383,,890.8099975585938,324.8999938964844,3.9709999561309814,99.76000213623047
2003-04-16,22.520000457763672,,879.9099731445312,325.79998779296875,3.937999963760376,99.05999755859375
2003-04-17,21.5,,893.5800170898438,327.20001220703125,3.9570000171661377,99.30000305175781
2003-04-21,21.950000762939453,,892.010009765625,333.5,3.9790000915527344,99.58999633789062
2003-04-22,20.700000762939453,,911.3699951171875,334.3999938964844,3.9830000400543213,98.7300033569336
2003-04-23,20.799999237060547,,919.02001953125,331.5,3.994999885559082,98.77999877929688
2003-04-24,20.329999923706055,,911.4299926757812,334.79998779296875,3.9049999713897705,98.33000183105469
2003-04-25,20.799999237060547,,898.8099975585938,333.3999938964844,3.885999917984009,98.36000061035156
2003-04-28,20.84000015258789,,914.8400268554688,334.5,3.9000000953674316,98.66999816894531
2003-04-29,20.760000228881836,,917.8400268554688,333.70001220703125,3.928999900817871,98.0199966430664
2003-04-30,21.209999084472656,,916.9199829101562,339.1000061035156,3.8570001125335693,97.19000244140625
2003-05-01,21.59000015258789,,916.2999877929688,342.1000061035156,3.8559999465942383,96.69999694824219
2003-05-02,20.6299991607666,,930.0800170898438,341.0,3.9130001068115234,96.76000213623047
2003-05-05,21.1299991607666,,926.5499877929688,342.29998779296875,3.88700008392334,96.37000274658203
2003-05-06,20.799999237060547,,934.3900146484375,342.5,3.808000087738037,95.33999633789062
2003-05-07,21.0,,929.6199951171875,341.8999938964844,3.693000078201294,95.58000183105469
2003-05-08,21.239999771118164,,920.27001953125,348.3999938964844,3.6710000038146973,94.93000030517578
2003-05-09,19.690000534057617,,933.4099731445312,348.6000061035156,3.690999984741211,94.9800033569336
2003-05-12,19.520000457763672,,945.1099853515625,351.6000061035156,3.6389999389648438,94.55000305175781
2003-05-13,19.90999984741211,,942.2999877929688,350.0,3.622999906539917,94.72000122070312
2003-05-14,20.0,,939.280029296875,352.29998779296875,3.5369999408721924,94.58000183105469
2003-05-15,19.239999771118164,,946.6699829101562,352.6000061035156,3.5369999408721924,95.22000122070312
2003-05-16,18.399999618530273,,944.2999877929688,354.70001220703125,3.4619998931884766,94.08000183105469
2003-05-19,20.510000228881836,,920.77001953125,364.20001220703125,3.4519999027252197,93.77999877929688
2003-05-20,21.290000915527344,,919.72998046875,366.29998779296875,3.374000072479248,93.26000213623047
2003-05-21,21.209999084472656,,923.4199829101562,372.0,3.390000104904175,93.54000091552734
2003-05-22,19.780000686645508,,931.8699951171875,368.1000061035156,3.3389999866485596,93.55999755859375
2003-05-23,19.170000076293945,,933.219970703125,368.79998779296875,3.3329999446868896,93.05000305175781
2003-05-27,19.989999771118164,,951.47998046875,367.79998779296875,3.4010000228881836,92.72000122070312
2003-05-28,20.030000686645508,,953.219970703125,365.20001220703125,3.430999994277954,93.44999694824219
2003-05-29,20.43000030517578,,949.6400146484375,369.6000061035156,3.3389999866485596,92.70999908447266
2003-05-30,19.469999313354492,,963.5900268554688,364.5,3.3499999046325684,93.2699966430664
2003-06-02,20.850000381469727,,967.0,366.0,3.428999900817871,93.33999633789062
2003-06-03,20.84000015258789,,971.5599975585938,365.20001220703125,3.3420000076293945,93.52999877929688
2003-06-04,20.6200008392334,,986.239990234375,362.6000061035156,3.2909998893737793,93.7300033569336
2003-06-05,20.829999923706055,,990.1400146484375,368.6000061035156,3.3310000896453857,92.5199966430664
2003-06-06,21.25,,987.760009765625,363.70001220703125,3.3519999980926514,93.4800033569336
2003-06-09,22.149999618530273,,975.9299926757812,361.79998779296875,3.2790000438690186,93.30000305175781
2003-06-10,20.639999389648438,,984.8400268554688,352.20001220703125,3.194000005722046,93.55999755859375
2003-06-11,20.209999084472656,,997.47998046875,355.5,3.187999963760376,92.97000122070312
2003-06-12,20.40999984741211,,998.510009765625,353.29998779296875,3.1679999828338623,92.9000015258789
2003-06-13,20.65999984741211,,988.6099853515625,356.6000061035156,3.1040000915527344,92.22000122070312
2003-06-16,20.219999313354492,,1010.739990234375,359.0,3.1700000762939453,92.4000015258789
2003-06-17,20.010000228881836,,1011.6599731445312,363.20001220703125,3.2660000324249268,92.61000061035156
2003-06-18,19.760000228881836,,1010.0900268554688,357.20001220703125,3.359999895095825,93.16999816894531
2003-06-19,19.799999237060547,,994.7000122070312,361.29998779296875,3.3410000801086426,93.16000366210938
2003-06-20,19.139999389648438,,995.6900024414062,356.29998779296875,3.3959999084472656,94.04000091552734
2003-06-23,20.579999923706055,,981.6400146484375,353.0,3.315000057220459,94.08000183105469
2003-06-24,20.75,,983.4500122070312,346.29998779296875,3.265000104904175,94.38999938964844
2003-06-25,20.809999465942383,,975.3200073242188,349.29998779296875,3.3610000610351562,94.12000274658203
2003-06-26,19.399999618530273,,985.8200073242188,343.8999938964844,3.5339999198913574,94.97000122070312
2003-06-27,19.15999984741211,,976.219970703125,345.20001220703125,3.5810000896453857,95.1500015258789
2003-06-30,19.520000457763672,,974.5,346.0,3.5280001163482666,94.7300033569336
2003-07-01,19.459999084472656,,982.3200073242188,351.3999938964844,3.5490000247955322,94.30000305175781
2003-07-02,19.030000686645508,,993.75,351.29998779296875,3.5360000133514404,94.12000274658203
2003-07-03,19.389999389648438,,985.7000122070312,351.0,3.6549999713897705,94.41000366210938
2003-07-07,20.059999465942383,,1004.4199829101562,348.1000061035156,3.7070000171661377,95.51000213623047
2003-07-08,19.479999542236328,,1007.8400268554688,344.1000061035156,3.7330000400543213,95.81999969482422
2003-07-09,18.93000030517578,,1002.2100219726562,343.6000061035156,3.7060000896453857,95.58999633789062
2003-07-10,19.190000534057617,,988.7000122070312,344.29998779296875,3.677000045776367,95.38999938964844
2003-07-11,18.469999313354492,,998.1400146484375,344.79998779296875,3.640000104904175,95.80000305175781
2003-07-14,19.59000015258789,,1003.8599853515625,347.70001220703125,3.7139999866485596,96.06999969482422
2003-07-15,19.549999237060547,,1000.4199829101562,342.1000061035156,3.9140000343322754,96.06999969482422
2003-07-16,19.760000228881836,,994.0900268554688,343.1000061035156,3.944999933242798,96.72000122070312
2003-07-17,20.219999313354492,,981.72998046875,344.20001220703125,3.9539999961853027,96.86000061035156
2003-07-18,19.110000610351562,,993.3200073242188,347.20001220703125,3.9690001010894775,96.86000061035156
2003-07-21,19.780000686645508,,978.7999877929688,350.8999938964844,4.173999786376953,96.11000061035156
2003-07-22,19.170000076293945,,988.1099853515625,350.6000061035156,4.150000095367432,96.37999725341797
2003-07-23,18.639999389648438,,988.6099853515625,358.6000061035156,4.1020002365112305,95.44000244140625
2003-07-24,18.600000381469727,,981.5999755859375,362.20001220703125,4.166999816894531,95.33999633789062
2003-07-25,17.75,,998.6799926757812,362.70001220703125,4.177999973297119,94.95999908447266
2003-07-28,18.360000610351562,,996.52001953125,364.79998779296875,4.283999919891357,95.05999755859375
2003-07-29,18.670000076293945,,989.280029296875,361.70001220703125,4.3979997634887695,95.33000183105469
2003-07-30,18.850000381469727,,987.489990234375,356.20001220703125,4.315000057220459,96.06999969482422
2003-07-31,19.489999771118164,,990.3099975585938,354.0,4.473999977111816,96.88999938964844
2003-08-01,20.75,,980.1500244140625,346.1000061035156,4.414999961853027,96.66000366210938
2003-08-04,21.270000457763672,,982.8200073242188,349.20001220703125,4.320000171661377,96.18000030517578
2003-08-05,22.68000030517578,,965.4600219726562,349.6000061035156,4.440999984741211,96.16000366210938
2003-08-06,21.5,,967.0800170898438,350.79998779296875,4.288000106811523,96.2300033569336
2003-08-07,20.260000228881836,,974.1199951171875,352.5,4.229000091552734,95.83000183105469
2003-08-08,19.59000015258789,,977.5900268554688,356.29998779296875,4.289000034332275,96.36000061035156
2003-08-11,19.75,,980.5900268554688,361.70001220703125,4.370999813079834,95.87000274658203
2003-08-12,17.940000534057617,,990.3499755859375,358.5,4.35699987411499,96.1500015258789
2003-08-13,18.770000457763672,,984.030029296875,362.1000061035156,4.559999942779541,96.18000030517578
2003-08-14,18.469999313354492,,990.510009765625,366.0,4.585999965667725,96.68000030517578
2003-08-15,18.270000457763672,,990.6699829101562,363.20001220703125,4.5279998779296875,96.6500015258789
2003-08-18,18.18000030517578,,999.739990234375,358.3999938964844,4.4770002365112305,97.3499984741211
2003-08-19,17.860000610351562,,1002.3499755859375,361.6000061035156,4.38100004196167,97.30999755859375
2003-08-20,17.81999969482422,,1000.2999877929688,365.6000061035156,4.440999984741211,97.37000274658203
2003-08-21,17.84000015258789,,1003.27001953125,360.6000061035156,4.506999969482422,98.61000061035156
2003-08-22,18.549999237060547,,993.0599975585938,363.1000061035156,4.459000110626221,98.83000183105469
2003-08-25,19.530000686645508,,993.7100219726562,361.29998779296875,4.5269999504089355,98.83000183105469
2003-08-26,19.489999771118164,,996.72998046875,365.79998779296875,4.486000061035156,98.76000213623047
2003-08-27,19.1299991607666,,996.7899780273438,373.5,4.535999774932861,98.86000061035156
2003-08-28,18.479999542236328,,1002.8400268554688,370.5,4.429999828338623,98.83000183105469
2003-08-29,18.6299991607666,,1008.010009765625,375.70001220703125,4.453999996185303,98.0999984741211
2003-09-02,19.020000457763672,,1021.989990234375,373.20001220703125,4.60099983215332,98.94999694824219
2003-09-03,19.440000534057617,,1026.27001953125,373.8999938964844,4.598999977111816,98.70999908447266
2003-09-04,18.709999084472656,,1027.969970703125,372.8999938964844,4.513000011444092,98.19999694824219
2003-09-05,18.170000076293945,,1021.3900146484375,377.6000061035156,4.354000091552734,97.08999633789062
2003-09-08,18.260000228881836,,1031.6400146484375,375.1000061035156,4.388999938964844,97.16000366210938
2003-09-09,18.850000381469727,,1023.1699829101562,381.70001220703125,4.370999813079834,96.44000244140625
2003-09-10,20.010000228881836,,1010.9199829101562,380.0,4.269000053405762,96.5
2003-09-11,19.25,,1016.4199829101562,379.70001220703125,4.334000110626221,96.55999755859375
2003-09-12,18.68000030517578,,1018.6300048828125,375.79998779296875,4.269000053405762,96.01000213623047
2003-09-15,19.280000686645508,,1014.8099975585938,374.5,4.244999885559082,95.9800033569336
2003-09-16,18.030000686645508,,1029.3199462890625,373.5,4.290999889373779,96.66999816894531
2003-09-17,18.149999618530273,,1025.969970703125,376.20001220703125,4.190999984741211,95.73999786376953
2003-09-18,17.56999969482422,,1039.5799560546875,376.6000061035156,4.184000015258789,95.94999694824219
2003-09-19,17.540000915527344,,1036.300048828125,381.79998779296875,4.1620001792907715,94.95999908447266
2003-09-22,19.649999618530273,,1022.8200073242188,387.20001220703125,4.241000175476074,93.8499984741211
2003-09-23,19.469999313354492,,1029.030029296875,385.8999938964844,4.214000225067139,93.98999786376953
2003-09-24,21.219999313354492,,1009.3800048828125,387.5,4.135000228881836,93.69999694824219
2003-09-25,22.260000228881836,,1003.27001953125,385.0,4.1020002365112305,93.76000213623047
2003-09-26,22.229999542236328,,996.8499755859375,380.79998779296875,4.0229997634887695,93.87000274658203
2003-09-29,21.670000076293945,,1006.5800170898438,382.3999938964844,4.077000141143799,93.08000183105469
2003-09-30,22.719999313354492,,995.969970703125,385.3999938964844,3.937000036239624,92.8499984741211
2003-10-01,21.06999969482422,,1018.219970703125,384.29998779296875,3.931999921798706,92.38999938964844
2003-10-02,20.799999237060547,,1020.239990234375,383.1000061035156,4.008999824523926,92.41999816894531
2003-10-03,19.5,,1029.8499755859375,369.3999938964844,4.195000171661377,93.2300033569336
2003-10-06,19.510000228881836,,1034.3499755859375,372.70001220703125,4.151000022888184,92.41000366210938
2003-10-07,19.40999984741211,,1039.25,377.20001220703125,4.24399995803833,91.88999938964844
2003-10-08,19.18000030517578,,1033.780029296875,375.3999938964844,4.242000102996826,91.7300033569336
2003-10-09,18.81999969482422,,1038.72998046875,369.20001220703125,4.302000045776367,91.98999786376953
2003-10-10,18.450000762939453,,1038.06005859375,373.6000061035156,4.248000144958496,91.5199966430664
2003-10-13,17.549999237060547,,1045.3499755859375,375.20001220703125,4.255000114440918,91.88999938964844
2003-10-14,17.3700008392334,,1049.47998046875,375.70001220703125,4.349999904632568,91.83000183105469
2003-10-15,17.690000534057617,,1046.760009765625,372.6000061035156,4.396999835968018,92.41999816894531
2003-10-16,17.190000534057617,,1050.0699462890625,372.70001220703125,4.454999923706055,92.61000061035156
2003-10-17,17.6200008392334,,1039.3199462890625,371.79998779296875,4.388000011444092,92.29000091552734
2003-10-20,17.040000915527344,,1044.6800537109375,374.0,4.380000114440918,92.43000030517578
2003-10-21,16.549999237060547,,1046.030029296875,381.70001220703125,4.366000175476074,92.37000274658203
2003-10-22,17.670000076293945,,1030.3599853515625,386.5,4.2729997634887695,91.2699966430664
2003-10-23,17.68000030517578,,1033.77001953125,384.70001220703125,4.315999984741211,91.51000213623047
2003-10-24,17.709999084472656,,1028.9100341796875,388.8999938964844,4.211999893188477,91.27999877929688
2003-10-27,18.049999237060547,,1031.1300048828125,387.8999938964844,4.264999866485596,91.61000061035156
2003-10-28,16.81999969482422,,1046.7900390625,383.20001220703125,4.189000129699707,91.86000061035156
2003-10-29,16.43000030517578,,1048.1099853515625,386.79998779296875,4.275000095367432,91.86000061035156
2003-10-30,16.329999923706055,,1046.93994140625,384.29998779296875,4.339000225067139,92.20999908447266
2003-10-31,16.100000381469727,,1050.7099609375,384.5,4.301000118255615,92.7300033569336
2003-11-03,16.549999237060547,,1059.02001953125,377.0,4.368000030517578,93.66000366210938
2003-11-04,16.549999237060547,,1053.25,379.8999938964844,4.304999828338623,93.2300033569336
2003-11-05,16.860000610351562,,1051.81005859375,382.6000061035156,4.349999904632568,93.62999725341797
2003-11-06,16.739999771118164,,1058.050048828125,380.6000061035156,4.418000221252441,93.88999938964844
2003-11-07,16.93000030517578,,1053.2099609375,383.29998779296875,4.449999809265137,93.0199966430664
2003-11-10,17.6200008392334,,1047.1099853515625,386.6000061035156,4.460000038146973,93.05000305175781
2003-11-11,17.540000915527344,,1046.5699462890625,388.1000061035156,4.460000038146973,93.0999984741211
2003-11-12,16.75,,1058.530029296875,394.8999938964844,4.4120001792907715,92.30999755859375
2003-11-13,16.469999313354492,,1058.4100341796875,394.1000061035156,4.270999908447266,91.61000061035156
2003-11-14,16.940000534057617,,1050.3499755859375,397.79998779296875,4.232999801635742,91.44000244140625
2003-11-17,18.600000381469727,,1043.6300048828125,391.5,4.188000202178955,91.52999877929688
2003-11-18,19.110000610351562,,1034.1500244140625,397.6000061035156,4.166999816894531,90.33000183105469
2003-11-19,18.799999237060547,,1042.43994140625,394.8999938964844,4.235000133514404,90.9000015258789
2003-11-20,19.479999542236328,,1033.6500244140625,393.70001220703125,4.1539998054504395,90.66000366210938
2003-11-21,18.979999542236328,,1035.280029296875,396.0,4.146999835968018,90.5999984741211
2003-11-24,17.440000534057617,,1052.0799560546875,391.5,4.2270002365112305,91.58999633789062
2003-11-25,16.709999084472656,,1053.8900146484375,391.1000061035156,4.185999870300293,91.45999908447266
2003-11-26,16.229999542236328,,1058.449951171875,396.79998779296875,4.242000102996826,90.5999984741211
2003-11-28,16.31999969482422,,1058.199951171875,396.79998779296875,4.320000171661377,90.20999908447266
2003-12-01,16.770000457763672,,1070.1199951171875,402.70001220703125,4.392000198364258,90.3499984741211
2003-12-02,16.270000457763672,,1066.6199951171875,403.70001220703125,4.380000114440918,89.63999938964844
2003-12-03,16.6299991607666,,1064.72998046875,403.8999938964844,4.409999847412109,89.5
2003-12-04,16.299999237060547,,1069.719970703125,403.29998779296875,4.36899995803833,89.5999984741211
2003-12-05,17.09000015258789,,1061.5,406.3999938964844,4.215000152587891,89.13999938964844
2003-12-08,16.540000915527344,,1069.300048828125,406.6000061035156,4.2779998779296875,88.75
2003-12-09,17.6299991607666,,1060.1800537109375,408.20001220703125,4.3520002365112305,88.61000061035156
2003-12-10,17.8700008392334,,1059.050048828125,406.20001220703125,4.317999839782715,88.8499984741211
2003-12-11,16.729999542236328,,1071.2099609375,404.6000061035156,4.23799991607666,88.87999725341797
2003-12-12,16.40999984741211,,1074.1400146484375,409.3999938964844,4.242000102996826,88.48999786376953
2003-12-15,17.229999542236328,,1068.0400390625,409.20001220703125,4.275000095367432,88.45999908447266
2003-12-16,15.930000305175781,,1075.1300048828125,407.70001220703125,4.234000205993652,88.30999755859375
2003-12-17,15.579999923706055,,1076.47998046875,412.0,4.189000129699707,87.94000244140625
2003-12-18,16.15999984741211,,1089.1800537109375,410.3999938964844,4.140999794006348,87.8499984741211
2003-12-19,16.420000076293945,,1088.6600341796875,409.20001220703125,4.132999897003174,88.11000061035156
2003-12-22,16.940000534057617,,1092.93994140625,410.6000061035156,4.164000034332275,87.98999786376953
2003-12-23,16.489999771118164,,1096.02001953125,411.0,4.269000053405762,87.98999786376953
2003-12-24,16.65999984741211,,1094.0400390625,412.29998779296875,4.186999797821045,87.54000091552734
2003-12-26,17.450000762939453,,1095.8900146484375,412.29998779296875,4.1479997634887695,87.62999725341797
2003-12-29,17.09000015258789,,1109.47998046875,414.79998779296875,4.230000019073486,87.3499984741211
2003-12-30,17.68000030517578,,1109.6400146484375,416.8999938964844,4.2789998054504395,87.0
2003-12-31,18.309999465942383,,1111.9200439453125,415.70001220703125,4.256999969482422,86.91999816894531
2004-01-02,18.219999313354492,,1108.47998046875,415.70001220703125,4.373000144958496,86.91999816894531
2004-01-05,17.489999771118164,,1122.219970703125,424.3999938964844,4.38700008392334,86.06999969482422
2004-01-06,16.729999542236328,,1123.6700439453125,422.79998779296875,4.2769999504089355,85.62999725341797
2004-01-07,15.5,,1126.3299560546875,421.8999938964844,4.245999813079834,86.19999694824219
2004-01-08,15.609999656677246,,1131.9200439453125,424.0,4.249000072479248,85.56999969482422
2004-01-09,16.75,,1121.8599853515625,426.3999938964844,4.085999965667725,85.11000061035156
2004-01-12,16.81999969482422,,1127.22998046875,426.29998779296875,4.083000183105469,85.55000305175781
2004-01-13,18.040000915527344,,1121.219970703125,423.70001220703125,4.0279998779296875,85.51000213623047
2004-01-14,16.75,,1130.52001953125,421.70001220703125,3.9860000610351562,86.02999877929688
2004-01-15,15.5600004196167,,1132.050048828125,408.3999938964844,3.9709999561309814,86.55999755859375
2004-01-16,15.0,,1139.8299560546875,406.70001220703125,4.013999938964844,87.7300033569336
2004-01-20,15.210000038146973,,1138.77001953125,412.70001220703125,4.057000160217285,86.70999908447266
2004-01-21,14.34000015258789,,1147.6199951171875,411.1000061035156,4.0370001792907715,86.36000061035156
2004-01-22,14.710000038146973,,1143.93994140625,410.0,3.9690001010894775,85.81999969482422
2004-01-23,14.84000015258789,,1141.550048828125,407.8999938964844,4.065999984741211,86.55999755859375
2004-01-26,14.550000190734863,,1155.3699951171875,406.6000061035156,4.139999866485596,87.25
2004-01-27,15.350000381469727,,1144.050048828125,410.0,4.086999893188477,86.27999877929688
2004-01-28,16.780000686645508,,1128.47998046875,414.5,4.195000171661377,86.97000122070312
2004-01-29,17.139999389648438,,1134.1099853515625,398.5,4.197000026702881,87.58000183105469
2004-01-30,16.6299991607666,,1131.1300048828125,402.20001220703125,4.138000011444092,87.19999694824219
2004-02-02,17.110000610351562,,1135.260009765625,398.70001220703125,4.151000022888184,87.52999877929688
2004-02-03,17.34000015258789,,1136.030029296875,399.20001220703125,4.099999904632568,86.79000091552734
2004-02-04,17.8700008392334,,1126.52001953125,401.0,4.124000072479248,86.83999633789062
2004-02-05,17.709999084472656,,1128.5899658203125,398.1000061035156,4.173999786376953,86.9000015258789
2004-02-06,16.0,,1142.760009765625,403.6000061035156,4.089000225067139,86.0199966430664
2004-02-09,16.389999389648438,,1139.81005859375,406.79998779296875,4.065000057220459,86.0
2004-02-10,15.9399995803833,,1145.5400390625,406.3999938964844,4.1020002365112305,85.83999633789062
2004-02-11,15.390000343322754,,1157.760009765625,410.20001220703125,4.020999908447266,85.19999694824219
2004-02-12,15.3100004196167,,1152.1099853515625,413.70001220703125,4.058000087738037,85.29000091552734
2004-02-13,15.579999923706055,,1145.81005859375,410.29998779296875,4.047999858856201,85.55999755859375
2004-02-17,15.399999618530273,,1156.989990234375,416.0,4.047999858856201,85.0199966430664
2004-02-18,15.59000015258789,,1151.8199462890625,412.29998779296875,4.048999786376953,85.87999725341797
2004-02-19,15.800000190734863,,1147.06005859375,409.79998779296875,4.052000045776367,85.94999694824219
2004-02-20,16.040000915527344,,1144.1099853515625,397.5,4.0980000495910645,87.23999786376953
2004-02-23,16.290000915527344,,1140.989990234375,399.0,4.050000190734863,87.04000091552734
2004-02-24,15.899999618530273,,1139.0899658203125,404.5,4.0289998054504395,86.13999938964844
2004-02-25,14.930000305175781,,1143.6700439453125,395.79998779296875,4.014999866485596,87.25
2004-02-26,14.829999923706055,,1144.9100341796875,395.79998779296875,4.046000003814697,87.68000030517578
2004-02-27,14.550000190734863,,1144.93994140625,396.3999938964844,3.9839999675750732,87.30999755859375
2004-03-01,14.4399995803833,,1155.969970703125,399.29998779296875,3.992000102996826,87.5199966430664
2004-03-02,14.859999656677246,,1149.0999755859375,393.5,4.046000003814697,88.83000183105469
2004-03-03,14.550000190734863,,1151.030029296875,392.3999938964844,4.059999942779541,89.02999877929688
2004-03-04,14.399999618530273,,1154.8699951171875,392.8999938964844,4.0289998054504395,89.13999938964844
2004-03-05,14.479999542236328,,1156.8599853515625,401.29998779296875,3.8310000896453857,88.18000030517578
2004-03-08,15.789999961853027,,1147.199951171875,400.6000061035156,3.7760000228881836,88.0
2004-03-09,16.600000381469727,,1140.5799560546875,404.20001220703125,3.7190001010894775,88.29000091552734
2004-03-10,18.670000076293945,,1123.8900146484375,400.0,3.734999895095825,88.94999694824219
2004-03-11,20.670000076293945,,1106.780029296875,400.70001220703125,3.746999979019165,88.51000213623047
2004-03-12,18.299999237060547,,1120.5699462890625,395.29998779296875,3.759999990463257,89.12000274658203
2004-03-15,21.1299991607666,,1104.489990234375,399.3999938964844,3.7679998874664307,88.80999755859375
2004-03-16,20.34000015258789,,1110.699951171875,402.3999938964844,3.687999963760376,88.58999633789062
2004-03-17,18.110000610351562,,1123.75,406.8999938964844,3.683000087738037,88.6500015258789
2004-03-18,18.530000686645508,,1122.3199462890625,411.1000061035156,3.749000072479248,87.69999694824219
2004-03-19,19.149999618530273,,1109.780029296875,412.5,3.7880001068115234,88.16000366210938
2004-03-22,21.579999923706055,,1095.4000244140625,417.3999938964844,3.7239999771118164,87.80999755859375
2004-03-23,20.670000076293945,,1093.949951171875,419.79998779296875,3.7109999656677246,87.8499984741211
2004-03-24,19.809999465942383,,1091.3299560546875,417.20001220703125,3.7139999866485596,88.93000030517578
2004-03-25,17.8799991607666,,1109.18994140625,416.70001220703125,3.739000082015991,88.9000015258789
2004-03-26,17.329999923706055,,1108.06005859375,422.1000061035156,3.8429999351501465,88.88999938964844
2004-03-29,16.5,,1122.469970703125,417.1000061035156,3.890000104904175,88.62999725341797
2004-03-30,16.280000686645508,,1127.0,421.70001220703125,3.9019999504089355,88.43000030517578
2004-03-31,16.739999771118164,,1126.2099609375,427.29998779296875,3.8369998931884766,87.61000061035156
2004-04-01,16.649999618530273,,1132.1700439453125,427.79998779296875,3.8980000019073486,87.20999908447266
2004-04-02,15.640000343322754,,1141.81005859375,421.6000061035156,4.139999866485596,88.51000213623047
2004-04-05,14.970000267028809,,1150.5699462890625,415.3999938964844,4.21999979019165,89.22000122070312
2004-04-06,15.319999694824219,,1148.1600341796875,418.8999938964844,4.171000003814697,88.75
2004-04-07,15.760000228881836,,1140.530029296875,422.79998779296875,4.166999816894531,88.2699966430664
2004-04-08,16.260000228881836,,1139.3199462890625,419.8999938964844,4.197000026702881,89.0199966430664
2004-04-12,15.279999732971191,,1145.199951171875,420.1000061035156,4.230000019073486,88.94999694824219
2004-04-13,17.260000228881836,,1129.43994140625,407.0,4.340000152587891,89.83000183105469
2004-04-14,15.619999885559082,,1128.1700439453125,399.79998779296875,4.381999969482422,90.23999786376953
2004-04-15,15.739999771118164,,1128.8399658203125,397.70001220703125,4.40500020980835,90.05999755859375
2004-04-16,14.9399995803833,,1134.6099853515625,401.0,4.3520002365112305,89.94000244140625
2004-04-19,15.420000076293945,,1135.8199462890625,400.6000061035156,4.372000217437744,89.80000305175781
2004-04-20,16.670000076293945,,1118.1500244140625,397.70001220703125,4.414999961853027,90.48999786376953
2004-04-21,15.600000381469727,,1124.0899658203125,390.79998779296875,4.422999858856201,91.12000274658203
2004-04-22,14.609999656677246,,1139.9300537109375,393.29998779296875,4.370999813079834,90.81999969482422
2004-04-23,14.010000228881836,,1140.5999755859375,395.1000061035156,4.452000141143799,91.08000183105469
2004-04-26,14.770000457763672,,1135.530029296875,396.0,4.433000087738037,90.62000274658203
2004-04-27,15.069999694824219,,1138.1099853515625,398.6000061035156,4.4039998054504395,90.41000366210938
2004-04-28,16.290000915527344,,1122.4100341796875,385.3999938964844,4.4670000076293945,91.16999816894531
2004-04-29,16.600000381469727,,1113.8900146484375,386.6000061035156,4.539999961853027,90.56999969482422
2004-04-30,17.190000534057617,,1107.300048828125,387.0,4.500999927520752,90.4800033569336
2004-05-03,16.6200008392334,,1117.489990234375,387.0,4.500999927520752,90.76000213623047
2004-05-04,16.549999237060547,,1119.550048828125,391.3999938964844,4.543000221252441,89.80999755859375
2004-05-05,15.770000457763672,,1121.530029296875,393.3999938964844,4.571000099182129,89.30999755859375
2004-05-06,17.049999237060547,,1113.989990234375,388.0,4.6020002365112305,89.87999725341797
2004-05-07,18.1299991607666,,1098.699951171875,378.70001220703125,4.765999794006348,91.12999725341797
2004-05-10,19.770000457763672,,1087.1199951171875,378.29998779296875,4.781000137329102,91.55999755859375
2004-05-11,18.56999969482422,,1095.449951171875,376.8999938964844,4.76800012588501,91.66000366210938
2004-05-12,18.139999389648438,,1097.280029296875,377.3999938964844,4.796999931335449,91.29000091552734
2004-05-13,18.860000610351562,,1096.43994140625,374.79998779296875,4.85099983215332,91.95999908447266
2004-05-14,18.469999313354492,,1095.699951171875,377.0,4.788000106811523,91.66000366210938
2004-05-17,19.959999084472656,,1084.0999755859375,379.5,4.698999881744385,91.0
2004-05-18,19.329999923706055,,1091.489990234375,375.79998779296875,4.736000061035156,91.25
2004-05-19,18.93000030517578,,1088.6800537109375,382.8999938964844,4.794000148773193,90.52999877929688
2004-05-20,18.670000076293945,,1089.18994140625,378.3999938964844,4.7179999351501465,91.02999877929688
2004-05-21,18.489999771118164,,1093.56005859375,384.79998779296875,4.763999938964844,90.48999786376953
2004-05-24,18.079999923706055,,1095.4100341796875,385.6000061035156,4.739999771118164,90.4800033569336
2004-05-25,15.960000038146973,,1113.050048828125,388.29998779296875,4.723999977111816,89.83999633789062
2004-05-26,15.970000267028809,,1114.93994140625,388.29998779296875,4.671000003814697,89.72000122070312
2004-05-27,15.279999732971191,,1121.280029296875,394.8999938964844,4.5879998207092285,88.66999816894531
2004-05-28,15.5,,1120.6800537109375,394.0,4.65500020980835,88.94999694824219
2004-06-01,16.299999237060547,,1121.199951171875,394.6000061035156,4.703999996185303,88.87999725341797
2004-06-02,16.079999923706055,,1124.989990234375,390.70001220703125,4.730000019073486,88.83999633789062
2004-06-03,17.030000686645508,,1116.6400146484375,388.1000061035156,4.711999893188477,88.94999694824219
2004-06-04,16.780000686645508,,1122.5,390.8999938964844,4.77400016784668,88.54000091552734
2004-06-07,15.390000343322754,,1140.4200439453125,393.79998779296875,4.764999866485596,88.25
2004-06-08,15.010000228881836,,1142.1800537109375,391.0,4.770999908447266,88.51000213623047
2004-06-09,15.390000343322754,,1131.3299560546875,384.5,4.811999797821045,89.7300033569336
2004-06-10,15.039999961853027,,1136.469970703125,385.8999938964844,4.790999889373779,89.25
2004-06-14,16.06999969482422,,1125.2900390625,383.6000061035156,4.869999885559082,89.94000244140625
2004-06-15,15.050000190734863,,1132.010009765625,388.1000061035156,4.685999870300293,89.08999633789062
2004-06-16,14.789999961853027,,1133.56005859375,384.6000061035156,4.73199987411499,90.04000091552734
2004-06-17,15.149999618530273,,1132.050048828125,388.8999938964844,4.691999912261963,89.5999984741211
2004-06-18,14.989999771118164,,1135.02001953125,395.1000061035156,4.710000038146973,89.08000183105469
2004-06-21,15.260000228881836,,1130.300048828125,394.0,4.690000057220459,89.29000091552734
2004-06-22,14.3100004196167,,1134.4100341796875,395.0,4.703999996185303,89.43000030517578
2004-06-23,13.979999542236328,,1144.06005859375,395.0,4.697999954223633,89.41999816894531
2004-06-24,14.8100004196167,,1140.6500244140625,403.1000061035156,4.645999908447266,88.75
2004-06-25,15.1899995803833,,1134.4300537109375,402.8999938964844,4.644999980926514,88.87999725341797
2004-06-28,16.06999969482422,,1133.3499755859375,401.0,4.738999843597412,88.72000122070312
2004-06-29,15.470000267028809,,1136.199951171875,392.5,4.695000171661377,89.41000366210938
2004-06-30,14.34000015258789,,1140.8399658203125,392.6000061035156,4.617000102996826,88.80000305175781
2004-07-01,15.199999809265137,,1128.93994140625,396.0,4.564000129699707,88.79000091552734
2004-07-02,15.079999923706055,,1125.3800048828125,398.29998779296875,4.458000183105469,87.97000122070312
2004-07-06,16.25,,1116.2099609375,392.6000061035156,4.480000019073486,88.12000274658203
2004-07-07,15.8100004196167,,1118.3299560546875,402.29998779296875,4.4720001220703125,87.6500015258789
2004-07-08,16.200000762939453,,1109.1099853515625,407.79998779296875,4.46999979019165,87.54000091552734
2004-07-09,15.779999732971191,,1112.81005859375,407.5,4.466000080108643,87.41999816894531
2004-07-12,14.960000038146973,,1114.3499755859375,408.1000061035156,4.442999839782715,87.38999938964844
2004-07-13,14.460000038146973,,1115.1400146484375,402.0,4.479000091552734,87.81999969482422
2004-07-14,13.760000228881836,,1111.469970703125,405.3999938964844,4.484000205993652,87.58000183105469
2004-07-15,14.710000038146973,,1106.68994140625,404.20001220703125,4.485000133514404,87.98999786376953
2004-07-16,14.34000015258789,,1101.3900146484375,406.6000061035156,4.361000061035156,87.13999938964844
2004-07-19,15.170000076293945,,1100.9000244140625,405.6000061035156,4.361000061035156,87.18000030517578
2004-07-20,14.170000076293945,,1108.6700439453125,401.8999938964844,4.447999954223633,87.83000183105469
2004-07-21,16.40999984741211,,1093.8800048828125,397.1000061035156,4.486999988555908,88.55999755859375
2004-07-22,15.75,,1096.8399658203125,395.20001220703125,4.461999893188477,88.44999694824219
2004-07-23,16.5,,1086.199951171875,390.5,4.432000160217285,89.26000213623047
2004-07-26,17.299999237060547,,1084.0699462890625,390.29998779296875,4.474999904632568,89.02999877929688
2004-07-27,16.549999237060547,,1094.8299560546875,387.0,4.59499979019165,89.79000091552734
2004-07-28,16.149999618530273,,1095.4200439453125,389.0,4.585000038146973,89.75
2004-07-29,15.680000305175781,,1100.4300537109375,387.0,4.572999954223633,89.94999694824219
2004-07-30,15.319999694824219,,1101.719970703125,391.0,4.474999904632568,89.95999908447266
2004-08-02,15.369999885559082,,1106.6199951171875,391.70001220703125,4.454999923706055,89.75
2004-08-03,16.030000686645508,,1099.68994140625,394.0,4.421999931335449,89.56999969482422
2004-08-04,16.209999084472656,,1098.6300048828125,392.20001220703125,4.428999900817871,89.68000030517578
2004-08-05,18.31999969482422,,1080.699951171875,392.29998779296875,4.400000095367432,89.63999938964844
2004-08-06,19.34000015258789,,1063.969970703125,399.79998779296875,4.218999862670898,88.36000061035156
2004-08-09,18.889999389648438,,1065.219970703125,400.70001220703125,4.24399995803833,88.38999938964844
2004-08-10,17.469999313354492,,1079.0400390625,400.0,4.2870001792907715,88.79000091552734
2004-08-11,18.040000915527344,,1075.7900390625,395.5,4.275000095367432,88.8499984741211
2004-08-12,19.079999923706055,,1063.22998046875,394.29998779296875,4.25,88.69000244140625
2004-08-13,17.979999542236328,,1064.800048828125,398.8999938964844,4.2129998207092285,87.9000015258789
2004-08-16,17.56999969482422,,1079.3399658203125,402.8999938964844,4.257999897003174,87.95999908447266
2004-08-17,17.020000457763672,,1081.7099609375,404.3999938964844,4.205999851226807,88.05999755859375
2004-08-18,16.229999542236328,,1095.1700439453125,404.29998779296875,4.2270002365112305,88.08000183105469
2004-08-19,16.959999084472656,,1091.22998046875,407.1000061035156,4.210999965667725,87.79000091552734
2004-08-20,16.0,,1098.3499755859375,413.20001220703125,4.230999946594238,88.12000274658203
2004-08-23,15.880000114440918,,1095.6800537109375,410.5,4.2789998054504395,89.05999755859375
2004-08-24,15.329999923706055,,1096.18994140625,403.0,4.2829999923706055,89.45999908447266
2004-08-25,14.979999542236328,,1104.9599609375,407.8999938964844,4.261000156402588,89.41999816894531
2004-08-26,14.90999984741211,,1105.0899658203125,407.3999938964844,4.2270002365112305,89.30000305175781
2004-08-27,14.710000038146973,,1107.77001953125,403.29998779296875,4.2270002365112305,89.7699966430664
2004-08-30,15.4399995803833,,1099.1500244140625,407.79998779296875,4.188000202178955,89.69000244140625
2004-08-31,15.289999961853027,,1104.239990234375,410.3999938964844,4.131999969482422,88.94000244140625
2004-09-01,14.90999984741211,,1105.9100341796875,408.79998779296875,4.123000144958496,88.87000274658203
2004-09-02,14.279999732971191,,1118.31005859375,406.0,4.193999767303467,88.9800033569336
2004-09-03,13.90999984741211,,1113.6300048828125,400.5,4.293000221252441,89.62999725341797
2004-09-07,14.069999694824219,,1121.300048828125,397.3999938964844,4.245999813079834,89.2300033569336
2004-09-08,14.0600004196167,,1116.27001953125,399.3999938964844,4.163000106811523,88.7699966430664
2004-09-09,14.010000228881836,,1118.3800048828125,398.5,4.198999881744385,88.83000183105469
2004-09-10,13.760000228881836,,1123.9200439453125,401.8999938964844,4.179999828338623,88.38999938964844
2004-09-13,13.170000076293945,,1125.8199462890625,404.1000061035156,4.151000022888184,88.55000305175781
2004-09-14,13.5600004196167,,1128.3299560546875,405.70001220703125,4.132999897003174,88.45999908447266
2004-09-15,14.640000343322754,,1120.3699951171875,405.0,4.170000076293945,89.1500015258789
2004-09-16,14.390000343322754,,1123.5,404.70001220703125,4.068999767303467,88.79000091552734
2004-09-17,14.029999732971191,,1128.550048828125,405.79998779296875,4.126999855041504,88.91000366210938
2004-09-20,14.430000305175781,,1122.199951171875,405.29998779296875,4.058000087738037,88.98999786376953
2004-09-21,13.65999984741211,,1129.300048828125,408.29998779296875,4.0370001792907715,88.12999725341797
2004-09-22,14.739999771118164,,1113.56005859375,407.20001220703125,3.989000082015991,88.51000213623047
2004-09-23,14.800000190734863,,1108.3599853515625,410.8999938964844,4.0279998779296875,88.44000244140625
2004-09-24,14.279999732971191,,1110.1099853515625,408.1000061035156,4.031000137329102,88.4000015258789
2004-09-27,14.619999885559082,,1103.52001953125,409.1000061035156,3.996999979019165,88.29000091552734
2004-09-28,13.829999923706055,,1110.06005859375,412.5,4.01200008392334,88.11000061035156
2004-09-29,13.210000038146973,,1114.800048828125,413.0,4.090000152587891,88.0999984741211
2004-09-30,13.34000015258789,,1114.5799560546875,418.70001220703125,4.11899995803833,87.36000061035156
2004-10-01,12.75,,1131.5,419.5,4.190999984741211,87.62999725341797
2004-10-04,13.40999984741211,,1135.1700439453125,414.0,4.172999858856201,88.37999725341797
2004-10-05,13.949999809265137,,1134.47998046875,418.20001220703125,4.172999858856201,88.16999816894531
2004-10-06,13.279999732971191,,1142.050048828125,418.3999938964844,4.223999977111816,88.4800033569336
2004-10-07,14.5,,1130.6500244140625,418.0,4.24399995803833,88.33999633789062
2004-10-08,15.050000190734863,,1122.1400146484375,423.1000061035156,4.132999897003174,87.44999694824219
2004-10-11,14.710000038146973,,1124.3900146484375,422.0,4.132999897003174,87.54000091552734
2004-10-12,15.050000190734863,,1121.8399658203125,415.1000061035156,4.1020002365112305,88.0199966430664
2004-10-13,15.420000076293945,,1113.6500244140625,413.20001220703125,4.078000068664551,87.87999725341797
2004-10-14,16.43000030517578,,1103.2900390625,418.1000061035156,4.014999866485596,87.55000305175781
2004-10-15,15.039999961853027,,1108.199951171875,418.70001220703125,4.052999973297119,87.08999633789062
2004-10-18,14.710000038146973,,1114.02001953125,416.20001220703125,4.052999973297119,87.0199966430664
2004-10-19,15.130000114440918,,1103.22998046875,420.29998779296875,4.038000106811523,86.83999633789062
2004-10-20,14.850000381469727,,1103.6600341796875,423.5,3.990999937057495,86.3499984741211
2004-10-21,14.539999961853027,,1106.489990234375,424.3999938964844,3.996999979019165,86.0199966430664
2004-10-22,15.279999732971191,,1095.739990234375,424.6000061035156,3.9839999675750732,85.87000274658203
2004-10-25,16.579999923706055,,1094.800048828125,429.0,3.9709999561309814,84.97000122070312
2004-10-26,16.389999389648438,,1111.0899658203125,426.79998779296875,3.989000082015991,85.20999908447266
2004-10-27,15.720000267028809,,1125.4000244140625,424.79998779296875,4.0879998207092285,85.44000244140625
2004-10-28,15.390000343322754,,1127.43994140625,425.1000061035156,4.079999923706055,85.27999877929688
2004-10-29,16.270000457763672,,1130.199951171875,428.5,4.0289998054504395,84.91000366210938
2004-11-01,16.270000457763672,,1130.510009765625,427.29998779296875,4.090000152587891,85.19999694824219
2004-11-02,16.18000030517578,,1130.56005859375,420.0,4.074999809265137,85.47000122070312
2004-11-03,14.039999961853027,,1143.199951171875,424.6000061035156,4.070000171661377,84.69999694824219
2004-11-04,13.970000267028809,,1161.6700439453125,430.1000061035156,4.067999839782715,84.54000091552734
2004-11-05,13.84000015258789,,1166.1700439453125,433.6000061035156,4.185999870300293,84.01000213623047
2004-11-08,13.800000190734863,,1164.8900146484375,432.70001220703125,4.215000152587891,84.08999633789062
2004-11-09,13.609999656677246,,1164.0799560546875,435.70001220703125,4.2179999351501465,84.29000091552734
2004-11-10,13.079999923706055,,1162.9100341796875,434.0,4.252999782562256,84.43000030517578
2004-11-11,13.039999961853027,,1173.47998046875,434.8999938964844,4.252999782562256,84.37000274658203
2004-11-12,13.329999923706055,,1184.1700439453125,437.8999938964844,4.197999954223633,83.69000244140625
2004-11-15,13.380000114440918,,1183.81005859375,437.0,4.190000057220459,84.0
2004-11-16,13.210000038146973,,1175.4300537109375,440.20001220703125,4.208000183105469,83.80000305175781
2004-11-17,13.210000038146973,,1181.93994140625,444.79998779296875,4.144000053405762,83.29000091552734
2004-11-18,12.979999542236328,,1183.550048828125,442.6000061035156,4.117000102996826,83.69000244140625
2004-11-19,13.5,,1170.3399658203125,446.79998779296875,4.196000099182129,83.30999755859375
2004-11-22,12.970000267028809,,1177.239990234375,448.79998779296875,4.164999961853027,83.19000244140625
2004-11-23,12.670000076293945,,1176.93994140625,447.79998779296875,4.184000015258789,82.97000122070312
2004-11-24,12.720000267028809,,1181.760009765625,449.29998779296875,4.195000171661377,82.41000366210938
2004-11-26,12.779999732971191,,1182.6500244140625,449.29998779296875,4.23799991607666,81.77999877929688
2004-11-29,13.300000190734863,,1178.5699462890625,453.70001220703125,4.329999923706055,81.93000030517578
2004-11-30,13.239999771118164,,1173.8199462890625,451.29998779296875,4.357999801635742,81.81999969482422
2004-12-01,12.970000267028809,,1191.3699951171875,454.0,4.375,81.55999755859375
2004-12-02,12.979999542236328,,1190.3299560546875,450.3999938964844,4.396999835968018,81.94999694824219
2004-12-03,12.960000038146973,,1191.1700439453125,456.0,4.269999980926514,80.9800033569336
2004-12-06,13.1899995803833,,1190.25,454.20001220703125,4.239999771118164,81.27999877929688
2004-12-07,13.670000076293945,,1177.0699462890625,452.0,4.2270002365112305,81.23999786376953
2004-12-08,13.1899995803833,,1182.81005859375,437.20001220703125,4.133999824523926,81.9000015258789
2004-12-09,12.880000114440918,,1189.239990234375,435.79998779296875,4.160999774932861,82.02999877929688
2004-12-10,12.760000228881836,,1188.0,433.8999938964844,4.156000137329102,82.55000305175781
2004-12-13,12.539999961853027,,1198.6800537109375,438.8999938964844,4.151000022888184,82.0999984741211
2004-12-14,12.729999542236328,,1203.3800048828125,435.8999938964844,4.131999969482422,82.31999969482422
2004-12-15,12.350000381469727,,1205.719970703125,440.79998779296875,4.076000213623047,81.62999725341797
2004-12-16,12.270000457763672,,1203.2099609375,436.8999938964844,4.184999942779541,82.5
2004-12-17,11.949999809265137,,1194.199951171875,441.6000061035156,4.206999778747559,82.16000366210938
2004-12-20,11.829999923706055,,1194.6500244140625,442.3999938964844,4.198999881744385,81.66999816894531
2004-12-21,11.550000190734863,,1205.449951171875,441.79998779296875,4.168000221252441,81.94000244140625
2004-12-22,11.449999809265137,,1209.5699462890625,440.29998779296875,4.201000213623047,81.93000030517578
2004-12-23,11.229999542236328,,1210.1300048828125,441.8999938964844,4.2179999351501465,81.33999633789062
2004-12-27,12.140000343322754,,1204.9200439453125,445.20001220703125,4.290999889373779,80.72000122070312
2004-12-28,12.0,,1213.5400390625,444.29998779296875,4.290999889373779,80.72000122070312
2004-12-29,11.619999885559082,,1213.449951171875,436.0,4.322000026702881,80.97000122070312
2004-12-30,12.5600004196167,,1213.550048828125,437.5,4.263000011444092,80.52999877929688
2004-12-31,13.289999961853027,,1211.9200439453125,437.5,4.216000080108643,80.8499984741211
2005-01-03,14.079999923706055,,1202.0799560546875,428.70001220703125,4.21999979019165,81.30000305175781
2005-01-04,13.979999542236328,,1188.050048828125,428.5,4.2829999923706055,82.56999969482422
2005-01-05,14.09000015258789,,1183.739990234375,426.6000061035156,4.2769999504089355,82.54000091552734
2005-01-06,13.579999923706055,,1187.8900146484375,421.0,4.271999835968018,83.1500015258789
2005-01-07,13.489999771118164,,1186.18994140625,418.8999938964844,4.284999847412109,83.61000061035156
2005-01-10,13.229999542236328,,1190.25,419.1000061035156,4.2779998779296875,83.29000091552734
2005-01-11,13.1899995803833,,1182.989990234375,421.8999938964844,4.24399995803833,83.0199966430664
2005-01-12,12.5600004196167,,1187.699951171875,426.1000061035156,4.236000061035156,82.13999938964844
2005-01-13,12.84000015258789,,1177.449951171875,424.5,4.186999797821045,82.51000213623047
2005-01-14,12.430000305175781,,1184.52001953125,422.70001220703125,4.216000080108643,83.05999755859375
2005-01-18,12.470000267028809,,1195.97998046875,423.20001220703125,4.195000171661377,83.36000061035156
2005-01-19,13.180000305175781,,1184.6300048828125,423.0,4.186999797821045,83.5999984741211
2005-01-20,13.829999923706055,,1175.4100341796875,422.3999938964844,4.164999961853027,83.83999633789062
2005-01-21,14.359999656677246,,1167.8699951171875,426.70001220703125,4.142000198364258,83.26000213623047
2005-01-24,14.649999618530273,,1163.75,426.8999938964844,4.122000217437744,83.23999786376953
2005-01-25,14.0600004196167,,1168.4100341796875,422.0,4.189000129699707,83.98999786376953
2005-01-26,13.4399995803833,,1174.0699462890625,426.8999938964844,4.191999912261963,83.30000305175781
2005-01-27,13.239999771118164,,1174.550048828125,426.29998779296875,4.206999778747559,83.43000030517578
2005-01-28,13.239999771118164,,1171.3599853515625,425.79998779296875,4.138000011444092,83.4800033569336
2005-01-31,12.819999694824219,,1181.27001953125,421.79998779296875,4.132999897003174,83.5999984741211
2005-02-01,12.029999732971191,,1189.4100341796875,420.79998779296875,4.136000156402588,83.44999694824219
2005-02-02,11.65999984741211,,1193.18994140625,421.1000061035156,4.139999866485596,83.5199966430664
2005-02-03,11.789999961853027,,1189.8900146484375,416.6000061035156,4.163000106811523,83.97000122070312
2005-02-04,11.210000038146973,,1203.030029296875,414.0,4.072999954223633,84.38999938964844
2005-02-07,11.729999542236328,,1201.719970703125,413.6000061035156,4.052000045776367,85.04000091552734
2005-02-08,11.600000381469727,,1202.300048828125,412.6000061035156,4.0370001792907715,85.0999984741211
2005-02-09,12.0,,1191.989990234375,412.8999938964844,3.9769999980926514,85.0199966430664
2005-02-10,11.510000228881836,,1197.010009765625,417.20001220703125,4.072999954223633,84.54000091552734
2005-02-11,11.430000305175781,,1205.300048828125,420.5,4.09499979019165,84.56999969482422
2005-02-14,11.520000457763672,,1206.1400146484375,425.79998779296875,4.072999954223633,83.95999908447266
2005-02-15,11.270000457763672,,1210.1199951171875,425.8999938964844,4.0980000495910645,83.58999633789062
2005-02-16,11.100000381469727,,1210.3399658203125,425.5,4.1579999923706055,83.66999816894531
2005-02-17,11.770000457763672,,1200.75,427.29998779296875,4.184999942779541,83.47000122070312
2005-02-18,11.180000305175781,,1201.5899658203125,427.1000061035156,4.260000228881836,83.48999786376953
2005-02-22,13.140000343322754,,1184.1600341796875,434.5,4.284999847412109,82.41000366210938
2005-02-23,12.390000343322754,,1190.800048828125,434.8999938964844,4.26800012588501,82.68000030517578
2005-02-24,11.569999694824219,,1200.199951171875,434.5,4.281000137329102,82.87999725341797
2005-02-25,11.489999771118164,,1211.3699951171875,434.8999938964844,4.271999835968018,82.66000366210938
2005-02-28,12.079999923706055,,1203.5999755859375,436.5,4.359000205993652,82.51000213623047
2005-03-01,12.039999961853027,,1210.4100341796875,432.8999938964844,4.372000217437744,82.7699966430664
2005-03-02,12.5,,1210.0799560546875,432.79998779296875,4.379000186920166,83.08000183105469
2005-03-03,12.930000305175781,,1210.469970703125,429.8999938964844,4.382999897003174,83.27999877929688
2005-03-04,11.9399995803833,,1222.1199951171875,434.20001220703125,4.309999942779541,82.54000091552734
2005-03-07,12.260000228881836,,1225.31005859375,435.0,4.303999900817871,82.79000091552734
2005-03-08,12.399999618530273,,1219.4300537109375,440.29998779296875,4.375,81.9800033569336
2005-03-09,12.699999809265137,,1207.010009765625,442.1000061035156,4.513999938964844,81.62999725341797
2005-03-10,12.489999771118164,,1209.25,442.79998779296875,4.459000110626221,81.56999969482422
2005-03-11,12.800000190734863,,1200.0799560546875,446.20001220703125,4.534999847412109,81.41999816894531
2005-03-14,12.390000343322754,,1206.8299560546875,441.1000061035156,4.515999794006348,81.97000122070312
2005-03-15,13.149999618530273,,1197.75,440.8999938964844,4.541999816894531,82.12000274658203
2005-03-16,13.489999771118164,,1188.0699462890625,443.70001220703125,4.51800012588501,81.62000274658203
2005-03-17,13.289999961853027,,1190.2099609375,438.70001220703125,4.46999979019165,81.83999633789062
2005-03-18,13.140000343322754,,1189.6500244140625,439.29998779296875,4.511000156402588,82.12999725341797
2005-03-21,13.609999656677246,,1183.780029296875,431.1000061035156,4.525000095367432,82.87999725341797
2005-03-22,14.270000457763672,,1171.7099609375,431.29998779296875,4.610000133514404,83.36000061035156
2005-03-23,14.0600004196167,,1172.530029296875,425.20001220703125,4.60699987411499,84.0
2005-03-24,13.420000076293945,,1171.4200439453125,424.70001220703125,4.591000080108643,84.12999725341797
2005-03-28,13.75,,1174.280029296875,425.8999938964844,4.624000072479248,84.62000274658203
2005-03-29,14.489999771118164,,1165.3599853515625,426.0,4.591000080108643,84.31999969482422
2005-03-30,13.640000343322754,,1181.4100341796875,426.0,4.558000087738037,84.29000091552734
2005-03-31,14.020000457763672,,1180.5899658203125,428.70001220703125,4.495999813079834,84.05999755859375
2005-04-01,14.09000015258789,,1172.9200439453125,425.8999938964844,4.451000213623047,84.43000030517578
2005-04-04,14.109999656677246,,1176.1199951171875,423.8999938964844,4.455999851226807,84.77999877929688
2005-04-05,13.680000305175781,,1181.3900146484375,424.5,4.46999979019165,84.66000366210938
2005-04-06,13.149999618530273,,1184.0699462890625,427.1000061035156,4.435999870300293,84.68000030517578
2005-04-07,12.329999923706055,,1191.1400146484375,426.5,4.4720001220703125,84.87000274658203
2005-04-08,12.619999885559082,,1181.199951171875,426.8999938964844,4.491000175476074,84.47000122070312
2005-04-11,11.979999542236328,,1181.2099609375,428.6000061035156,4.445000171661377,84.16000366210938
2005-04-12,11.300000190734863,,1187.760009765625,427.6000061035156,4.360000133514404,84.41999816894531
2005-04-13,13.3100004196167,,1173.7900390625,429.29998779296875,4.374000072479248,84.41999816894531
2005-04-14,14.529999732971191,,1162.050048828125,424.0,4.357999801635742,85.0
2005-04-15,17.739999771118164,,1142.6199951171875,424.8999938964844,4.270999908447266,84.55999755859375
2005-04-18,16.559999465942383,,1145.97998046875,427.5,4.249000072479248,84.0
2005-04-19,14.960000038146973,,1152.780029296875,432.8999938964844,4.203000068664551,83.76000213623047
2005-04-20,16.920000076293945,,1137.5,435.29998779296875,4.210999965667725,83.5199966430664
2005-04-21,14.40999984741211,,1159.949951171875,433.0,4.300000190734863,83.69999694824219
2005-04-22,15.380000114440918,,1152.1199951171875,434.29998779296875,4.255000114440918,83.5
2005-04-25,14.619999885559082,,1162.0999755859375,434.6000061035156,4.250999927520752,83.81999969482422
2005-04-26,14.90999984741211,,1151.8299560546875,437.8999938964844,4.267000198364258,83.95999908447266
2005-04-27,14.869999885559082,,1156.3800048828125,433.0,4.236999988555908,84.12000274658203
2005-04-28,16.860000610351562,,1143.219970703125,433.0,4.172999858856201,84.3499984741211
2005-04-29,15.3100004196167,,1156.8499755859375,435.0,4.201000213623047,84.43000030517578
2005-05-02,15.119999885559082,,1162.1600341796875,429.5,4.193999767303467,84.48999786376953
2005-05-03,14.529999732971191,,1161.1700439453125,426.70001220703125,4.185999870300293,84.51000213623047
2005-05-04,13.850000381469727,,1175.6500244140625,429.0,4.185999870300293,84.0
2005-05-05,13.979999542236328,,1172.6300048828125,429.79998779296875,4.1620001792907715,83.94000244140625
2005-05-06,14.050000190734863,,1171.3499755859375,426.1000061035156,4.265999794006348,84.61000061035156
2005-05-09,13.75,,1178.8399658203125,426.20001220703125,4.2779998779296875,84.63999938964844
2005-05-10,14.90999984741211,,1166.219970703125,427.20001220703125,4.2220001220703125,84.44999694824219
2005-05-11,14.449999809265137,,1171.1099853515625,427.20001220703125,4.202000141143799,84.94000244140625
2005-05-12,16.1200008392334,,1159.3599853515625,421.6000061035156,4.184000015258789,85.48999786376953
2005-05-13,16.31999969482422,,1154.050048828125,420.20001220703125,4.120999813079834,86.0999984741211
2005-05-16,15.680000305175781,,1165.68994140625,418.8999938964844,4.125,86.12000274658203
2005-05-17,14.569999694824219,,1173.800048828125,419.3999938964844,4.117000102996826,86.20999908447266
2005-05-18,13.630000114440918,,1185.56005859375,421.5,4.067999839782715,85.81999969482422
2005-05-19,13.319999694824219,,1191.0799560546875,420.5,4.107999801635742,86.08999633789062
2005-05-20,13.140000343322754,,1189.280029296875,417.3999938964844,4.125,86.62999725341797
2005-05-23,12.949999809265137,,1193.8599853515625,416.6000061035156,4.072000026702881,86.4000015258789
2005-05-24,12.6899995803833,,1194.0699462890625,417.5,4.0370001792907715,86.37000274658203
2005-05-25,12.579999923706055,,1190.010009765625,418.79998779296875,4.072000026702881,86.3499984741211
2005-05-26,12.239999771118164,,1197.6199951171875,418.0,4.080999851226807,86.8499984741211
2005-05-27,12.149999618530273,,1198.780029296875,419.79998779296875,4.072999954223633,86.41999816894531
2005-05-31,13.289999961853027,,1191.5,416.29998779296875,4.00600004196167,87.76000213623047
2005-06-01,12.359999656677246,,1202.219970703125,415.29998779296875,3.9070000648498535,88.11000061035156
2005-06-02,11.84000015258789,,1204.2900390625,422.70001220703125,3.890000104904175,87.75
2005-06-03,12.149999618530273,,1196.02001953125,423.70001220703125,3.9790000915527344,88.04000091552734
2005-06-06,12.279999732971191,,1197.510009765625,426.5,3.9619998931884766,87.5999984741211
2005-06-07,12.390000343322754,,1197.260009765625,424.79998779296875,3.9110000133514404,87.48999786376953
2005-06-08,12.699999809265137,,1194.6700439453125,424.70001220703125,3.940000057220459,87.87999725341797
2005-06-09,12.079999923706055,,1200.9300537109375,424.20001220703125,3.9649999141693115,88.06999969482422
2005-06-10,11.960000038146973,,1198.1099853515625,427.3999938964844,4.046999931335449,88.69000244140625
2005-06-13,11.649999618530273,,1200.8199462890625,429.29998779296875,4.085999965667725,88.94999694824219
2005-06-14,11.789999961853027,,1203.9100341796875,427.5,4.126999855041504,89.26000213623047
2005-06-15,11.460000038146973,,1206.5799560546875,429.1000061035156,4.114999771118164,88.6500015258789
2005-06-16,11.149999618530273,,1210.9599609375,436.20001220703125,4.076000213623047,88.72000122070312
2005-06-17,11.479999542236328,,1216.9599609375,438.29998779296875,4.078000068664551,87.7300033569336
2005-06-20,11.470000267028809,,1216.0999755859375,438.3999938964844,4.103000164031982,88.48999786376953
2005-06-21,11.079999923706055,,1213.6099853515625,438.8999938964844,4.048999786376953,88.18000030517578
2005-06-22,11.050000190734863,,1213.8800048828125,438.1000061035156,3.944999933242798,88.55999755859375
2005-06-23,12.130000114440918,,1200.72998046875,441.70001220703125,3.9590001106262207,89.12000274658203
2005-06-24,12.180000305175781,,1191.5699462890625,440.5,3.9140000343322754,88.77999877929688
2005-06-27,12.520000457763672,,1190.68994140625,440.29998779296875,3.9019999504089355,88.44999694824219
2005-06-28,11.579999923706055,,1201.5699462890625,436.3999938964844,3.9760000705718994,88.98999786376953
2005-06-29,11.770000457763672,,1199.8499755859375,436.3999938964844,3.990000009536743,89.11000061035156
2005-06-30,12.039999961853027,,1191.3299560546875,435.8999938964844,3.944999933242798,89.11000061035156
2005-07-01,11.399999618530273,,1194.43994140625,427.79998779296875,4.048999786376953,90.12999725341797
2005-07-05,11.680000305175781,,1204.989990234375,422.8999938964844,4.098999977111816,90.44000244140625
2005-07-06,12.270000457763672,,1194.93994140625,423.5,4.074999809265137,90.37999725341797
2005-07-07,12.489999771118164,,1197.8699951171875,423.29998779296875,4.031000137329102,90.27999877929688
2005-07-08,11.449999809265137,,1211.8599853515625,422.8999938964844,4.109000205993652,90.25
2005-07-11,11.279999732971191,,1219.43994140625,425.5,4.1020002365112305,89.45999908447266
2005-07-12,10.949999809265137,,1222.2099609375,426.29998779296875,4.140999794006348,88.41000366210938
2005-07-13,10.84000015258789,,1223.2900390625,423.8999938964844,4.163000106811523,89.30999755859375
2005-07-14,10.8100004196167,,1226.5,419.6000061035156,4.179999828338623,89.4000015258789
2005-07-15,10.329999923706055,,1227.9200439453125,420.70001220703125,4.175000190734863,89.72000122070312
2005-07-18,10.770000457763672,,1221.1300048828125,420.5,4.2230000495910645,89.63999938964844
2005-07-19,10.449999809265137,,1229.3499755859375,419.70001220703125,4.189000129699707,89.8499984741211
2005-07-20,10.229999542236328,,1235.199951171875,421.70001220703125,4.177000045776367,89.33999633789062
2005-07-21,10.970000267028809,,1227.0400390625,425.3999938964844,4.2820000648498535,88.93000030517578
2005-07-22,10.520000457763672,,1233.6800537109375,424.70001220703125,4.2230000495910645,89.63999938964844
2005-07-25,11.100000381469727,,1229.030029296875,425.70001220703125,4.247000217437744,89.5999984741211
2005-07-26,10.989999771118164,,1231.1600341796875,423.3999938964844,4.238999843597412,90.0
2005-07-27,10.359999656677246,,1236.7900390625,424.70001220703125,4.261000156402588,89.7300033569336
2005-07-28,10.520000457763672,,1243.719970703125,427.29998779296875,4.196000099182129,89.33999633789062
2005-07-29,11.569999694824219,,1234.1800537109375,429.8999938964844,4.285999774932861,89.3499984741211
2005-08-01,12.079999923706055,,1235.3499755859375,431.8999938964844,4.318999767303467,88.80000305175781
2005-08-02,11.75,,1244.1199951171875,431.8999938964844,4.335999965667725,88.76000213623047
2005-08-03,11.829999923706055,,1245.0400390625,436.8999938964844,4.300000190734863,87.98999786376953
2005-08-04,12.520000457763672,,1235.8599853515625,437.8999938964844,4.318999767303467,87.80000305175781
2005-08-05,12.479999542236328,,1226.4200439453125,437.20001220703125,4.392000198364258,88.05999755859375
2005-08-08,13.210000038146973,,1223.1300048828125,434.70001220703125,4.419000148773193,87.91999816894531
2005-08-09,12.399999618530273,,1231.3800048828125,434.20001220703125,4.394000053405762,87.88999938964844
2005-08-10,12.380000114440918,,1229.1300048828125,436.5,4.4039998054504395,87.61000061035156
2005-08-11,12.420000076293945,,1237.81005859375,445.5,4.334000110626221,87.0999984741211
2005-08-12,12.739999771118164,,1230.3900146484375,445.8999938964844,4.23799991607666,86.9800033569336
2005-08-15,12.260000228881836,,1233.8699951171875,442.20001220703125,4.269999980926514,87.31999969482422
2005-08-16,13.520000457763672,,1219.3399658203125,446.1000061035156,4.2270002365112305,87.43000030517578
2005-08-17,13.300000190734863,,1220.239990234375,439.8999938964844,4.2729997634887695,88.0
2005-08-18,13.420000076293945,,1219.02001953125,439.5,4.216000080108643,88.58999633789062
2005-08-19,13.420000076293945,,1219.7099609375,437.20001220703125,4.210999965667725,88.58000183105469
2005-08-22,13.420000076293945,,1221.72998046875,438.1000061035156,4.218999862670898,88.13999938964844
2005-08-23,13.34000015258789,,1217.5899658203125,439.3999938964844,4.186999797821045,88.08000183105469
2005-08-24,14.170000076293945,,1209.5899658203125,437.29998779296875,4.178999900817871,87.91000366210938
2005-08-25,13.729999542236328,,1212.3699951171875,438.3999938964844,4.159999847412109,87.63999938964844
2005-08-26,13.720000267028809,,1205.0999755859375,437.3999938964844,4.189000129699707,87.86000061035156
2005-08-29,13.520000457763672,,1212.280029296875,437.0,4.172999858856201,88.25
2005-08-30,13.649999618530273,,1208.4100341796875,431.20001220703125,4.090000152587891,88.3499984741211
2005-08-31,12.600000381469727,,1220.3299560546875,433.79998779296875,4.019999980926514,87.58000183105469
2005-09-01,13.149999618530273,,1221.5899658203125,442.29998779296875,4.019000053405762,86.55000305175781
2005-09-02,13.569999694824219,,1218.02001953125,444.20001220703125,4.0289998054504395,86.30000305175781
2005-09-06,12.930000305175781,,1233.3900146484375,444.3999938964844,4.085000038146973,86.56999969482422
2005-09-07,12.520000457763672,,1236.3599853515625,444.8999938964844,4.138000011444092,86.97000122070312
2005-09-08,12.930000305175781,,1231.6700439453125,446.70001220703125,4.138999938964844,87.04000091552734
2005-09-09,11.979999542236328,,1241.47998046875,449.0,4.123000144958496,86.88999938964844
2005-09-12,11.649999618530273,,1240.56005859375,449.70001220703125,4.169000148773193,87.70999908447266
2005-09-13,12.390000343322754,,1231.199951171875,446.1000061035156,4.133999824523926,87.75
2005-09-14,12.90999984741211,,1227.1600341796875,449.79998779296875,4.168000221252441,87.66999816894531
2005-09-15,12.489999771118164,,1227.72998046875,455.5,4.214000225067139,88.12999725341797
2005-09-16,11.220000267028809,,1237.9100341796875,459.5,4.26200008392334,88.05000305175781
2005-09-19,12.140000343322754,,1231.02001953125,466.70001220703125,4.247000217437744,88.44000244140625
2005-09-20,12.640000343322754,,1221.3399658203125,466.20001220703125,4.243000030517578,88.5999984741211
2005-09-21,13.789999961853027,,1210.199951171875,468.8999938964844,4.188000202178955,88.13999938964844
2005-09-22,13.329999923706055,,1214.6199951171875,466.6000061035156,4.176000118255615,88.55999755859375
2005-09-23,12.960000038146973,,1215.2900390625,463.5,4.248000144958496,89.20999908447266
2005-09-26,13.039999961853027,,1215.6300048828125,465.8999938964844,4.294000148773193,89.11000061035156
2005-09-27,12.760000228881836,,1215.6600341796875,462.6000061035156,4.301000118255615,89.5999984741211
2005-09-28,12.630000114440918,,1216.8900146484375,469.70001220703125,4.26200008392334,89.47000122070312
2005-09-29,12.239999771118164,,1227.6800537109375,472.20001220703125,4.289000034332275,89.4000015258789
2005-09-30,11.920000076293945,,1228.81005859375,469.0,4.328000068664551,89.5199966430664
2005-10-03,12.460000038146973,,1226.699951171875,466.1000061035156,4.386000156402588,90.12999725341797
2005-10-04,13.199999809265137,,1214.469970703125,466.1000061035156,4.375999927520752,90.0999984741211
2005-10-05,14.550000190734863,,1196.3900146484375,466.1000061035156,4.361000061035156,89.9800033569336
2005-10-06,14.960000038146973,,1191.489990234375,471.8999938964844,4.366000175476074,88.66000366210938
2005-10-07,14.59000015258789,,1195.9000244140625,474.70001220703125,4.361000061035156,89.16999816894531
2005-10-10,15.550000190734863,,1187.3299560546875,475.1000061035156,4.361000061035156,89.45999908447266
2005-10-11,15.630000114440918,,1184.8699951171875,477.1000061035156,4.383999824523926,89.97000122070312
2005-10-12,16.219999313354492,,1177.6800537109375,473.8999938964844,4.440999984741211,89.62999725341797
2005-10-13,16.469999313354492,,1176.8399658203125,471.1000061035156,4.474999904632568,89.80999755859375
2005-10-14,14.869999885559082,,1186.5699462890625,469.20001220703125,4.491000175476074,89.3499984741211
2005-10-17,14.670000076293945,,1190.0999755859375,474.1000061035156,4.488999843597412,89.80000305175781
2005-10-18,15.329999923706055,,1178.1400146484375,472.1000061035156,4.480999946594238,90.29000091552734
2005-10-19,13.5,,1195.760009765625,463.5,4.4629998207092285,89.98999786376953
2005-10-20,16.110000610351562,,1177.800048828125,461.0,4.459000110626221,89.91000366210938
2005-10-21,16.1299991607666,,1179.5899658203125,467.0,4.389999866485596,90.30999755859375
2005-10-24,14.739999771118164,,1199.3800048828125,465.0,4.446000099182129,90.11000061035156
2005-10-25,14.529999732971191,,1196.5400390625,472.79998779296875,4.507999897003174,89.23999786376953
2005-10-26,14.59000015258789,,1191.3800048828125,471.20001220703125,4.591000080108643,89.48999786376953
2005-10-27,16.020000457763672,,1178.9000244140625,473.79998779296875,4.558000087738037,89.0999984741211
2005-10-28,14.25,,1198.4100341796875,473.0,4.566999912261963,89.58999633789062
2005-10-31,15.319999694824219,,1207.010009765625,465.1000061035156,4.559000015258789,90.06999969482422
2005-11-01,14.850000381469727,,1202.760009765625,458.79998779296875,4.577000141143799,90.08000183105469
2005-11-02,13.479999542236328,,1214.760009765625,462.79998779296875,4.610000133514404,89.72000122070312
2005-11-03,13.0,,1219.93994140625,460.1000061035156,4.644000053405762,90.44000244140625
2005-11-04,13.170000076293945,,1220.1400146484375,456.29998779296875,4.6570000648498535,91.26000213623047
2005-11-07,13.100000381469727,,1222.81005859375,459.0,4.638999938964844,91.29000091552734
2005-11-08,13.079999923706055,,1218.5899658203125,460.8999938964844,4.565000057220459,91.37000274658203
2005-11-09,12.800000190734863,,1220.6500244140625,466.29998779296875,4.635000228881836,91.5
2005-11-10,11.899999618530273,,1230.9599609375,466.6000061035156,4.564000129699707,92.08000183105469
2005-11-11,11.630000114440918,,1234.719970703125,468.29998779296875,4.564000129699707,91.9800033569336
2005-11-14,12.180000305175781,,1233.760009765625,468.20001220703125,4.604000091552734,92.12999725341797
2005-11-15,12.229999542236328,,1229.010009765625,468.1000061035156,4.557000160217285,92.08999633789062
2005-11-16,12.260000228881836,,1231.2099609375,478.29998779296875,4.484000205993652,92.33000183105469
2005-11-17,11.25,,1242.800048828125,486.20001220703125,4.459000110626221,91.87999725341797
2005-11-18,11.119999885559082,,1248.27001953125,485.6000061035156,4.501999855041504,91.93000030517578
2005-11-21,10.819999694824219,,1254.8499755859375,489.0,4.460999965667725,92.02999877929688
2005-11-22,10.600000381469727,,1261.22998046875,492.6000061035156,4.427999973297119,91.5
2005-11-23,10.960000038146973,,1265.6099853515625,492.1000061035156,4.473999977111816,91.51000213623047
2005-11-25,10.880000114440918,,1268.25,492.1000061035156,4.431000232696533,92.04000091552734
2005-11-28,11.84000015258789,,1257.4599609375,498.29998779296875,4.406000137329102,90.9800033569336
2005-11-29,11.890000343322754,,1257.47998046875,499.1000061035156,4.48199987411499,91.62000274658203
2005-11-30,12.0600004196167,,1249.47998046875,494.6000061035156,4.5,91.56999969482422
2005-12-01,11.239999771118164,,1264.6700439453125,502.5,4.520999908447266,91.81999969482422
2005-12-02,11.010000228881836,,1265.0799560546875,503.29998779296875,4.519000053405762,91.94999694824219
2005-12-05,11.600000381469727,,1262.0899658203125,508.8999938964844,4.566999912261963,91.4800033569336
2005-12-06,11.520000457763672,,1263.699951171875,510.20001220703125,4.49399995803833,91.44000244140625
2005-12-07,12.180000305175781,,1257.3699951171875,514.2999877929688,4.517000198364258,91.88999938964844
2005-12-08,12.210000038146973,,1255.8399658203125,519.2999877929688,4.464000225067139,91.26000213623047
2005-12-09,11.6899995803833,,1259.3699951171875,527.0,4.5370001792907715,91.25
2005-12-12,11.470000267028809,,1260.4300537109375,528.4000244140625,4.546999931335449,90.3499984741211
2005-12-13,11.109999656677246,,1267.4300537109375,521.0,4.534999847412109,90.37999725341797
2005-12-14,10.479999542236328,,1272.739990234375,506.5,4.449999809265137,89.83000183105469
2005-12-15,10.729999542236328,,1270.93994140625,503.8999938964844,4.4679999351501465,90.0199966430664
2005-12-16,10.680000305175781,,1267.3199462890625,503.3999938964844,4.447999954223633,89.69999694824219
2005-12-19,11.380000114440918,,1259.9200439453125,503.6000061035156,4.441999912261963,89.87000274658203
2005-12-20,11.1899995803833,,1259.6199951171875,494.6000061035156,4.466000080108643,90.77999877929688
2005-12-21,10.8100004196167,,1262.7900390625,493.0,4.486000061035156,90.94000244140625
2005-12-22,10.289999961853027,,1268.1199951171875,502.70001220703125,4.433000087738037,90.72000122070312
2005-12-23,10.270000457763672,,1268.6600341796875,503.0,4.380000114440918,90.83999633789062
2005-12-27,11.569999694824219,,1256.5400390625,508.0,4.341000080108643,91.19000244140625
2005-12-28,11.350000381469727,,1258.1700439453125,514.2000122070312,4.377999782562256,91.26000213623047
2005-12-29,11.609999656677246,,1254.4200439453125,515.7000122070312,4.375999927520752,91.0999984741211
2005-12-30,12.069999694824219,,1248.2900390625,517.0999755859375,4.394999980926514,91.16999816894531
2006-01-03,11.140000343322754,,1268.800048828125,530.7000122070312,4.369999885559082,89.83999633789062
2006-01-04,11.369999885559082,,1273.4599609375,533.9000244140625,4.355999946594238,89.13999938964844
2006-01-05,11.3100004196167,,1273.47998046875,526.2999877929688,4.355999946594238,89.33000183105469
2006-01-06,11.0,,1285.449951171875,539.7000122070312,4.379000186920166,88.8499984741211
2006-01-09,11.130000114440918,,1290.1500244140625,549.0999755859375,4.379000186920166,89.25
2006-01-10,10.859999656677246,,1289.68994140625,544.2999877929688,4.427999973297119,89.33000183105469
2006-01-11,10.9399995803833,,1294.1800537109375,548.7999877929688,4.458000183105469,88.98999786376953
2006-01-12,11.199999809265137,,1286.06005859375,548.2999877929688,4.409999847412109,89.44000244140625
2006-01-13,11.229999542236328,,1287.6099853515625,556.0999755859375,4.349999904632568,88.88999938964844
2006-01-17,11.90999984741211,,1282.9300537109375,553.4000244140625,4.331999778747559,89.30000305175781
2006-01-18,12.25,,1277.9300537109375,543.7000122070312,4.340000152587891,89.26000213623047
2006-01-19,11.979999542236328,,1285.0400390625,558.4000244140625,4.379000186920166,89.38999938964844
2006-01-20,14.5600004196167,,1261.489990234375,553.5,4.361000061035156,88.94999694824219
2006-01-23,13.930000305175781,,1263.8199462890625,558.2999877929688,4.35699987411499,87.94999694824219
2006-01-24,13.3100004196167,,1266.8599853515625,557.7000122070312,4.389999866485596,88.05999755859375
2006-01-25,12.869999885559082,,1264.6800537109375,562.2000122070312,4.479000091552734,88.33000183105469
2006-01-26,12.420000076293945,,1273.8299560546875,559.7000122070312,4.5229997634887695,88.62000274658203
2006-01-27,11.970000267028809,,1283.719970703125,558.7000122070312,4.502999782562256,89.31999969482422
2006-01-30,12.390000343322754,,1285.18994140625,565.7999877929688,4.534999847412109,89.41999816894531
2006-01-31,12.949999809265137,,1280.0799560546875,570.7999877929688,4.5269999504089355,88.95999908447266
2006-02-01,12.359999656677246,,1282.4599609375,569.4000244140625,4.560999870300293,89.51000213623047
2006-02-02,13.229999542236328,,1270.8399658203125,572.5,4.560999870300293,89.37000274658203
2006-02-03,12.960000038146973,,1264.030029296875,567.4000244140625,4.5329999923706055,89.88999938964844
2006-02-06,13.039999961853027,,1265.02001953125,570.2000122070312,4.545000076293945,90.29000091552734
2006-02-07,13.59000015258789,,1254.780029296875,551.0,4.566999912261963,90.23999786376953
2006-02-08,12.829999923706055,,1265.6500244140625,550.0999755859375,4.59499979019165,90.43000030517578
2006-02-09,13.119999885559082,,1263.780029296875,564.5,4.540999889373779,90.29000091552734
2006-02-10,12.869999885559082,,1266.989990234375,550.2000122070312,4.580999851226807,90.55000305175781
2006-02-13,13.350000381469727,,1262.8599853515625,539.0,4.583000183105469,90.54000091552734
2006-02-14,12.25,,1275.530029296875,545.9000244140625,4.613999843597412,90.54000091552734
2006-02-15,12.3100004196167,,1280.0,539.7000122070312,4.605999946594238,90.72000122070312
2006-02-16,11.479999542236328,,1289.3800048828125,546.0,4.5960001945495605,90.7300033569336
2006-02-17,12.010000228881836,,1287.239990234375,551.7999877929688,4.540999889373779,90.63999938964844
2006-02-21,12.40999984741211,,1283.030029296875,553.9000244140625,4.563000202178955,90.55000305175781
2006-02-22,11.880000114440918,,1292.6700439453125,553.9000244140625,4.531000137329102,90.66999816894531
2006-02-23,11.869999885559082,,1287.7900390625,548.4000244140625,4.566999912261963,90.38999938964844
2006-02-24,11.460000038146973,,1289.4300537109375,558.7999877929688,4.566999912261963,90.61000061035156
2006-02-27,11.59000015258789,,1294.1199951171875,554.7000122070312,4.590000152587891,90.62999725341797
2006-02-28,12.34000015258789,,1280.6600341796875,561.5999755859375,4.546999931335449,90.11000061035156
2006-03-01,11.539999961853027,,1291.239990234375,563.5,4.589000225067139,90.22000122070312
2006-03-02,11.720000267028809,,1289.1400146484375,568.2000122070312,4.638000011444092,89.55999755859375
2006-03-03,11.960000038146973,,1287.22998046875,566.0,4.684000015258789,89.66000366210938
2006-03-06,12.739999771118164,,1278.260009765625,554.9000244140625,4.73799991607666,89.88999938964844
2006-03-07,12.65999984741211,,1275.8800048828125,552.7000122070312,4.736000061035156,90.7699966430664
2006-03-08,12.319999694824219,,1278.469970703125,542.5,4.734000205993652,90.62000274658203
2006-03-09,12.680000305175781,,1272.22998046875,545.5,4.730000019073486,90.75
2006-03-10,11.850000381469727,,1281.4200439453125,539.9000244140625,4.755000114440918,90.8499984741211
2006-03-13,11.369999885559082,,1284.1300048828125,546.0999755859375,4.775000095367432,90.54000091552734
2006-03-14,10.739999771118164,,1297.47998046875,551.7000122070312,4.696000099182129,90.0
2006-03-15,11.350000381469727,,1303.02001953125,553.0999755859375,4.730999946594238,89.69999694824219
2006-03-16,11.979999542236328,,1305.3299560546875,554.4000244140625,4.645999908447266,89.06999969482422
2006-03-17,12.119999885559082,,1307.25,554.0999755859375,4.673999786376953,88.91999816894531
2006-03-20,11.789999961853027,,1305.0799560546875,555.2000122070312,4.656000137329102,89.12999725341797
2006-03-21,11.619999885559082,,1297.22998046875,552.4000244140625,4.7170000076293945,89.62000274658203
2006-03-22,11.210000038146973,,1305.0400390625,550.9000244140625,4.703000068664551,89.72000122070312
2006-03-23,11.170000076293945,,1301.6700439453125,550.0999755859375,4.738999843597412,90.45999908447266
2006-03-24,11.1899995803833,,1302.949951171875,560.0,4.675000190734863,90.06999969482422
2006-03-27,11.460000038146973,,1301.6099853515625,567.0,4.701000213623047,90.06999969482422
2006-03-28,11.579999923706055,,1293.22998046875,566.5999755859375,4.7779998779296875,90.25
2006-03-29,10.949999809265137,,1302.8900146484375,573.0,4.809999942779541,90.25
2006-03-30,11.569999694824219,,1300.25,586.7000122070312,4.855000019073486,89.38999938964844
2006-03-31,11.390000343322754,,1294.8699951171875,581.7999877929688,4.853000164031982,89.7300033569336
2006-04-03,11.569999694824219,,1297.81005859375,589.4000244140625,4.874000072479248,89.62999725341797
2006-04-04,11.140000343322754,,1305.9300537109375,586.0,4.872000217437744,88.83000183105469
2006-04-05,11.130000114440918,,1311.56005859375,587.9000244140625,4.839000225067139,88.62999725341797
2006-04-06,11.449999809265137,,1309.0400390625,595.2000122070312,4.89300012588501,88.95999908447266
2006-04-07,12.260000228881836,,1295.5,588.4000244140625,4.9629998207092285,89.62999725341797
2006-04-10,12.1899995803833,,1296.6199951171875,597.5999755859375,4.9629998207092285,89.72000122070312
2006-04-11,13.0,,1286.5699462890625,595.2000122070312,4.932000160217285,89.44000244140625
2006-04-12,12.760000228881836,,1288.1199951171875,597.5,4.97599983215332,89.62000274658203
2006-04-13,12.380000114440918,,1289.1199951171875,596.5,5.035999774932861,89.62000274658203
2006-04-17,12.579999923706055,,1285.3299560546875,615.4000244140625,5.006999969482422,88.63999938964844
2006-04-18,11.399999618530273,,1307.280029296875,620.0,4.973999977111816,88.23999786376953
2006-04-19,11.319999694824219,,1309.9300537109375,632.5999755859375,5.0279998779296875,87.79000091552734
2006-04-20,11.640000343322754,,1311.4599609375,619.7999877929688,5.039000034332275,88.25
2006-04-21,11.59000015258789,,1311.280029296875,632.2000122070312,5.01200008392334,88.05000305175781
2006-04-24,11.75,,1308.1099853515625,620.5999755859375,4.985000133514404,87.44999694824219
2006-04-25,11.75,,1301.739990234375,631.0,5.071000099182129,87.31999969482422
2006-04-26,11.760000228881836,,1305.4100341796875,638.7999877929688,5.105000019073486,87.22000122070312
2006-04-27,11.84000015258789,,1309.719970703125,633.2999877929688,5.084000110626221,86.62999725341797
2006-04-28,11.59000015258789,,1310.6099853515625,651.7999877929688,5.068999767303467,86.11000061035156
2006-05-01,12.539999961853027,,1305.18994140625,657.5,5.13100004196167,85.97000122070312
2006-05-02,11.989999771118164,,1313.2099609375,664.7000122070312,5.110000133514404,85.79000091552734
2006-05-03,11.989999771118164,,1308.1199951171875,665.9000244140625,5.144000053405762,85.83999633789062
2006-05-04,11.859999656677246,,1312.25,674.2000122070312,5.150000095367432,85.83999633789062
2006-05-05,11.619999885559082,,1325.760009765625,682.2000122070312,5.107999801635742,85.12000274658203
2006-05-08,12.0,,1324.6600341796875,677.7999877929688,5.11899995803833,85.2300033569336
2006-05-09,11.989999771118164,,1325.1400146484375,699.4000244140625,5.125,84.83000183105469
2006-05-10,11.779999732971191,,1322.8499755859375,703.7000122070312,5.125,84.5
2006-05-11,12.489999771118164,,1305.9200439453125,719.7999877929688,5.15500020980835,84.2699966430664
2006-05-12,14.1899995803833,,1291.239990234375,710.2999877929688,5.185999870300293,83.95999908447266
2006-05-15,13.569999694824219,,1294.5,683.5999755859375,5.1529998779296875,84.54000091552734
2006-05-16,13.350000381469727,,1292.0799560546875,691.5,5.105000019073486,84.16999816894531
2006-05-17,16.260000228881836,,1270.3199462890625,690.5,5.1529998779296875,84.8499984741211
2006-05-18,16.989999771118164,,1261.81005859375,679.5999755859375,5.072999954223633,84.51000213623047
2006-05-19,17.18000030517578,,1267.030029296875,656.7000122070312,5.053999900817871,84.87999725341797
2006-05-22,17.719999313354492,,1262.0699462890625,657.0,5.035999774932861,84.3499984741211
2006-05-23,18.260000228881836,,1256.5799560546875,673.0,5.065999984741211,84.3499984741211
2006-05-24,17.360000610351562,,1258.5699462890625,637.0,5.033999919891357,84.94999694824219
2006-05-25,15.5,,1272.8800048828125,648.4000244140625,5.073999881744385,84.6500015258789
2006-05-26,14.260000228881836,,1280.1600341796875,650.9000244140625,5.052000045776367,85.26000213623047
2006-05-30,18.65999984741211,,1259.8699951171875,653.9000244140625,5.085999965667725,84.27999877929688
2006-05-31,16.440000534057617,,1270.0899658203125,642.5,5.11299991607666,84.72000122070312
2006-06-01,14.520000457763672,,1285.7099609375,627.5999755859375,5.107999801635742,84.79000091552734
2006-06-02,14.319999694824219,,1288.219970703125,635.5,4.99399995803833,84.05000305175781
2006-06-05,16.649999618530273,,1265.2900390625,643.2000122070312,5.026000022888184,84.13999938964844
2006-06-06,17.34000015258789,,1263.8499755859375,629.4000244140625,5.00600004196167,84.7300033569336
2006-06-07,17.799999237060547,,1256.1500244140625,627.4000244140625,5.026000022888184,84.98999786376953
2006-06-08,18.350000381469727,,1257.9300537109375,609.0999755859375,4.992000102996826,85.91000366210938
2006-06-09,18.1200008392334,,1252.300048828125,608.2000122070312,4.980999946594238,85.72000122070312
2006-06-12,20.959999084472656,,1237.43994140625,606.7999877929688,4.986999988555908,85.8499984741211
2006-06-13,23.809999465942383,,1223.68994140625,562.5,4.960999965667725,86.43000030517578
2006-06-14,21.459999084472656,,1230.0400390625,562.2999877929688,5.050000190734863,86.13999938964844
2006-06-15,15.899999618530273,,1256.1600341796875,566.5,5.0980000495910645,86.0199966430664
2006-06-16,17.25,,1251.5400390625,578.0,5.127999782562256,85.91999816894531
2006-06-19,17.829999923706055,,1240.1300048828125,568.7999877929688,5.144999980926514,86.30999755859375
2006-06-20,16.690000534057617,,1240.1199951171875,576.9000244140625,5.1570000648498535,86.18000030517578
2006-06-21,15.520000457763672,,1252.199951171875,587.5,5.15500020980835,85.77999877929688
2006-06-22,15.880000114440918,,1245.5999755859375,582.2000122070312,5.197999954223633,86.38999938964844
2006-06-23,15.890000343322754,,1244.5,584.7999877929688,5.228000164031982,86.81999969482422
2006-06-26,15.619999885559082,,1250.56005859375,584.7999877929688,5.238999843597412,86.48999786376953
2006-06-27,16.399999618530273,,1239.199951171875,581.5999755859375,5.210000038146973,86.47000122070312
2006-06-28,15.789999961853027,,1246.0,578.2999877929688,5.244999885559082,86.62999725341797
2006-06-29,13.029999732971191,,1272.8699951171875,586.5,5.199999809265137,85.87000274658203
2006-06-30,13.079999923706055,,1270.199951171875,613.5,5.138000011444092,85.22000122070312
2006-07-03,13.050000190734863,,1280.18994140625,613.5,5.151000022888184,85.18000030517578
2006-07-05,14.149999618530273,,1270.9100341796875,627.2999877929688,5.2270002365112305,85.5999984741211
2006-07-06,13.649999618530273,,1274.0799560546875,634.0999755859375,5.184999942779541,85.3499984741211
2006-07-07,13.970000267028809,,1265.47998046875,632.7999877929688,5.131999969482422,84.9800033569336
2006-07-10,14.020000457763672,,1267.3399658203125,624.0999755859375,5.130000114440918,85.5
2006-07-11,13.140000343322754,,1272.4300537109375,641.2000122070312,5.099999904632568,85.36000061035156
2006-07-12,14.489999771118164,,1258.5999755859375,649.4000244140625,5.099999904632568,85.91000366210938
2006-07-13,17.790000915527344,,1242.280029296875,652.9000244140625,5.071000099182129,85.79000091552734
2006-07-14,18.049999237060547,,1236.199951171875,666.5999755859375,5.059000015258789,86.08999633789062
2006-07-17,18.639999389648438,18.049999237060547,1234.489990234375,650.5999755859375,5.068999767303467,86.95999908447266
2006-07-18,17.739999771118164,17.219999313354492,1236.8599853515625,628.2999877929688,5.130000114440918,87.01000213623047
2006-07-19,15.550000190734863,15.600000381469727,1259.81005859375,641.5999755859375,5.059000015258789,86.45999908447266
2006-07-20,16.209999084472656,16.309999465942383,1249.1300048828125,631.7000122070312,5.0279998779296875,86.22000122070312
2006-07-21,17.399999618530273,17.040000915527344,1240.2900390625,619.5999755859375,5.045000076293945,85.93000030517578
2006-07-24,14.979999542236328,15.40999984741211,1260.9100341796875,612.7000122070312,5.044000148773193,86.33999633789062
2006-07-25,14.850000381469727,14.609999656677246,1268.8800048828125,617.5999755859375,5.065000057220459,86.63999938964844
2006-07-26,14.619999885559082,14.579999923706055,1268.4000244140625,621.5999755859375,5.035999774932861,85.93000030517578
2006-07-27,14.9399995803833,15.15999984741211,1263.199951171875,632.4000244140625,5.039999961853027,85.87000274658203
2006-07-28,14.329999923706055,14.630000114440918,1278.550048828125,634.7999877929688,4.989999771118164,85.44000244140625
2006-07-31,14.949999809265137,15.25,1276.6600341796875,634.2000122070312,4.98799991607666,85.30000305175781
2006-08-01,15.050000190734863,15.390000343322754,1270.9200439453125,646.2999877929688,4.982999801635742,85.05000305175781
2006-08-02,14.34000015258789,15.0600004196167,1277.4100341796875,651.5999755859375,4.960999965667725,85.05000305175781
2006-08-03,14.460000038146973,15.050000190734863,1280.27001953125,644.9000244140625,4.951000213623047,85.0199966430664
2006-08-04,14.34000015258789,15.09000015258789,1279.3599853515625,644.0,4.901000022888184,84.56999969482422
2006-08-07,15.229999542236328,15.350000381469727,1275.77001953125,647.7999877929688,4.921000003814697,84.75
2006-08-08,15.229999542236328,15.470000267028809,1271.47998046875,645.7000122070312,4.922999858856201,84.66000366210938
2006-08-09,15.199999809265137,15.579999923706055,1265.949951171875,650.5,4.936999797821045,84.70999908447266
2006-08-10,14.460000038146973,15.279999732971191,1271.81005859375,634.9000244140625,4.927000045776367,85.08000183105469
2006-08-11,14.300000190734863,15.279999732971191,1266.739990234375,633.5,4.9670000076293945,85.5199966430664
2006-08-14,14.260000228881836,15.279999732971191,1268.2099609375,628.5,5.000999927520752,85.63999938964844
2006-08-15,13.420000076293945,14.520000457763672,1285.5799560546875,622.5,4.931000232696533,85.22000122070312
2006-08-16,12.40999984741211,14.029999732971191,1295.4300537109375,628.7000122070312,4.870999813079834,84.87999725341797
2006-08-17,12.239999771118164,13.380000114440918,1297.47998046875,615.4000244140625,4.867000102996826,85.04000091552734
2006-08-18,11.640000343322754,13.100000381469727,1302.300048828125,612.0999755859375,4.835000038146973,85.08999633789062
2006-08-21,12.220000267028809,13.420000076293945,1297.52001953125,625.7000122070312,4.818999767303467,84.62999725341797
2006-08-22,12.1899995803833,13.430000305175781,1298.8199462890625,624.5999755859375,4.810999870300293,85.18000030517578
2006-08-23,12.399999618530273,13.5600004196167,1292.989990234375,623.7000122070312,4.818999767303467,85.12999725341797
2006-08-24,12.399999618530273,13.579999923706055,1296.06005859375,619.5,4.802999973297119,85.27999877929688
2006-08-25,12.3100004196167,13.510000228881836,1295.0899658203125,622.0,4.790999889373779,85.37999725341797
2006-08-28,12.180000305175781,13.359999656677246,1301.780029296875,615.2999877929688,4.796999931335449,85.2300033569336
2006-08-29,12.279999732971191,13.380000114440918,1304.280029296875,610.7000122070312,4.7829999923706055,84.91000366210938
2006-08-30,12.220000267028809,13.319999694824219,1305.3699951171875,617.7000122070312,4.763000011444092,84.97000122070312
2006-08-31,12.3100004196167,13.300000190734863,1303.8199462890625,625.9000244140625,4.73199987411499,85.05000305175781
2006-09-01,11.960000038146973,13.1899995803833,1311.010009765625,624.4000244140625,4.72599983215332,84.94000244140625
2006-09-05,12.630000114440918,13.359999656677246,1313.25,638.5,4.781000137329102,85.0
2006-09-06,13.739999771118164,14.319999694824219,1300.260009765625,633.5,4.801000118255615,85.0999984741211
2006-09-07,13.880000114440918,14.470000267028809,1294.02001953125,617.0,4.795000076293945,85.52999877929688
2006-09-08,13.15999984741211,14.1899995803833,1298.9200439453125,609.5999755859375,4.770999908447266,85.94999694824219
2006-09-11,12.989999771118164,14.199999809265137,1299.5400390625,590.0,4.798999786376953,85.91999816894531
2006-09-12,11.920000076293945,13.520000457763672,1313.0,586.9000244140625,4.7729997634887695,85.91999816894531
2006-09-13,11.180000305175781,13.34000015258789,1318.0699462890625,589.0999755859375,4.764999866485596,85.87000274658203
2006-09-14,11.550000190734863,13.550000190734863,1316.280029296875,579.2999877929688,4.793000221252441,85.66000366210938
2006-09-15,11.760000228881836,13.40999984741211,1319.6600341796875,576.4000244140625,4.797999858856201,85.98999786376953
2006-09-18,11.779999732971191,13.399999618530273,1321.1800537109375,586.2000122070312,4.809999942779541,85.80999755859375
2006-09-19,11.979999542236328,13.550000190734863,1317.6400146484375,576.7999877929688,4.736999988555908,85.94000244140625
2006-09-20,11.390000343322754,13.279999732971191,1325.1800537109375,580.0,4.729000091552734,85.80999755859375
2006-09-21,12.25,13.609999656677246,1318.030029296875,582.2000122070312,4.6479997634887695,85.18000030517578
2006-09-22,12.59000015258789,14.09000015258789,1314.780029296875,589.4000244140625,4.5970001220703125,85.19999694824219
2006-09-25,12.119999885559082,13.460000038146973,1326.3699951171875,589.9000244140625,4.554999828338623,85.29000091552734
2006-09-26,11.529999732971191,13.100000381469727,1336.3499755859375,591.2000122070312,4.585000038146973,85.62999725341797
2006-09-27,11.579999923706055,13.220000267028809,1336.5899658203125,597.2999877929688,4.593999862670898,85.66000366210938
2006-09-28,11.720000267028809,13.289999961853027,1338.8800048828125,605.0,4.625999927520752,85.72000122070312
2006-09-29,11.979999542236328,13.449999809265137,1335.8499755859375,598.5999755859375,4.632999897003174,85.97000122070312
2006-10-02,12.569999694824219,13.59000015258789,1331.3199462890625,597.7000122070312,4.618000030517578,85.58999633789062
2006-10-03,12.239999771118164,13.5,1334.1099853515625,576.2999877929688,4.616000175476074,85.70999908447266
2006-10-04,11.859999656677246,13.239999771118164,1350.199951171875,562.0,4.565000057220459,85.83999633789062
2006-10-05,11.979999542236328,13.279999732971191,1353.219970703125,571.0,4.607999801635742,85.91999816894531
2006-10-06,11.5600004196167,13.079999923706055,1349.5899658203125,572.4000244140625,4.696000099182129,86.44000244140625
2006-10-09,11.680000305175781,13.0600004196167,1350.6600341796875,578.4000244140625,4.696000099182129,86.5199966430664
2006-10-10,11.520000457763672,13.050000190734863,1353.4200439453125,571.9000244140625,4.748000144958496,87.0199966430664
2006-10-11,11.619999885559082,13.100000381469727,1349.949951171875,572.2999877929688,4.783999919891357,87.12000274658203
2006-10-12,11.09000015258789,12.420000076293945,1362.8299560546875,576.2999877929688,4.7779998779296875,86.91999816894531
2006-10-13,10.75,12.199999809265137,1365.6199951171875,588.7999877929688,4.806000232696533,87.12000274658203
2006-10-16,11.09000015258789,12.350000381469727,1369.06005859375,594.7000122070312,4.788000106811523,87.0
2006-10-17,11.729999542236328,12.630000114440918,1364.050048828125,589.7000122070312,4.7779998779296875,86.87000274658203
2006-10-18,11.34000015258789,12.470000267028809,1365.800048828125,588.9000244140625,4.763999938964844,86.87999725341797
2006-10-19,10.899999618530273,12.3100004196167,1366.9599609375,599.0,4.785999774932861,86.23999786376953
2006-10-20,10.630000114440918,12.0600004196167,1368.5999755859375,593.0,4.783999919891357,86.2699966430664
2006-10-23,11.079999923706055,12.210000038146973,1377.02001953125,579.7000122070312,4.826000213623047,86.70999908447266
2006-10-24,10.779999732971191,11.510000228881836,1377.3800048828125,584.4000244140625,4.823999881744385,86.62999725341797
2006-10-25,10.65999984741211,11.359999656677246,1382.219970703125,587.5999755859375,4.7729997634887695,86.37999725341797
2006-10-26,10.5600004196167,11.229999542236328,1389.0799560546875,596.7999877929688,4.7210001945495605,85.88999938964844
2006-10-27,10.800000190734863,11.369999885559082,1377.3399658203125,598.2000122070312,4.675000190734863,85.55999755859375
2006-10-30,11.199999809265137,12.039999961853027,1377.9300537109375,604.7000122070312,4.672999858856201,85.58999633789062
2006-10-31,11.100000381469727,11.399999618530273,1377.93994140625,604.0999755859375,4.605999946594238,85.31999969482422
2006-11-01,11.510000228881836,12.079999923706055,1367.81005859375,616.5999755859375,4.560999870300293,85.31999969482422
2006-11-02,11.420000076293945,12.119999885559082,1367.3399658203125,625.4000244140625,4.5960001945495605,85.33999633789062
2006-11-03,11.15999984741211,12.079999923706055,1364.300048828125,626.9000244140625,4.715000152587891,85.70999908447266
2006-11-06,11.15999984741211,11.399999618530273,1379.780029296875,625.7999877929688,4.709000110626221,85.75
2006-11-07,11.09000015258789,11.350000381469727,1382.8399658203125,625.7000122070312,4.658999919891357,85.43000030517578
2006-11-08,10.75,11.1899995803833,1385.719970703125,616.4000244140625,4.632999897003174,85.41000366210938
2006-11-09,11.010000228881836,11.369999885559082,1378.3299560546875,635.0,4.632999897003174,85.18000030517578
2006-11-10,10.789999961853027,11.489999771118164,1380.9000244140625,628.4000244140625,4.585999965667725,85.05000305175781
2006-11-13,10.859999656677246,11.380000114440918,1384.4200439453125,624.2000122070312,4.605000019073486,85.36000061035156
2006-11-14,10.5,11.170000076293945,1393.219970703125,623.7999877929688,4.567999839782715,85.23999786376953
2006-11-15,10.3100004196167,11.119999885559082,1396.5699462890625,622.5,4.614999771118164,85.33999633789062
2006-11-16,10.15999984741211,11.029999732971191,1399.760009765625,620.5999755859375,4.65500020980835,85.5
2006-11-17,10.050000190734863,11.0600004196167,1401.199951171875,621.5,4.60699987411499,85.37000274658203
2006-11-20,9.970000267028809,11.180000305175781,1400.5,621.2000122070312,4.59499979019165,85.41999816894531
2006-11-21,9.899999618530273,11.1899995803833,1402.81005859375,628.2000122070312,4.578000068664551,85.23999786376953
2006-11-22,10.140000343322754,11.520000457763672,1406.0899658203125,628.7000122070312,4.567999839782715,84.6500015258789
2006-11-24,10.729999542236328,12.279999732971191,1400.949951171875,628.7000122070312,4.547999858856201,83.70999908447266
2006-11-27,12.300000190734863,13.270000457763672,1381.9599609375,628.7000122070312,4.538000106811523,83.51000213623047
2006-11-28,11.619999885559082,12.630000114440918,1386.719970703125,637.2000122070312,4.508999824523926,83.20999908447266
2006-11-29,10.829999923706055,12.199999809265137,1399.47998046875,635.5,4.520999908447266,83.44000244140625
2006-11-30,10.90999984741211,12.3100004196167,1400.6300048828125,646.9000244140625,4.458000183105469,82.91999816894531
2006-12-01,11.65999984741211,12.59000015258789,1396.7099609375,644.7000122070312,4.425000190734863,82.4800033569336
2006-12-04,11.229999542236328,12.399999618530273,1409.1199951171875,645.2000122070312,4.433000087738037,82.48999786376953
2006-12-05,11.270000457763672,12.4399995803833,1414.760009765625,642.2999877929688,4.441999912261963,82.44999694824219
2006-12-06,11.329999923706055,12.510000228881836,1412.9000244140625,630.5,4.480999946594238,82.7699966430664
2006-12-07,12.670000076293945,13.479999542236328,1407.2900390625,631.9000244140625,4.482999801635742,82.80000305175781
2006-12-08,12.069999694824219,13.3100004196167,1409.8399658203125,626.0999755859375,4.552000045776367,83.33000183105469
2006-12-11,10.710000038146973,13.25,1413.0400390625,630.0,4.519999980926514,83.12000274658203
2006-12-12,10.649999618530273,13.170000076293945,1411.56005859375,627.0,4.491000175476074,82.97000122070312
2006-12-13,10.180000305175781,13.0600004196167,1413.2099609375,627.9000244140625,4.577000141143799,82.97000122070312
2006-12-14,9.970000267028809,13.010000228881836,1425.489990234375,626.5999755859375,4.59499979019165,83.6500015258789
2006-12-15,10.050000190734863,13.130000114440918,1427.0899658203125,615.0,4.5970001220703125,84.05999755859375
2006-12-18,10.600000381469727,13.1899995803833,1422.47998046875,614.0,4.586999893188477,83.9800033569336
2006-12-19,10.300000190734863,12.630000114440918,1425.550048828125,621.5999755859375,4.598999977111816,83.45999908447266
2006-12-20,10.260000228881836,12.529999732971191,1423.530029296875,620.5999755859375,4.59499979019165,83.5199966430664
2006-12-21,10.529999732971191,13.100000381469727,1418.300048828125,618.2000122070312,4.548999786376953,83.56999969482422
2006-12-22,11.359999656677246,13.300000190734863,1410.760009765625,619.0999755859375,4.624000072479248,83.94000244140625
2006-12-26,11.260000228881836,13.130000114440918,1416.9000244140625,623.7000122070312,4.603000164031982,84.06999969482422
2006-12-27,10.640000343322754,12.59000015258789,1426.8399658203125,627.2000122070312,4.6539998054504395,83.94000244140625
2006-12-28,10.989999771118164,13.100000381469727,1424.72998046875,634.0999755859375,4.690000057220459,83.81999969482422
2006-12-29,11.5600004196167,13.289999961853027,1418.300048828125,635.2000122070312,4.710000038146973,83.72000122070312
2007-01-03,12.039999961853027,13.380000114440918,1416.5999755859375,627.0999755859375,4.664000034332275,83.91999816894531
2007-01-04,11.510000228881836,13.130000114440918,1418.3399658203125,623.9000244140625,4.618000030517578,84.31999969482422
2007-01-05,12.140000343322754,13.40999984741211,1409.7099609375,604.9000244140625,4.645999908447266,84.62999725341797
2007-01-08,12.0,13.279999732971191,1412.8399658203125,607.5,4.659999847412109,84.5999984741211
2007-01-09,11.90999984741211,13.260000228881836,1412.1099853515625,613.0999755859375,4.656000137329102,84.73999786376953
2007-01-10,11.470000267028809,13.020000457763672,1414.8499755859375,611.5999755859375,4.682000160217285,85.08000183105469
2007-01-11,10.869999885559082,12.380000114440918,1423.8199462890625,612.4000244140625,4.736999988555908,85.30999755859375
2007-01-12,10.149999618530273,12.069999694824219,1430.72998046875,625.5,4.770999908447266,85.02999877929688
2007-01-16,10.739999771118164,12.220000267028809,1431.9000244140625,624.5999755859375,4.750999927520752,85.05000305175781
2007-01-17,10.59000015258789,12.079999923706055,1430.6199951171875,632.0999755859375,4.7870001792907715,84.9800033569336
2007-01-18,10.850000381469727,12.100000381469727,1426.3699951171875,627.0999755859375,4.750999927520752,84.91000366210938
2007-01-19,10.399999618530273,11.609999656677246,1430.5,635.5,4.7729997634887695,84.86000061035156
2007-01-22,10.770000457763672,12.170000076293945,1422.949951171875,633.2999877929688,4.758999824523926,85.0199966430664
2007-01-23,10.34000015258789,11.539999961853027,1427.989990234375,645.2000122070312,4.803999900817871,84.66999816894531
2007-01-24,9.890000343322754,11.229999542236328,1440.1300048828125,647.5999755859375,4.809999942779541,84.94000244140625
2007-01-25,11.220000267028809,12.119999885559082,1423.9000244140625,647.7999877929688,4.867000102996826,85.11000061035156
2007-01-26,11.130000114440918,12.09000015258789,1422.1800537109375,644.5,4.879000186920166,85.27999877929688
2007-01-29,11.449999809265137,12.170000076293945,1420.6199951171875,643.0999755859375,4.892000198364258,85.0999984741211
2007-01-30,10.960000038146973,11.600000381469727,1428.8199462890625,644.2000122070312,4.875,85.02999877929688
2007-01-31,10.420000076293945,11.329999923706055,1438.239990234375,652.0,4.826000213623047,84.61000061035156
2007-02-01,10.3100004196167,11.289999961853027,1445.93994140625,657.4000244140625,4.836999893188477,84.62999725341797
2007-02-02,10.079999923706055,11.239999771118164,1448.3900146484375,646.2000122070312,4.827000141143799,84.95999908447266
2007-02-05,10.550000190734863,11.420000076293945,1446.989990234375,650.9000244140625,4.808000087738037,85.08000183105469
2007-02-06,10.649999618530273,11.399999618530273,1448.0,653.5999755859375,4.764999866485596,84.77999877929688
2007-02-07,10.319999694824219,11.3100004196167,1450.02001953125,652.2999877929688,4.744999885559082,84.75
2007-02-08,10.4399995803833,11.420000076293945,1448.31005859375,658.0,4.730000019073486,84.69999694824219
2007-02-09,11.100000381469727,12.149999618530273,1438.06005859375,667.5,4.783999919891357,84.87000274658203
2007-02-12,11.609999656677246,12.369999885559082,1433.3699951171875,662.5999755859375,4.803999900817871,85.1500015258789
2007-02-13,10.34000015258789,11.449999809265137,1444.260009765625,663.9000244140625,4.814000129699707,84.7300033569336
2007-02-14,10.229999542236328,11.260000228881836,1455.300048828125,667.4000244140625,4.730000019073486,84.19999694824219
2007-02-15,10.220000267028809,11.260000228881836,1456.81005859375,667.2999877929688,4.705999851226807,84.01000213623047
2007-02-16,10.020000457763672,11.199999809265137,1455.5400390625,668.7999877929688,4.690000057220459,84.08999633789062
2007-02-20,10.239999771118164,11.359999656677246,1459.6800537109375,657.0999755859375,4.679999828338623,84.19000244140625
2007-02-21,10.199999809265137,11.380000114440918,1457.6300048828125,680.2000122070312,4.691999912261963,84.20999908447266
2007-02-22,10.180000305175781,11.34000015258789,1456.3800048828125,679.4000244140625,4.730000019073486,84.31999969482422
2007-02-23,10.579999923706055,12.0,1451.18994140625,683.0999755859375,4.677999973297119,84.06999969482422
2007-02-26,11.149999618530273,12.180000305175781,1449.3699951171875,686.5,4.63100004196167,83.93000030517578
2007-02-27,18.309999465942383,17.059999465942383,1399.0400390625,683.9000244140625,4.513000011444092,83.4800033569336
2007-02-28,15.420000076293945,14.470000267028809,1406.8199462890625,669.4000244140625,4.550000190734863,83.56999969482422
2007-03-01,15.819999694824219,14.579999923706055,1403.1700439453125,662.2999877929688,4.556000232696533,83.68000030517578
2007-03-02,18.610000610351562,16.469999313354492,1387.1700439453125,641.5,4.514999866485596,83.73999786376953
2007-03-05,19.6299991607666,17.360000610351562,1374.1199951171875,636.7000122070312,4.51800012588501,84.1500015258789
2007-03-06,15.960000038146973,15.34000015258789,1395.4100341796875,643.7999877929688,4.5279998779296875,84.06999969482422
2007-03-07,15.239999771118164,15.029999732971191,1391.969970703125,650.5999755859375,4.497000217437744,83.77999877929688
2007-03-08,14.289999961853027,14.300000190734863,1401.8900146484375,653.4000244140625,4.508999824523926,84.0999984741211
2007-03-09,14.09000015258789,14.260000228881836,1402.8399658203125,650.0,4.589000225067139,84.23999786376953
2007-03-12,13.989999771118164,14.149999618530273,1406.5999755859375,648.4000244140625,4.552999973297119,83.86000061035156
2007-03-13,18.1299991607666,16.3799991607666,1377.949951171875,647.5999755859375,4.494999885559082,83.7300033569336
2007-03-14,17.270000457763672,16.15999984741211,1387.1700439453125,640.9000244140625,4.521999835968018,83.61000061035156
2007-03-15,16.43000030517578,16.020000457763672,1392.280029296875,645.7000122070312,4.535999774932861,83.68000030517578
2007-03-16,16.790000915527344,16.549999237060547,1386.949951171875,652.5999755859375,4.545000076293945,83.2300033569336
2007-03-19,14.59000015258789,15.130000114440918,1402.06005859375,653.0999755859375,4.571000099182129,83.38999938964844
2007-03-20,13.270000457763672,14.289999961853027,1410.93994140625,657.9000244140625,4.546999931335449,83.11000061035156
2007-03-21,12.1899995803833,13.109999656677246,1435.0400390625,659.0,4.51800012588501,82.7699966430664
2007-03-22,12.930000305175781,13.359999656677246,1434.5400390625,663.4000244140625,4.589000225067139,83.08999633789062
2007-03-23,12.949999809265137,13.449999809265137,1436.1099853515625,656.7000122070312,4.61299991607666,83.27999877929688
2007-03-26,13.15999984741211,13.579999923706055,1437.5,663.4000244140625,4.586999893188477,83.08000183105469
2007-03-27,13.479999542236328,14.119999885559082,1428.6099853515625,662.0999755859375,4.611999988555908,83.01000213623047
2007-03-28,14.979999542236328,15.130000114440918,1417.22998046875,666.5,4.619999885559082,83.02999877929688
2007-03-29,15.140000343322754,15.239999771118164,1422.530029296875,661.5,4.631999969482422,83.08999633789062
2007-03-30,14.640000343322754,15.100000381469727,1420.8599853515625,663.0,4.6479997634887695,82.93000030517578
2007-04-02,14.529999732971191,15.039999961853027,1424.550048828125,665.7000122070312,4.642000198364258,82.87000274658203
2007-04-03,13.460000038146973,14.239999771118164,1437.77001953125,664.0,4.664000034332275,83.1500015258789
2007-04-04,13.239999771118164,14.25,1439.3699951171875,672.0999755859375,4.6519999504089355,82.95999908447266
2007-04-05,13.229999542236328,14.0600004196167,1443.760009765625,674.2000122070312,4.673999786376953,82.68000030517578
2007-04-09,13.140000343322754,14.029999732971191,1444.6099853515625,671.9000244140625,4.744999885559082,83.0999984741211
2007-04-10,12.680000305175781,13.5,1448.3900146484375,676.5,4.723999977111816,82.69999694824219
2007-04-11,13.489999771118164,14.1899995803833,1438.8699951171875,676.7999877929688,4.738999843597412,82.66999816894531
2007-04-12,12.710000038146973,13.539999961853027,1447.800048828125,675.0999755859375,4.736999988555908,82.37000274658203
2007-04-13,12.199999809265137,13.3100004196167,1452.8499755859375,685.4000244140625,4.761000156402588,82.12999725341797
2007-04-16,11.979999542236328,13.170000076293945,1468.3299560546875,690.0999755859375,4.735000133514404,82.06999969482422
2007-04-17,12.140000343322754,13.09000015258789,1471.47998046875,688.2000122070312,4.688000202178955,81.83000183105469
2007-04-18,12.420000076293945,13.180000305175781,1472.5,689.0999755859375,4.6539998054504395,81.73999786376953
2007-04-19,12.539999961853027,13.300000190734863,1470.72998046875,684.2999877929688,4.670000076293945,81.63999938964844
2007-04-20,12.069999694824219,12.579999923706055,1484.3499755859375,692.0,4.671999931335449,81.63999938964844
2007-04-23,13.039999961853027,13.079999923706055,1480.9300537109375,690.5999755859375,4.650000095367432,81.73999786376953
2007-04-24,13.119999885559082,13.100000381469727,1480.4100341796875,684.2000122070312,4.622000217437744,81.55000305175781
2007-04-25,13.210000038146973,13.050000190734863,1495.4200439453125,684.0999755859375,4.645999908447266,81.43000030517578
2007-04-26,12.789999961853027,12.600000381469727,1494.25,674.9000244140625,4.684000015258789,81.75
2007-04-27,12.449999809265137,12.489999771118164,1494.0699462890625,678.7000122070312,4.697999954223633,81.52999877929688
2007-04-30,14.220000267028809,14.010000228881836,1482.3699951171875,680.5,4.630000114440918,81.44999694824219
2007-05-01,13.510000228881836,13.390000343322754,1486.300048828125,674.4000244140625,4.642000198364258,81.5999984741211
2007-05-02,13.079999923706055,13.25,1495.9200439453125,672.2999877929688,4.645999908447266,81.73999786376953
2007-05-03,13.09000015258789,13.220000267028809,1502.3900146484375,681.7999877929688,4.673999786376953,81.94999694824219
2007-05-04,12.90999984741211,13.260000228881836,1505.6199951171875,687.2000122070312,4.639999866485596,81.73999786376953
2007-05-07,13.149999618530273,13.329999923706055,1509.47998046875,688.0,4.636000156402588,81.68000030517578
2007-05-08,13.210000038146973,13.420000076293945,1507.719970703125,685.0999755859375,4.633999824523926,81.94000244140625
2007-05-09,12.880000114440918,13.239999771118164,1512.5799560546875,680.2999877929688,4.668000221252441,82.0199966430664
2007-05-10,13.600000381469727,14.09000015258789,1491.469970703125,665.0999755859375,4.6479997634887695,82.29000091552734
2007-05-11,12.949999809265137,13.4399995803833,1505.8499755859375,670.5999755859375,4.670000076293945,82.12000274658203
2007-05-14,13.960000038146973,14.239999771118164,1503.1500244140625,668.5,4.690000057220459,82.06999969482422
2007-05-15,14.010000228881836,14.239999771118164,1501.18994140625,673.0,4.711999893188477,81.75
2007-05-16,13.5,14.039999961853027,1514.1400146484375,660.2000122070312,4.708000183105469,82.16000366210938
2007-05-17,13.510000228881836,14.170000076293945,1512.75,656.2000122070312,4.75600004196167,82.31999969482422
2007-05-18,12.760000228881836,13.5,1522.75,661.0,4.803999900817871,82.19999694824219
2007-05-21,13.300000190734863,13.609999656677246,1525.0999755859375,662.9000244140625,4.788000106811523,82.36000061035156
2007-05-22,13.0600004196167,13.520000457763672,1524.1199951171875,659.0999755859375,4.830999851226807,82.38999938964844
2007-05-23,13.239999771118164,13.600000381469727,1522.280029296875,661.9000244140625,4.859000205993652,82.30999755859375
2007-05-24,14.079999923706055,14.369999885559082,1507.510009765625,653.0,4.85699987411499,82.41000366210938
2007-05-25,13.34000015258789,14.140000343322754,1515.72998046875,655.0999755859375,4.861000061035156,82.33000183105469
2007-05-29,13.529999732971191,14.079999923706055,1518.1099853515625,657.0999755859375,4.881999969482422,82.30999755859375
2007-05-30,12.829999923706055,13.449999809265137,1530.22998046875,653.0999755859375,4.877999782562256,82.43000030517578
2007-05-31,13.050000190734863,13.470000267028809,1530.6199951171875,661.0,4.889999866485596,82.30000305175781
2007-06-01,12.779999732971191,13.489999771118164,1536.3399658203125,671.2000122070312,4.955999851226807,82.31999969482422
2007-06-04,13.289999961853027,14.079999923706055,1539.1800537109375,670.7000122070312,4.928999900817871,82.05999755859375
2007-06-05,13.630000114440918,14.260000228881836,1530.949951171875,669.5999755859375,4.97599983215332,81.88999938964844
2007-06-06,14.869999885559082,15.260000228881836,1517.3800048828125,669.2999877929688,4.96999979019165,81.9000015258789
2007-06-07,17.059999465942383,16.450000762939453,1490.719970703125,660.0999755859375,5.098999977111816,82.29000091552734
2007-06-08,14.84000015258789,15.130000114440918,1507.6700439453125,645.5,5.118000030517578,82.69000244140625
2007-06-11,14.710000038146973,15.100000381469727,1509.1199951171875,654.2999877929688,5.13700008392334,82.70999908447266
2007-06-12,16.670000076293945,16.020000457763672,1493.0,648.5,5.248000144958496,82.88999938964844
2007-06-13,14.729999542236328,15.079999923706055,1515.6700439453125,648.2000122070312,5.199999809265137,83.04000091552734
2007-06-14,13.640000343322754,14.460000038146973,1522.969970703125,651.5999755859375,5.2170000076293945,83.12999725341797
2007-06-15,13.9399995803833,15.010000228881836,1532.9100341796875,654.5,5.171000003814697,82.8499984741211
2007-06-18,13.420000076293945,14.5600004196167,1531.050048828125,655.7999877929688,5.142000198364258,82.70999908447266
2007-06-19,12.850000381469727,14.289999961853027,1533.699951171875,660.7000122070312,5.085999965667725,82.54000091552734
2007-06-20,14.670000076293945,15.470000267028809,1512.8399658203125,656.0999755859375,5.123000144958496,82.5199966430664
2007-06-21,14.210000038146973,15.289999961853027,1522.18994140625,650.5999755859375,5.163000106811523,82.7300033569336
2007-06-22,15.75,16.260000228881836,1502.56005859375,653.5,5.138000011444092,82.33999633789062
2007-06-25,16.649999618530273,16.479999542236328,1497.739990234375,651.2999877929688,5.078000068664551,82.31999969482422
2007-06-26,18.889999389648438,18.059999465942383,1492.8900146484375,642.0999755859375,5.10099983215332,82.29000091552734
2007-06-27,15.529999732971191,16.040000915527344,1506.3399658203125,641.7000122070312,5.070000171661377,82.31999969482422
2007-06-28,15.539999961853027,16.010000228881836,1505.7099609375,647.5,5.118000030517578,82.33000183105469
2007-06-29,16.229999542236328,16.399999618530273,1503.3499755859375,648.0999755859375,5.0329999923706055,81.91999816894531
2007-07-02,15.399999618530273,16.100000381469727,1519.4300537109375,656.5,4.998000144958496,81.38999938964844
2007-07-03,14.920000076293945,15.609999656677246,1524.8699951171875,652.9000244140625,5.050000190734863,81.43000030517578
2007-07-05,15.479999542236328,16.110000610351562,1525.4000244140625,648.4000244140625,5.144000053405762,81.54000091552734
2007-07-06,14.720000267028809,15.529999732971191,1530.43994140625,652.7000122070312,5.195000171661377,81.45999908447266
2007-07-09,15.15999984741211,16.079999923706055,1531.8499755859375,660.5,5.158999919891357,81.43000030517578
2007-07-10,17.56999969482422,17.3799991607666,1510.1199951171875,662.5,5.038000106811523,80.86000061035156
2007-07-11,16.639999389648438,17.040000915527344,1518.760009765625,660.2999877929688,5.079999923706055,80.7300033569336
2007-07-12,15.539999961853027,16.350000381469727,1547.699951171875,666.7000122070312,5.116000175476074,80.63999938964844
2007-07-13,15.149999618530273,16.31999969482422,1552.5,665.7999877929688,5.10699987411499,80.58000183105469
2007-07-16,15.59000015258789,16.450000762939453,1549.52001953125,665.0,5.040999889373779,80.5199966430664
2007-07-17,15.630000114440918,16.5,1549.3699951171875,664.7000122070312,5.078000068664551,80.54000091552734
2007-07-18,16.0,17.049999237060547,1546.1700439453125,672.5999755859375,5.010000228881836,80.41999816894531
2007-07-19,15.229999542236328,16.399999618530273,1553.0799560546875,677.2000122070312,5.0279998779296875,80.41999816894531
2007-07-20,16.950000762939453,17.440000534057617,1534.0999755859375,683.9000244140625,4.955999851226807,80.29000091552734
2007-07-23,16.809999465942383,17.190000534057617,1541.5699462890625,680.7999877929688,4.964000225067139,80.3499984741211
2007-07-24,18.549999237060547,18.329999923706055,1511.0400390625,684.2000122070312,4.943999767303467,80.08000183105469
2007-07-25,18.100000381469727,18.06999969482422,1518.0899658203125,673.2999877929688,4.9039998054504395,80.6500015258789
2007-07-26,20.739999771118164,19.010000228881836,1482.6600341796875,662.5,4.7769999504089355,80.44999694824219
2007-07-27,24.170000076293945,21.149999618530273,1458.949951171875,660.0,4.788000106811523,80.94999694824219
2007-07-30,20.8700008392334,19.329999923706055,1473.9100341796875,664.0999755859375,4.803999900817871,80.8499984741211
2007-07-31,23.520000457763672,21.350000381469727,1455.27001953125,666.9000244140625,4.770999908447266,80.7699966430664
2007-08-01,23.670000076293945,21.600000381469727,1465.81005859375,663.5999755859375,4.758999824523926,80.87000274658203
2007-08-02,21.219999313354492,20.479999542236328,1472.199951171875,664.5999755859375,4.752999782562256,80.70999908447266
2007-08-03,25.15999984741211,22.6200008392334,1433.06005859375,672.5,4.699999809265137,80.18000030517578
2007-08-06,22.940000534057617,21.31999969482422,1467.6700439453125,671.5,4.730999946594238,80.25
2007-08-07,21.559999465942383,20.610000610351562,1476.7099609375,670.5999755859375,4.743000030517578,80.4800033569336
2007-08-08,21.450000762939453,20.389999389648438,1497.489990234375,674.5,4.860000133514404,80.33999633789062
2007-08-09,26.479999542236328,24.440000534057617,1453.0899658203125,661.4000244140625,4.789999961853027,80.73999786376953
2007-08-10,28.299999237060547,25.399999618530273,1453.6400146484375,670.2999877929688,4.776000022888184,80.68000030517578
2007-08-13,26.56999969482422,23.540000915527344,1452.9200439453125,669.7000122070312,4.7779998779296875,81.05000305175781
2007-08-14,27.68000030517578,24.540000915527344,1426.5400390625,668.5999755859375,4.73199987411499,81.48999786376953
2007-08-15,30.670000076293945,26.479999542236328,1406.699951171875,668.9000244140625,4.705999851226807,81.81999969482422
2007-08-16,30.829999923706055,27.059999465942383,1411.27001953125,648.2999877929688,4.599999904632568,81.7300033569336
2007-08-17,29.989999771118164,26.15999984741211,1445.93994140625,656.9000244140625,4.672999858856201,81.43000030517578
2007-08-20,26.329999923706055,23.229999542236328,1445.550048828125,656.7000122070312,4.633999824523926,81.4000015258789
2007-08-21,25.25,22.600000381469727,1447.1199951171875,656.7000122070312,4.590000152587891,81.48999786376953
2007-08-22,22.889999389648438,21.239999771118164,1464.0699462890625,659.0999755859375,4.619999885559082,81.25
2007-08-23,22.6200008392334,21.170000076293945,1462.5,658.9000244140625,4.618000030517578,81.13999938964844
2007-08-24,20.719999313354492,20.290000915527344,1479.3699951171875,668.0,4.632999897003174,80.66999816894531
2007-08-27,22.719999313354492,21.420000076293945,1466.7900390625,666.7999877929688,4.5960001945495605,80.73999786376953
2007-08-28,26.299999237060547,25.030000686645508,1432.3599853515625,664.4000244140625,4.53000020980835,80.76000213623047
2007-08-29,23.809999465942383,23.170000076293945,1463.760009765625,666.2999877929688,4.552999973297119,80.69999694824219
2007-08-30,25.059999465942383,23.40999984741211,1457.6400146484375,665.0,4.501999855041504,80.79000091552734
2007-08-31,23.3799991607666,22.440000534057617,1473.989990234375,673.0,4.5370001792907715,80.79000091552734
2007-09-04,22.780000686645508,22.010000228881836,1489.4200439453125,682.5,4.558000087738037,80.87999725341797
2007-09-05,24.579999923706055,23.229999542236328,1472.2900390625,681.7000122070312,4.4730000495910645,80.62000274658203
2007-09-06,23.989999771118164,23.1299991607666,1478.550048828125,695.5999755859375,4.5,80.47000122070312
2007-09-07,26.229999542236328,24.520000457763672,1453.550048828125,700.7999877929688,4.368000030517578,79.95999908447266
2007-09-10,27.3799991607666,25.260000228881836,1451.699951171875,703.2999877929688,4.323999881744385,79.81999969482422
2007-09-11,25.270000457763672,23.600000381469727,1471.489990234375,712.2000122070312,4.363999843597412,79.69999694824219
2007-09-12,24.959999084472656,23.469999313354492,1471.56005859375,711.9000244140625,4.4079999923706055,79.36000061035156
2007-09-13,24.760000228881836,23.420000076293945,1483.949951171875,709.5,4.48199987411499,79.51000213623047
2007-09-14,24.920000076293945,23.479999542236328,1484.25,709.5999755859375,4.461999893188477,79.62000274658203
2007-09-17,26.479999542236328,24.31999969482422,1476.6500244140625,715.7999877929688,4.46999979019165,79.72000122070312
2007-09-18,20.350000381469727,20.6299991607666,1519.780029296875,715.7999877929688,4.480000019073486,79.20999908447266
2007-09-19,20.030000686645508,20.280000686645508,1529.030029296875,722.0,4.52400016784668,79.30000305175781
2007-09-20,20.450000762939453,20.510000228881836,1518.75,732.4000244140625,4.671999931335449,78.58000183105469
2007-09-21,19.0,20.010000228881836,1525.75,731.4000244140625,4.631999969482422,78.5999984741211
2007-09-24,19.3700008392334,19.59000015258789,1517.72998046875,732.0999755859375,4.624000072479248,78.52999877929688
2007-09-25,18.600000381469727,19.450000762939453,1517.2099609375,731.5999755859375,4.613999843597412,78.30999755859375
2007-09-26,17.6299991607666,19.010000228881836,1525.4200439453125,728.2999877929688,4.619999885559082,78.48999786376953
2007-09-27,17.0,18.229999542236328,1531.3800048828125,732.7000122070312,4.572999954223633,78.33999633789062
2007-09-28,18.0,18.6299991607666,1526.75,742.7999877929688,4.578999996185303,77.72000122070312
2007-10-01,17.84000015258789,18.610000610351562,1547.0400390625,747.2000122070312,4.557000160217285,77.9000015258789
2007-10-02,18.489999771118164,19.219999313354492,1546.6300048828125,729.7999877929688,4.5289998054504395,78.30000305175781
2007-10-03,18.799999237060547,19.530000686645508,1539.5899658203125,729.2999877929688,4.543000221252441,78.56999969482422
2007-10-04,18.440000534057617,19.43000030517578,1542.8399658203125,737.7999877929688,4.5229997634887695,78.4800033569336
2007-10-05,16.90999984741211,18.34000015258789,1557.5899658203125,741.2999877929688,4.639999866485596,78.30999755859375
2007-10-08,17.459999084472656,18.600000381469727,1552.5799560546875,732.7999877929688,4.638000011444092,78.66999816894531
2007-10-09,16.1200008392334,17.6299991607666,1565.1500244140625,737.4000244140625,4.651000022888184,78.52999877929688
2007-10-10,16.670000076293945,18.31999969482422,1562.469970703125,740.4000244140625,4.646999835968018,78.37999725341797
2007-10-11,18.8799991607666,19.579999923706055,1554.4100341796875,751.2999877929688,4.658999919891357,78.08000183105469
2007-10-12,17.729999542236328,19.149999618530273,1561.800048828125,748.7000122070312,4.686999797821045,78.22000122070312
2007-10-15,19.25,20.389999389648438,1548.7099609375,757.0999755859375,4.672999858856201,78.08999633789062
2007-10-16,20.020000457763672,21.200000762939453,1538.530029296875,757.0,4.65500020980835,78.25
2007-10-17,18.540000915527344,20.360000610351562,1541.239990234375,757.5,4.546000003814697,78.12000274658203
2007-10-18,18.5,20.229999542236328,1540.0799560546875,764.0999755859375,4.502999782562256,77.58999633789062
2007-10-19,22.959999084472656,23.219999313354492,1500.6300048828125,764.0,4.401000022888184,77.41000366210938
2007-10-22,21.639999389648438,21.520000457763672,1506.3299560546875,755.7999877929688,4.39300012588501,78.05999755859375
2007-10-23,20.40999984741211,21.010000228881836,1519.5899658203125,759.0,4.40500020980835,77.58999633789062
2007-10-24,20.799999237060547,21.290000915527344,1515.8800048828125,761.5999755859375,4.330999851226807,77.55000305175781
2007-10-25,21.170000076293945,21.3799991607666,1514.4000244140625,767.2999877929688,4.3520002365112305,77.27999877929688
2007-10-26,19.559999465942383,20.389999389648438,1535.280029296875,783.9000244140625,4.388999938964844,77.02999877929688
2007-10-29,19.8700008392334,20.399999618530273,1540.97998046875,789.0999755859375,4.382999897003174,76.83999633789062
2007-10-30,21.06999969482422,21.290000915527344,1531.02001953125,784.2999877929688,4.382999897003174,76.7699966430664
2007-10-31,18.530000686645508,19.520000457763672,1549.3800048828125,792.0,4.474999904632568,76.4800033569336
2007-11-01,23.209999084472656,22.6299991607666,1508.43994140625,790.7000122070312,4.361000061035156,76.58999633789062
2007-11-02,23.010000228881836,23.139999389648438,1509.6500244140625,805.7000122070312,4.290999889373779,76.33999633789062
2007-11-05,24.309999465942383,24.030000686645508,1502.1700439453125,808.0999755859375,4.317999839782715,76.43000030517578
2007-11-06,21.389999389648438,22.170000076293945,1520.27001953125,820.7999877929688,4.35699987411499,76.04000091552734
2007-11-07,26.489999771118164,25.239999771118164,1475.6199951171875,831.0,4.334000110626221,75.41000366210938
2007-11-08,26.15999984741211,25.360000610351562,1474.77001953125,835.2000122070312,4.2729997634887695,75.45999908447266
2007-11-09,28.5,27.030000686645508,1453.699951171875,832.5,4.224999904632568,75.4000015258789
2007-11-12,31.09000015258789,27.350000381469727,1439.1800537109375,805.7999877929688,4.210999965667725,75.9000015258789
2007-11-13,24.100000381469727,24.65999984741211,1481.050048828125,797.2000122070312,4.25600004196167,75.87999725341797
2007-11-14,25.940000534057617,25.649999618530273,1470.5799560546875,813.0,4.269000053405762,75.80999755859375
2007-11-15,28.059999465942383,27.440000534057617,1451.1500244140625,785.9000244140625,4.158999919891357,76.06999969482422
2007-11-16,25.489999771118164,26.440000534057617,1458.739990234375,785.7000122070312,4.150000095367432,75.83000183105469
2007-11-19,26.010000228881836,25.65999984741211,1433.27001953125,776.7999877929688,4.078999996185303,75.77999877929688
2007-11-20,24.8799991607666,26.09000015258789,1439.699951171875,790.2999877929688,4.053999900817871,75.20999908447266
2007-11-21,26.84000015258789,27.420000076293945,1416.77001953125,797.5999755859375,4.02400016784668,75.06999969482422
2007-11-23,25.610000610351562,25.969999313354492,1440.699951171875,824.0,4.01200008392334,75.05000305175781
2007-11-26,28.90999984741211,28.440000534057617,1407.219970703125,826.0,3.8469998836517334,74.86000061035156
2007-11-27,26.280000686645508,26.59000015258789,1428.22998046875,813.7000122070312,3.944000005722046,75.0999984741211
2007-11-28,24.110000610351562,24.25,1469.02001953125,800.0999755859375,4.025000095367432,75.08000183105469
2007-11-29,23.969999313354492,24.5,1469.719970703125,795.2999877929688,3.940000057220459,75.58999633789062
2007-11-30,22.8700008392334,23.93000030517578,1481.1400146484375,782.2000122070312,3.9719998836517334,76.1500015258789
2007-12-03,23.610000610351562,24.299999237060547,1472.4200439453125,788.2999877929688,3.8949999809265137,75.93000030517578
2007-12-04,23.790000915527344,24.649999618530273,1462.7900390625,801.2999877929688,3.8889999389648438,75.69000244140625
2007-12-05,22.530000686645508,23.329999923706055,1485.010009765625,797.5,3.9110000133514404,76.41000366210938
2007-12-06,20.959999084472656,22.100000381469727,1507.3399658203125,801.2000122070312,3.997999906539917,76.37999725341797
2007-12-07,20.850000381469727,22.18000030517578,1504.6600341796875,794.4000244140625,4.119999885559082,76.29000091552734
2007-12-10,20.739999771118164,21.93000030517578,1515.9599609375,807.7000122070312,4.14900016784668,76.05999755859375
2007-12-11,23.59000015258789,24.1200008392334,1477.6500244140625,811.4000244140625,3.990000009536743,76.22000122070312
2007-12-12,22.469999313354492,23.290000915527344,1486.5899658203125,813.5,4.076000213623047,76.13999938964844
2007-12-13,22.559999465942383,23.520000457763672,1488.4100341796875,799.0,4.170000076293945,76.55999755859375
2007-12-14,23.270000457763672,24.209999084472656,1467.949951171875,793.2999877929688,4.23199987411499,77.44000244140625
2007-12-17,24.520000457763672,25.530000686645508,1445.9000244140625,794.7999877929688,4.192999839782715,77.4000015258789
2007-12-18,22.639999389648438,24.670000076293945,1454.97998046875,803.0,4.119999885559082,77.41000366210938
2007-12-19,21.68000030517578,23.809999465942383,1453.0,801.0999755859375,4.070000171661377,77.58999633789062
2007-12-20,20.579999923706055,22.8700008392334,1460.1199951171875,799.2000122070312,4.026000022888184,77.79000091552734
2007-12-21,18.469999313354492,21.5,1484.4599609375,811.5999755859375,4.168000221252441,77.72000122070312
2007-12-24,18.600000381469727,21.139999389648438,1496.449951171875,812.7999877929688,4.211999893188477,77.56999969482422
2007-12-26,18.65999984741211,20.93000030517578,1497.6600341796875,826.0,4.281000137329102,77.1500015258789
2007-12-27,20.260000228881836,22.049999237060547,1476.27001953125,828.5999755859375,4.198999881744385,76.61000061035156
2007-12-28,20.739999771118164,22.559999465942383,1478.489990234375,839.5999755859375,4.0960001945495605,76.22000122070312
2007-12-31,22.5,23.309999465942383,1468.3599853515625,834.9000244140625,4.034999847412109,76.69999694824219
2008-01-02,23.170000076293945,23.600000381469727,1447.1600341796875,857.0,3.9010000228881836,75.97000122070312
2008-01-03,22.489999771118164,22.809999465942383,1447.1600341796875,866.4000244140625,3.9010000228881836,75.88999938964844
2008-01-04,23.940000534057617,23.690000534057617,1411.6300048828125,863.0999755859375,3.8540000915527344,75.79000091552734
2008-01-07,23.790000915527344,23.219999313354492,1416.1800537109375,859.5999755859375,3.8389999866485596,76.16999816894531
2008-01-08,25.43000030517578,25.489999771118164,1390.18994140625,878.0,3.8399999141693115,76.11000061035156
2008-01-09,24.1200008392334,24.5,1409.1300048828125,879.5,3.7909998893737793,76.41999816894531
2008-01-10,23.450000762939453,23.950000762939453,1420.3299560546875,891.7000122070312,3.88700008392334,75.93000030517578
2008-01-11,23.68000030517578,24.5,1401.02001953125,896.0999755859375,3.809999942779541,75.9800033569336
2008-01-14,22.899999618530273,23.670000076293945,1416.25,901.5999755859375,3.7929999828338623,75.61000061035156
2008-01-15,23.34000015258789,24.389999389648438,1380.949951171875,901.0,3.7009999752044678,75.56999969482422
2008-01-16,24.3799991607666,24.360000610351562,1373.199951171875,880.5999755859375,3.7119998931884766,76.26000213623047
2008-01-17,28.459999084472656,26.440000534057617,1333.25,879.5,3.640000104904175,76.16999816894531
2008-01-18,27.18000030517578,25.989999771118164,1325.18994140625,880.7999877929688,3.6480000019073486,76.37999725341797
2008-01-22,31.010000228881836,27.389999389648438,1310.5,889.5999755859375,3.4839999675750732,76.3499984741211
2008-01-23,29.020000457763672,26.25,1338.5999755859375,882.5,3.4260001182556152,76.4000015258789
2008-01-24,27.780000686645508,26.0,1352.0699462890625,905.5,3.640000104904175,75.69000244140625
2008-01-25,29.079999923706055,26.860000610351562,1330.6099853515625,910.5,3.5840001106262207,75.97000122070312
2008-01-28,27.780000686645508,25.969999313354492,1353.9599609375,927.0999755859375,3.5859999656677246,75.58000183105469
2008-01-29,27.31999969482422,25.649999618530273,1362.300048828125,925.0999755859375,3.6579999923706055,75.54000091552734
2008-01-30,27.6200008392334,26.079999923706055,1355.81005859375,920.5999755859375,3.7330000400543213,75.02999877929688
2008-01-31,26.200000762939453,25.209999084472656,1378.550048828125,922.7000122070312,3.6389999389648438,75.18000030517578
2008-02-01,24.020000457763672,24.110000610351562,1395.4200439453125,908.7000122070312,3.5999999046325684,75.44999694824219
2008-02-04,25.989999771118164,25.360000610351562,1380.8199462890625,904.9000244140625,3.6429998874664307,75.37000274658203
2008-02-05,28.239999771118164,26.989999771118164,1336.6400146484375,885.9000244140625,3.5869998931884766,76.12000274658203
2008-02-06,28.969999313354492,27.610000610351562,1326.449951171875,900.7000122070312,3.614000082015991,76.13999938964844
2008-02-07,27.65999984741211,26.739999771118164,1336.9100341796875,906.0999755859375,3.7360000610351562,76.94000244140625
2008-02-08,28.010000228881836,27.059999465942383,1331.2900390625,918.4000244140625,3.6540000438690186,76.66999816894531
2008-02-11,27.600000381469727,26.670000076293945,1339.1300048828125,922.9000244140625,3.618000030517578,76.58000183105469
2008-02-12,26.329999923706055,26.110000610351562,1348.8599853515625,907.4000244140625,3.678999900817871,76.31999969482422
2008-02-13,24.8799991607666,25.290000915527344,1367.2099609375,906.5,3.694000005722046,76.4000015258789
2008-02-14,25.540000915527344,25.469999313354492,1348.8599853515625,907.4000244140625,3.818000078201294,76.1500015258789
2008-02-15,25.020000457763672,25.440000534057617,1349.989990234375,902.7999877929688,3.7799999713897705,76.0999984741211
2008-02-19,25.59000015258789,25.469999313354492,1348.780029296875,926.5999755859375,3.875,76.0
2008-02-20,24.399999618530273,24.670000076293945,1360.030029296875,934.5999755859375,3.9170000553131104,76.12000274658203
2008-02-21,25.1200008392334,25.09000015258789,1342.530029296875,946.0999755859375,3.7839999198913574,75.5999984741211
2008-02-22,24.059999465942383,24.399999618530273,1353.1099853515625,944.7000122070312,3.7899999618530273,75.5199966430664
2008-02-25,23.030000686645508,23.93000030517578,1371.800048828125,937.5999755859375,3.9019999504089355,75.52999877929688
2008-02-26,21.899999618530273,23.110000610351562,1381.2900390625,946.0999755859375,3.859999895095825,74.76000213623047
2008-02-27,22.690000534057617,23.690000534057617,1380.02001953125,958.2000122070312,3.8499999046325684,74.20999908447266
2008-02-28,23.530000686645508,24.290000915527344,1367.6800537109375,964.5,3.7149999141693115,73.72000122070312
2008-02-29,26.540000915527344,26.389999389648438,1330.6300048828125,972.0999755859375,3.5339999198913574,73.70999908447266
2008-03-03,26.280000686645508,26.079999923706055,1331.3399658203125,981.5,3.5339999198913574,73.69999694824219
2008-03-04,25.520000457763672,25.760000228881836,1326.75,963.9000244140625,3.5789999961853027,73.66000366210938
2008-03-05,24.600000381469727,24.90999984741211,1333.699951171875,986.2000122070312,3.693000078201294,73.4800033569336
2008-03-06,27.549999237060547,27.0,1304.3399658203125,975.0,3.621999979019165,73.0
2008-03-07,27.489999771118164,27.110000610351562,1293.3699951171875,972.2000122070312,3.5409998893737793,73.02999877929688
2008-03-10,29.3799991607666,28.329999923706055,1273.3699951171875,969.9000244140625,3.437999963760376,72.98999786376953
2008-03-11,26.360000610351562,26.09000015258789,1320.6500244140625,974.2000122070312,3.5959999561309814,73.27999877929688
2008-03-12,27.219999313354492,27.3700008392334,1308.77001953125,978.7999877929688,3.4830000400543213,72.4000015258789
2008-03-13,27.290000915527344,27.18000030517578,1315.47998046875,992.2999877929688,3.5339999198913574,72.06999969482422
2008-03-14,31.15999984741211,29.360000610351562,1288.1400146484375,998.2000122070312,3.4210000038146973,71.66000366210938
2008-03-17,32.2400016784668,29.579999923706055,1276.5999755859375,1001.4000244140625,3.313999891281128,71.45999908447266
2008-03-18,25.790000915527344,26.010000228881836,1330.739990234375,1003.2000122070312,3.4509999752044678,71.56999969482422
2008-03-19,29.84000015258789,28.780000686645508,1298.4200439453125,944.7000122070312,3.361999988555908,72.13999938964844
2008-03-20,26.6200008392334,27.290000915527344,1329.510009765625,919.5999755859375,3.328000068664551,72.75
2008-03-24,25.729999542236328,25.959999084472656,1349.8800048828125,918.2999877929688,3.5220000743865967,72.94999694824219
2008-03-25,25.719999313354492,26.18000030517578,1352.989990234375,934.5999755859375,3.492000102996826,72.27999877929688
2008-03-26,26.079999923706055,26.610000610351562,1341.1300048828125,949.0,3.49399995803833,71.51000213623047
2008-03-27,25.8799991607666,26.280000686645508,1325.760009765625,948.7999877929688,3.5339999198913574,71.66000366210938
2008-03-28,25.709999084472656,26.239999771118164,1315.219970703125,930.5999755859375,3.4660000801086426,71.68000030517578
2008-03-31,25.610000610351562,25.639999389648438,1322.699951171875,916.2000122070312,3.431999921798706,71.80000305175781
2008-04-01,22.68000030517578,23.610000610351562,1370.1800537109375,882.9000244140625,3.5450000762939453,72.55999755859375
2008-04-02,23.43000030517578,24.299999237060547,1367.530029296875,895.2000122070312,3.5829999446868896,72.26000213623047
2008-04-03,23.209999084472656,24.1200008392334,1369.31005859375,905.0,3.5910000801086426,72.22000122070312
2008-04-04,22.450000762939453,23.520000457763672,1370.4000244140625,909.0,3.4809999465942383,72.0199966430664
2008-04-07,22.420000076293945,23.200000762939453,1372.5400390625,922.7000122070312,3.555999994277954,72.19999694824219
2008-04-08,22.360000610351562,23.06999969482422,1365.5400390625,914.0,3.558000087738037,72.2300033569336
2008-04-09,22.809999465942383,23.549999237060547,1354.489990234375,933.5999755859375,3.4660000801086426,71.83000183105469
2008-04-10,21.979999542236328,23.059999465942383,1360.550048828125,928.2999877929688,3.5320000648498535,72.12000274658203
2008-04-11,23.459999084472656,24.190000534057617,1332.8299560546875,923.5999755859375,3.4709999561309814,71.80999755859375
2008-04-14,23.81999969482422,24.40999984741211,1328.3199462890625,925.4000244140625,3.503000020980835,71.87999725341797
2008-04-15,22.780000686645508,23.700000762939453,1334.4300537109375,928.7000122070312,3.569999933242798,72.0199966430664
2008-04-16,20.530000686645508,21.81999969482422,1364.7099609375,945.0999755859375,3.696000099182129,71.41000366210938
2008-04-17,20.3700008392334,21.75,1365.56005859375,939.7999877929688,3.7290000915527344,71.68000030517578
2008-04-18,20.1299991607666,21.3700008392334,1390.3299560546875,912.2000122070312,3.743000030517578,72.01000213623047
2008-04-21,20.5,21.459999084472656,1388.1700439453125,914.7000122070312,3.7119998931884766,71.6500015258789
2008-04-22,20.8700008392334,21.799999237060547,1375.93994140625,922.2999877929688,3.7200000286102295,71.33000183105469
2008-04-23,20.260000228881836,21.579999923706055,1379.9300537109375,906.2000122070312,3.7300000190734863,71.81999969482422
2008-04-24,20.059999465942383,21.18000030517578,1388.8199462890625,886.7999877929688,3.8269999027252197,72.54000091552734
2008-04-25,19.59000015258789,20.579999923706055,1397.8399658203125,887.2000122070312,3.865999937057495,72.79000091552734
2008-04-28,19.639999389648438,20.40999984741211,1396.3699951171875,892.9000244140625,3.8350000381469727,72.79000091552734
2008-04-29,20.239999771118164,20.81999969482422,1390.93994140625,874.2000122070312,3.825000047683716,72.88999938964844
2008-04-30,20.790000915527344,21.25,1385.5899658203125,862.7999877929688,3.759000062942505,72.51000213623047
2008-05-01,18.8799991607666,19.780000686645508,1409.3399658203125,848.9000244140625,3.749000072479248,73.27999877929688
2008-05-02,18.18000030517578,19.530000686645508,1413.9000244140625,856.0999755859375,3.8450000286102295,73.5
2008-05-05,18.899999618530273,20.020000457763672,1407.489990234375,872.2999877929688,3.8450000286102295,73.19000244140625
2008-05-06,18.209999084472656,19.75,1418.260009765625,876.0,3.8929998874664307,73.0
2008-05-07,19.729999542236328,20.959999084472656,1392.5699462890625,869.5999755859375,3.867000102996826,73.51000213623047
2008-05-08,19.399999618530273,20.8799991607666,1397.6800537109375,880.5999755859375,3.805000066757202,73.4800033569336
2008-05-09,19.40999984741211,20.8700008392334,1388.280029296875,884.5,3.7669999599456787,73.05000305175781
2008-05-12,17.790000915527344,20.239999771118164,1403.5799560546875,883.7000122070312,3.7750000953674316,72.94999694824219
2008-05-13,17.979999542236328,20.149999618530273,1403.0400390625,868.5,3.9089999198913574,73.2699966430664
2008-05-14,17.65999984741211,20.0,1408.6600341796875,865.4000244140625,3.937999963760376,73.4000015258789
2008-05-15,16.299999237060547,19.280000686645508,1423.5699462890625,879.0,3.8429999351501465,73.3499984741211
2008-05-16,16.469999313354492,19.56999969482422,1425.3499755859375,899.0,3.8499999046325684,72.83999633789062
2008-05-19,17.010000228881836,19.84000015258789,1426.6300048828125,905.0,3.8389999866485596,73.04000091552734
2008-05-20,17.579999923706055,20.809999465942383,1413.4000244140625,919.5,3.7760000228881836,72.4000015258789
2008-05-21,18.59000015258789,22.110000610351562,1390.7099609375,928.0,3.822000026702881,71.94000244140625
2008-05-22,18.049999237060547,21.520000457763672,1394.3499755859375,917.9000244140625,3.9210000038146973,72.27999877929688
2008-05-23,19.549999237060547,22.510000228881836,1375.9300537109375,925.5999755859375,3.8310000896453857,71.88999938964844
2008-05-27,19.639999389648438,22.15999984741211,1385.3499755859375,907.7000122070312,3.9210000038146973,72.33999633789062
2008-05-28,19.06999969482422,21.65999984741211,1390.8399658203125,900.5,4.008999824523926,72.55000305175781
2008-05-29,18.139999389648438,20.799999237060547,1398.260009765625,877.2000122070312,4.078999996185303,73.0199966430664
2008-05-30,17.829999923706055,20.530000686645508,1400.3800048828125,887.2999877929688,4.046000003814697,72.87999725341797
2008-06-02,19.829999923706055,21.719999313354492,1385.6700439453125,892.9000244140625,3.9709999561309814,72.93000030517578
2008-06-03,20.239999771118164,22.110000610351562,1377.6500244140625,881.5999755859375,3.8980000019073486,73.23999786376953
2008-06-04,20.799999237060547,22.59000015258789,1377.199951171875,879.9000244140625,3.940000057220459,73.41999816894531
2008-06-05,18.6299991607666,21.079999923706055,1404.050048828125,871.7999877929688,4.025000095367432,73.04000091552734
2008-06-06,23.559999465942383,24.200000762939453,1360.6800537109375,895.4000244140625,3.937999963760376,72.38999938964844
2008-06-09,23.1200008392334,23.850000381469727,1361.760009765625,894.7000122070312,3.992000102996826,72.8499984741211
2008-06-10,23.18000030517578,23.84000015258789,1358.43994140625,867.9000244140625,4.098999977111816,73.69999694824219
2008-06-11,24.1200008392334,24.31999969482422,1335.489990234375,879.7000122070312,4.072999954223633,73.20999908447266
2008-06-12,23.329999923706055,23.700000762939453,1339.8699951171875,869.2000122070312,4.204999923706055,73.86000061035156
2008-06-13,21.219999313354492,22.600000381469727,1360.030029296875,870.2999877929688,4.261000156402588,74.1500015258789
2008-06-16,20.950000762939453,22.43000030517578,1360.1400146484375,883.5999755859375,4.244999885559082,73.61000061035156
2008-06-17,21.1299991607666,22.479999542236328,1350.9300537109375,884.2999877929688,4.224999904632568,73.51000213623047
2008-06-18,22.239999771118164,23.549999237060547,1337.81005859375,890.9000244140625,4.1539998054504395,73.44000244140625
2008-06-19,21.579999923706055,22.84000015258789,1342.8299560546875,901.7000122070312,4.198999881744385,73.4800033569336
2008-06-20,22.8700008392334,23.56999969482422,1317.9300537109375,901.2999877929688,4.13700008392334,73.02999877929688
2008-06-23,22.639999389648438,23.299999237060547,1318.0,884.7999877929688,4.168000221252441,73.43000030517578
2008-06-24,22.420000076293945,23.209999084472656,1314.2900390625,889.2000122070312,4.105000019073486,73.23999786376953
2008-06-25,21.139999389648438,22.31999969482422,1321.969970703125,880.0,4.114999771118164,72.93000030517578
2008-06-26,23.93000030517578,24.309999465942383,1283.1500244140625,913.0999755859375,4.0329999923706055,72.48999786376953
2008-06-27,23.440000534057617,23.93000030517578,1278.3800048828125,929.2999877929688,3.990000009536743,72.36000061035156
2008-06-30,23.950000762939453,23.770000457763672,1280.0,926.2000122070312,3.9790000915527344,72.45999908447266
2008-07-01,23.649999618530273,23.670000076293945,1284.9100341796875,942.5,3.992000102996826,72.37000274658203
2008-07-02,25.920000076293945,25.020000457763672,1261.52001953125,944.7999877929688,3.9590001106262207,72.02999877929688
2008-07-03,24.780000686645508,24.420000076293945,1262.9000244140625,931.9000244140625,3.9730000495910645,72.73999786376953
2008-07-07,25.780000686645508,24.75,1252.31005859375,927.2999877929688,3.930000066757202,72.66999816894531
2008-07-08,23.149999618530273,23.059999465942383,1273.699951171875,921.9000244140625,3.880000114440918,73.01000213623047
2008-07-09,25.229999542236328,24.360000610351562,1244.68994140625,927.2999877929688,3.8340001106262207,72.58000183105469
2008-07-10,25.59000015258789,24.389999389648438,1253.3900146484375,940.9000244140625,3.811000108718872,72.48999786376953
2008-07-11,27.489999771118164,25.520000457763672,1239.489990234375,959.5,3.940000057220459,72.0999984741211
2008-07-14,28.479999542236328,25.8799991607666,1228.300048828125,972.7000122070312,3.880000114440918,71.91999816894531
2008-07-15,28.540000915527344,25.969999313354492,1214.9100341796875,977.7000122070312,3.8440001010894775,71.87000274658203
2008-07-16,25.100000381469727,24.559999465942383,1245.3599853515625,961.7999877929688,3.934000015258789,72.05999755859375
2008-07-17,25.010000228881836,24.3700008392334,1260.3199462890625,970.0,4.038000106811523,72.23999786376953
2008-07-18,24.049999237060547,23.799999237060547,1260.6800537109375,957.2999877929688,4.080999851226807,72.19000244140625
2008-07-21,23.049999237060547,23.18000030517578,1260.0,963.0999755859375,4.066999912261963,71.98999786376953
2008-07-22,21.18000030517578,22.059999465942383,1277.0,948.0,4.0970001220703125,72.44999694824219
2008-07-23,21.309999465942383,22.200000762939453,1282.18994140625,922.4000244140625,4.1479997634887695,72.80999755859375
2008-07-24,23.440000534057617,23.760000228881836,1252.5400390625,922.0,4.015999794006348,72.93000030517578
2008-07-25,22.90999984741211,23.290000915527344,1257.760009765625,926.5999755859375,4.111000061035156,72.86000061035156
2008-07-28,24.229999542236328,23.989999771118164,1234.3699951171875,927.5999755859375,4.01800012588501,72.6500015258789
2008-07-29,22.030000686645508,22.219999313354492,1263.199951171875,916.4000244140625,4.044000148773193,73.30999755859375
2008-07-30,21.209999084472656,21.440000534057617,1284.260009765625,902.9000244140625,4.047999858856201,73.31999969482422
2008-07-31,22.940000534057617,22.670000076293945,1267.3800048828125,913.9000244140625,3.9790000915527344,73.2300033569336
2008-08-01,22.56999969482422,22.75,1260.31005859375,909.0,3.947999954223633,73.41999816894531
2008-08-04,23.489999771118164,23.09000015258789,1249.010009765625,900.0999755859375,3.9719998836517334,73.45999908447266
2008-08-05,21.139999389648438,21.5,1284.8800048828125,878.5999755859375,4.006999969482422,73.87999725341797
2008-08-06,20.229999542236328,21.18000030517578,1289.18994140625,875.5999755859375,4.047999858856201,74.23999786376953
2008-08-07,21.149999618530273,21.860000610351562,1266.0699462890625,870.7000122070312,3.934999942779541,74.55000305175781
2008-08-08,20.65999984741211,21.649999618530273,1296.3199462890625,857.7999877929688,3.950000047683716,75.8499984741211
2008-08-11,20.1200008392334,21.440000534057617,1305.3199462890625,821.5,4.001999855041504,76.12999725341797
2008-08-12,21.170000076293945,22.200000762939453,1289.5899658203125,808.2000122070312,3.9179999828338623,76.1500015258789
2008-08-13,21.549999237060547,22.540000915527344,1285.8299560546875,825.0,3.947000026702881,76.20999908447266
2008-08-14,20.34000015258789,21.65999984741211,1292.9300537109375,808.2000122070312,3.8919999599456787,76.66999816894531
2008-08-15,19.579999923706055,21.3799991607666,1298.199951171875,786.0,3.8519999980926514,77.18000030517578
2008-08-18,20.979999542236328,22.110000610351562,1278.5999755859375,799.7000122070312,3.815999984741211,77.12000274658203
2008-08-19,21.280000686645508,22.420000076293945,1266.68994140625,811.0999755859375,3.8420000076293945,76.83999633789062
2008-08-20,20.420000076293945,22.459999084472656,1274.5400390625,810.2999877929688,3.7990000247955322,76.95999908447266
2008-08-21,19.81999969482422,22.079999923706055,1277.719970703125,833.0,3.8380000591278076,76.19999694824219
2008-08-22,18.809999465942383,21.479999542236328,1292.199951171875,827.4000244140625,3.867000102996826,76.80999755859375
2008-08-25,20.969999313354492,22.809999465942383,1266.8399658203125,819.7999877929688,3.7909998893737793,76.79000091552734
2008-08-26,20.489999771118164,22.520000457763672,1271.510009765625,822.2000122070312,3.7839999198913574,77.25
2008-08-27,19.760000228881836,21.940000534057617,1281.6600341796875,828.0999755859375,3.7720000743865967,77.05000305175781
2008-08-28,19.43000030517578,21.540000915527344,1300.6800537109375,830.9000244140625,3.7950000762939453,77.1500015258789
2008-08-29,20.649999618530273,22.520000457763672,1282.8299560546875,829.2999877929688,3.812999963760376,77.37999725341797
2008-09-02,21.989999771118164,23.110000610351562,1277.5799560546875,805.0,3.746000051498413,78.05999755859375
2008-09-03,21.43000030517578,22.799999237060547,1274.97998046875,802.7000122070312,3.697000026702881,78.08999633789062
2008-09-04,24.030000686645508,24.350000381469727,1236.8299560546875,797.9000244140625,3.6429998874664307,78.61000061035156
2008-09-05,23.059999465942383,23.729999542236328,1242.31005859375,797.5999755859375,3.6600000858306885,78.93000030517578
2008-09-08,22.639999389648438,23.149999618530273,1267.7900390625,797.5,3.6649999618530273,79.58999633789062
2008-09-09,25.469999313354492,25.149999618530273,1224.510009765625,787.0999755859375,3.5959999561309814,79.25
2008-09-10,24.520000457763672,24.540000915527344,1232.0400390625,757.9000244140625,3.6410000324249268,79.8499984741211
2008-09-11,24.389999389648438,24.360000610351562,1249.050048828125,741.2999877929688,3.621999979019165,80.1500015258789
2008-09-12,25.65999984741211,25.020000457763672,1251.699951171875,760.2999877929688,3.7300000190734863,78.97000122070312
2008-09-15,31.700000762939453,27.93000030517578,1192.699951171875,783.0999755859375,3.4830000400543213,78.91000366210938
2008-09-16,30.299999237060547,26.8799991607666,1213.5999755859375,776.5,3.490999937057495,79.06999969482422
2008-09-17,36.220001220703125,30.239999771118164,1156.3900146484375,846.5999755859375,3.4100000858306885,78.0999984741211
2008-09-18,33.099998474121094,28.579999923706055,1206.510009765625,892.7000122070312,3.437000036239624,78.0199966430664
2008-09-19,32.06999969482422,28.040000915527344,1255.0799560546875,860.5999755859375,3.7690000534057617,77.68000030517578
2008-09-22,33.849998474121094,29.729999542236328,1207.0899658203125,903.9000244140625,3.8259999752044678,76.1500015258789
2008-09-23,35.720001220703125,31.260000228881836,1188.219970703125,885.5,3.8410000801086426,76.47000122070312
2008-09-24,35.189998626708984,30.559999465942383,1185.8699951171875,889.0,3.7709999084472656,76.79000091552734
2008-09-25,32.81999969482422,29.100000381469727,1209.1800537109375,877.7000122070312,3.861999988555908,76.98999786376953
2008-09-26,34.7400016784668,29.739999771118164,1213.27001953125,882.9000244140625,3.8269999027252197,76.94999694824219
2008-09-29,46.720001220703125,36.27000045776367,1106.4200439453125,888.2000122070312,3.631999969482422,77.47000122070312
2008-09-30,39.38999938964844,33.029998779296875,1166.3599853515625,874.2000122070312,3.8269999027252197,79.44999694824219
2008-10-01,39.810001373291016,33.439998626708984,1161.06005859375,880.7000122070312,3.7679998874664307,79.45999908447266
2008-10-02,45.2599983215332,36.4900016784668,1114.280029296875,839.0,3.6459999084472656,80.44000244140625
2008-10-03,45.13999938964844,37.29999923706055,1099.22998046875,828.9000244140625,3.6440000534057617,80.30999755859375
2008-10-06,52.04999923706055,39.130001068115234,1056.8900146484375,862.7000122070312,3.4260001182556152,81.68000030517578
2008-10-07,53.68000030517578,40.54999923706055,996.22998046875,878.4000244140625,3.50600004196167,80.97000122070312
2008-10-08,57.529998779296875,42.220001220703125,984.9400024414062,903.0999755859375,3.7149999141693115,80.91000366210938
2008-10-09,63.91999816894531,48.0099983215332,909.9199829101562,883.0999755859375,3.8340001106262207,81.16000366210938
2008-10-10,69.94999694824219,50.90999984741211,899.219970703125,855.4000244140625,3.8610000610351562,83.0
2008-10-13,54.9900016784668,42.380001068115234,1003.3499755859375,838.9000244140625,3.8610000610351562,81.87999725341797
2008-10-14,55.130001068115234,42.9900016784668,998.010009765625,836.2999877929688,4.0229997634887695,81.36000061035156
2008-10-15,69.25,49.45000076293945,907.8400268554688,835.5,4.011000156402588,82.05000305175781
2008-10-16,67.61000061035156,48.7400016784668,946.4299926757812,801.5,3.936000108718872,82.45999908447266
2008-10-17,70.33000183105469,51.130001068115234,940.5499877929688,785.0999755859375,3.937999963760376,82.41000366210938
2008-10-20,52.970001220703125,43.619998931884766,985.4000244140625,787.5999755859375,3.885999917984009,83.0999984741211
2008-10-21,53.11000061035156,43.790000915527344,955.0499877929688,766.0999755859375,3.703000068664551,83.98999786376953
2008-10-22,69.6500015258789,49.83000183105469,896.780029296875,733.2999877929688,3.618000030517578,85.37000274658203
2008-10-23,67.80000305175781,49.7599983215332,908.1099853515625,713.2999877929688,3.5339999198913574,85.36000061035156
2008-10-24,79.12999725341797,55.29999923706055,876.77001953125,729.0999755859375,3.697000026702881,86.44000244140625
2008-10-27,80.05999755859375,62.84000015258789,848.9199829101562,741.7000122070312,3.7290000915527344,86.93000030517578
2008-10-28,66.95999908447266,54.380001068115234,940.510009765625,739.2999877929688,3.819999933242798,87.02999877929688
2008-10-29,69.95999908447266,57.81999969482422,930.0900268554688,752.7999877929688,3.874000072479248,85.06999969482422
2008-10-30,62.900001525878906,53.75,954.0900268554688,737.2000122070312,3.938999891281128,84.55999755859375
2008-10-31,59.88999938964844,53.56999969482422,968.75,716.7999877929688,3.9700000286102295,85.62999725341797
2008-11-03,53.68000030517578,51.20000076293945,966.2999877929688,725.4000244140625,3.9040000438690186,86.3499984741211
2008-11-04,47.72999954223633,46.2599983215332,1005.75,756.0,3.765000104904175,84.77999877929688
2008-11-05,54.560001373291016,49.720001220703125,952.77001953125,741.2999877929688,3.694000005722046,84.61000061035156
2008-11-06,63.68000030517578,56.13999938964844,904.8800048828125,731.2000122070312,3.7070000171661377,85.88999938964844
2008-11-07,56.099998474121094,52.61000061035156,930.989990234375,733.2000122070312,3.7799999713897705,85.91000366210938
2008-11-10,59.97999954223633,54.04999923706055,919.2100219726562,745.5999755859375,3.759999990463257,85.91000366210938
2008-11-11,61.439998626708984,55.630001068115234,898.9500122070312,732.0,3.755000114440918,87.06999969482422
2008-11-12,66.45999908447266,59.099998474121094,852.2999877929688,717.7000122070312,3.6649999618530273,87.47000122070312
2008-11-13,59.83000183105469,54.099998474121094,911.2899780273438,704.9000244140625,3.818000078201294,86.94000244140625
2008-11-14,66.30999755859375,59.290000915527344,873.2899780273438,742.4000244140625,3.75,86.36000061035156
2008-11-17,69.1500015258789,62.5099983215332,850.75,741.9000244140625,3.684000015258789,86.80999755859375
2008-11-18,67.63999938964844,61.38999938964844,859.1199951171875,732.5999755859375,3.5350000858306885,87.37000274658203
2008-11-19,74.26000213623047,66.48999786376953,806.5800170898438,735.9000244140625,3.3910000324249268,87.30999755859375
2008-11-20,80.86000061035156,69.23999786376953,752.4400024414062,748.5999755859375,3.1440000534057617,87.97000122070312
2008-11-21,72.66999816894531,64.3499984741211,800.030029296875,791.7000122070312,3.1670000553131104,88.19000244140625
2008-11-24,64.69999694824219,59.5,851.8099975585938,819.4000244140625,3.3399999141693115,86.08000183105469
2008-11-25,60.900001525878906,57.9900016784668,857.3900146484375,818.4000244140625,3.0920000076293945,85.0
2008-11-26,54.91999816894531,53.72999954223633,887.6799926757812,808.5,3.000999927520752,85.66999816894531
2008-11-28,55.279998779296875,54.18000030517578,896.239990234375,816.2000122070312,2.9570000171661377,86.5199966430664
2008-12-01,68.51000213623047,62.38999938964844,816.2100219726562,774.5999755859375,2.7190001010894775,86.72000122070312
2008-12-02,62.97999954223633,59.650001525878906,848.8099975585938,781.2999877929688,2.693000078201294,86.69999694824219
2008-12-03,60.720001220703125,58.5,870.739990234375,768.7999877929688,2.6760001182556152,87.02999877929688
2008-12-04,63.63999938964844,61.290000915527344,845.219970703125,763.7999877929688,2.569999933242798,86.44000244140625
2008-12-05,59.93000030517578,58.060001373291016,876.0700073242188,750.5,2.6570000648498535,87.12000274658203
2008-12-08,58.4900016784668,56.599998474121094,909.7000122070312,767.4000244140625,2.7339999675750732,85.55999755859375
2008-12-09,58.90999984741211,57.77000045776367,888.6699829101562,772.4000244140625,2.6689999103546143,85.83999633789062
2008-12-10,55.72999954223633,56.15999984741211,899.239990234375,807.0999755859375,2.684000015258789,85.4800033569336
2008-12-11,55.779998779296875,56.09000015258789,873.5900268554688,824.9000244140625,2.6480000019073486,83.83000183105469
2008-12-12,54.279998779296875,55.13999938964844,879.72998046875,818.9000244140625,2.5889999866485596,83.63999938964844
2008-12-15,56.7599983215332,56.40999984741211,868.5700073242188,835.4000244140625,2.5329999923706055,82.2699966430664
2008-12-16,52.369998931884766,52.90999984741211,913.1799926757812,841.7000122070312,2.36299991607666,80.68000030517578
2008-12-17,49.84000015258789,51.56999969482422,904.4199829101562,867.5,2.190000057220459,78.91000366210938
2008-12-18,47.34000015258789,49.79999923706055,885.280029296875,859.5999755859375,2.0739998817443848,79.47000122070312
2008-12-19,44.93000030517578,43.400001525878906,887.8800048828125,836.4000244140625,2.13100004196167,81.30000305175781
2008-12-22,44.560001373291016,43.709999084472656,871.6300048828125,846.2000122070312,2.1410000324249268,81.08999633789062
2008-12-23,45.02000045776367,44.47999954223633,863.1599731445312,837.2000122070312,2.1630001068115234,81.23999786376953
2008-12-24,44.209999084472656,43.959999084472656,868.1500244140625,847.0999755859375,2.178999900817871,81.20999908447266
2008-12-26,43.380001068115234,46.11000061035156,872.7999877929688,870.4000244140625,2.13700008392334,80.88999938964844
2008-12-29,43.900001525878906,46.540000915527344,869.4199829101562,874.5999755859375,2.0959999561309814,80.68000030517578
2008-12-30,41.630001068115234,44.40999984741211,890.6400146484375,869.2999877929688,2.0869998931884766,80.9000015258789
2008-12-31,40.0,43.18000030517578,903.25,883.5999755859375,2.24399995803833,81.30999755859375
2009-01-02,39.189998626708984,40.560001373291016,931.7999877929688,878.7999877929688,2.4159998893737793,81.83999633789062
2009-01-05,39.08000183105469,40.81999969482422,927.4500122070312,857.2000122070312,2.48799991607666,82.63999938964844
2009-01-06,38.560001373291016,40.310001373291016,934.7000122070312,865.4000244140625,2.505000114440918,82.8499984741211
2009-01-07,43.38999938964844,43.810001373291016,906.6500244140625,841.0999755859375,2.49399995803833,82.27999877929688
2009-01-08,42.560001373291016,43.16999816894531,909.72998046875,853.9000244140625,2.444999933242798,81.54000091552734
2009-01-09,42.81999969482422,44.880001068115234,890.3499755859375,854.2999877929688,2.4070000648498535,82.66000366210938
2009-01-12,45.84000015258789,47.349998474121094,870.260009765625,820.2999877929688,2.309000015258789,83.0199966430664
2009-01-13,43.27000045776367,47.13999938964844,871.7899780273438,820.0999755859375,2.296999931335449,84.2699966430664
2009-01-14,49.13999938964844,50.68000030517578,842.6199951171875,808.2000122070312,2.2130000591278076,84.41999816894531
2009-01-15,51.0,51.709999084472656,843.739990234375,806.7000122070312,2.2009999752044678,84.44000244140625
2009-01-16,46.11000061035156,48.95000076293945,850.1199951171875,839.2999877929688,2.303999900817871,84.20999908447266
2009-01-20,56.650001525878906,54.869998931884766,805.219970703125,854.5999755859375,2.3450000286102295,86.22000122070312
2009-01-21,46.41999816894531,49.959999084472656,840.239990234375,849.5999755859375,2.5260000228881836,85.81999969482422
2009-01-22,47.290000915527344,50.130001068115234,827.5,858.2000122070312,2.5940001010894775,85.5199966430664
2009-01-23,47.27000045776367,49.36000061035156,831.9500122070312,895.2999877929688,2.621999979019165,85.61000061035156
2009-01-26,45.689998626708984,47.470001220703125,836.5700073242188,908.5,2.6429998874664307,84.7300033569336
2009-01-27,42.25,45.18000030517578,845.7100219726562,899.2000122070312,2.5190000534057617,84.43000030517578
2009-01-28,39.65999984741211,42.20000076293945,874.0900268554688,888.0999755859375,2.6559998989105225,84.66999816894531
2009-01-29,42.630001068115234,43.529998779296875,845.1400146484375,905.0999755859375,2.815000057220459,85.27999877929688
2009-01-30,44.84000015258789,44.599998474121094,825.8800048828125,927.2999877929688,2.8440001010894775,86.0
2009-02-02,45.52000045776367,43.90999984741211,825.4400024414062,906.7000122070312,2.7190001010894775,86.06999969482422
2009-02-03,43.060001373291016,42.2400016784668,838.510009765625,892.0,2.8420000076293945,85.05000305175781
2009-02-04,43.849998474121094,42.130001068115234,832.22998046875,901.5999755859375,2.9140000343322754,85.69999694824219
2009-02-05,43.72999954223633,42.599998474121094,845.8499755859375,913.5999755859375,2.9000000953674316,86.05999755859375
2009-02-06,43.369998931884766,43.380001068115234,868.5999755859375,913.9000244140625,2.9790000915527344,85.3499984741211
2009-02-09,43.63999938964844,43.43000030517578,869.8900146484375,892.4000244140625,3.0269999504089355,84.79000091552734
2009-02-10,46.66999816894531,46.060001373291016,827.1599731445312,913.7000122070312,2.8469998836517334,85.80999755859375
2009-02-11,44.529998779296875,45.06999969482422,833.739990234375,943.7999877929688,2.76200008392334,85.77999877929688
2009-02-12,41.25,42.65999984741211,835.1900024414062,948.5,2.7269999980926514,86.55000305175781
2009-02-13,42.93000030517578,42.470001220703125,826.8400268554688,941.5,2.881999969482422,86.04000091552734
2009-02-17,48.65999984741211,46.0,789.1699829101562,967.0,2.6619999408721924,87.58000183105469
2009-02-18,48.459999084472656,46.970001220703125,788.4199829101562,977.7000122070312,2.7279999256134033,88.01000213623047
2009-02-19,47.08000183105469,45.630001068115234,778.9400024414062,976.0999755859375,2.8570001125335693,87.44000244140625
2009-02-20,49.29999923706055,47.029998779296875,770.0499877929688,1001.7999877929688,2.7720000743865967,86.48999786376953
2009-02-23,52.619998931884766,50.43000030517578,743.3300170898438,994.5999755859375,2.7769999504089355,87.23999786376953
2009-02-24,45.4900016784668,45.11000061035156,773.1400146484375,969.0999755859375,2.7990000247955322,86.88999938964844
2009-02-25,44.66999816894531,44.400001525878906,764.9000244140625,965.7000122070312,2.944999933242798,87.91000366210938
2009-02-26,44.65999984741211,44.18000030517578,752.8300170898438,941.7999877929688,2.9779999256134033,87.7300033569336
2009-02-27,46.349998474121094,45.209999084472656,735.0900268554688,941.5,3.0409998893737793,88.01000213623047
2009-03-02,52.650001525878906,48.66999816894531,700.8200073242188,939.0,2.9189999103546143,88.94000244140625
2009-03-03,50.93000030517578,48.5099983215332,696.3300170898438,912.9000244140625,2.937999963760376,88.91000366210938
2009-03-04,47.560001373291016,44.720001220703125,712.8699951171875,906.0,3.010999917984009,88.58000183105469
2009-03-05,50.16999816894531,46.70000076293945,682.5499877929688,927.0,2.819000005722046,89.11000061035156
2009-03-06,49.33000183105469,46.47999954223633,683.3800048828125,942.0999755859375,2.828000068664551,88.51000213623047
2009-03-09,49.68000030517578,46.529998779296875,676.530029296875,917.7000122070312,2.885999917984009,89.01000213623047
2009-03-10,44.369998931884766,42.40999984741211,719.5999755859375,895.5999755859375,2.9820001125335693,88.93000030517578
2009-03-11,43.61000061035156,42.5,721.3599853515625,910.4000244140625,2.9159998893737793,87.87000274658203
2009-03-12,41.18000030517578,40.70000076293945,750.739990234375,923.7000122070312,2.8919999599456787,87.66000366210938
2009-03-13,42.36000061035156,41.83000183105469,756.5499877929688,929.7999877929688,2.884999990463257,87.43000030517578
2009-03-16,43.7400016784668,42.2400016784668,753.8900146484375,921.5999755859375,2.9509999752044678,86.94999694824219
2009-03-17,40.79999923706055,39.97999954223633,778.1199951171875,916.4000244140625,3.003000020980835,86.93000030517578
2009-03-18,40.060001373291016,39.900001525878906,794.3499755859375,888.7000122070312,2.5329999923706055,84.5999984741211
2009-03-19,43.68000030517578,43.150001525878906,784.0399780273438,958.2999877929688,2.5969998836517334,83.12999725341797
2009-03-20,45.88999938964844,46.279998779296875,768.5399780273438,955.7999877929688,2.625,83.83999633789062
2009-03-23,43.22999954223633,42.33000183105469,822.9199829101562,952.0999755859375,2.6600000858306885,83.43000030517578
2009-03-24,42.93000030517578,43.63999938964844,806.1199951171875,923.2999877929688,2.6540000438690186,83.86000061035156
2009-03-25,42.25,41.900001525878906,813.8800048828125,935.4000244140625,2.7720000743865967,83.80999755859375
2009-03-26,40.36000061035156,40.68000030517578,832.8599853515625,939.5999755859375,2.7330000400543213,84.16999816894531
2009-03-27,41.040000915527344,42.09000015258789,815.9400024414062,923.0,2.760999917984009,85.11000061035156
2009-03-30,45.540000915527344,44.9900016784668,787.530029296875,915.5,2.7139999866485596,85.87000274658203
2009-03-31,44.13999938964844,44.59000015258789,797.8699951171875,922.5999755859375,2.684999942779541,85.43000030517578
2009-04-01,42.279998779296875,43.029998779296875,811.0800170898438,926.0999755859375,2.6579999923706055,85.5
2009-04-02,42.040000915527344,42.2400016784668,834.3800048828125,907.4000244140625,2.752000093460083,84.44999694824219
2009-04-03,39.70000076293945,41.06999969482422,842.5,895.5999755859375,2.9070000648498535,84.16999816894531
2009-04-06,40.93000030517578,41.16999816894531,835.47998046875,871.5,2.938999891281128,84.56999969482422
2009-04-07,40.38999938964844,41.66999816894531,815.5499877929688,882.2000122070312,2.9089999198913574,85.29000091552734
2009-04-08,38.849998474121094,40.20000076293945,825.1599731445312,884.7999877929688,2.8469998836517334,85.36000061035156
2009-04-09,36.529998779296875,38.529998779296875,856.5599975585938,882.2000122070312,2.9260001182556152,85.79000091552734
2009-04-13,37.810001373291016,38.54999923706055,858.72998046875,894.7000122070312,2.8450000286102295,84.63999938964844
2009-04-14,37.66999816894531,38.689998626708984,841.5,890.9000244140625,2.7860000133514404,84.63999938964844
2009-04-15,36.16999816894531,37.970001220703125,852.0599975585938,892.7999877929688,2.759000062942505,85.08000183105469
2009-04-16,35.790000915527344,36.959999084472656,865.2999877929688,879.2999877929688,2.8299999237060547,85.2300033569336
2009-04-17,33.939998626708984,36.59000015258789,869.5999755859375,867.4000244140625,2.930000066757202,85.9800033569336
2009-04-20,39.18000030517578,39.40999984741211,832.3900146484375,887.0,2.8429999351501465,86.63999938964844
2009-04-21,37.13999938964844,37.779998779296875,850.0800170898438,882.0999755859375,2.9019999504089355,86.58000183105469
2009-04-22,38.099998474121094,38.5,843.5499877929688,891.7999877929688,2.9639999866485596,86.19000244140625
2009-04-23,37.150001525878906,37.97999954223633,851.9199829101562,905.9000244140625,2.927000045776367,85.5199966430664
2009-04-24,36.81999969482422,37.810001373291016,866.22998046875,913.5999755859375,2.996000051498413,84.70999908447266
2009-04-27,38.31999969482422,38.630001068115234,857.510009765625,907.4000244140625,2.9210000038146973,85.69999694824219
2009-04-28,37.95000076293945,38.400001525878906,855.1599731445312,892.7999877929688,3.002000093460083,85.16000366210938
2009-04-29,36.08000183105469,36.4900016784668,873.6400146484375,899.7999877929688,3.0959999561309814,84.47000122070312
2009-04-30,36.5,36.72999954223633,872.8099975585938,890.7000122070312,3.124000072479248,84.61000061035156
2009-05-01,35.29999923706055,35.84000015258789,877.52001953125,887.5999755859375,3.1740000247955322,84.55000305175781
2009-05-04,34.529998779296875,34.79999923706055,907.239990234375,901.5999755859375,3.1570000648498535,83.97000122070312
2009-05-05,33.36000061035156,34.18000030517578,903.7999877929688,903.7000122070312,3.1570000648498535,84.16000366210938
2009-05-06,32.45000076293945,33.36000061035156,919.530029296875,910.5,3.1519999504089355,83.80000305175781
2009-05-07,33.439998626708984,34.040000915527344,907.3900146484375,915.0,3.2950000762939453,83.94000244140625
2009-05-08,32.04999923706055,32.81999969482422,929.22998046875,914.4000244140625,3.2929999828338623,82.52999877929688
2009-05-11,32.869998931884766,33.38999938964844,909.239990234375,913.0,3.180000066757202,82.68000030517578
2009-05-12,31.799999237060547,32.77000045776367,908.3499755859375,923.5,3.174999952316284,82.30999755859375
2009-05-13,33.650001525878906,33.83000183105469,883.9199829101562,925.5,3.1050000190734863,82.5
2009-05-14,31.3700008392334,32.25,893.0700073242188,928.0,3.1070001125335693,82.27999877929688
2009-05-15,33.119998931884766,33.220001220703125,882.8800048828125,930.9000244140625,3.122999906539917,83.0199966430664
2009-05-18,30.239999771118164,31.229999542236328,909.7100219726562,921.2999877929688,3.2109999656677246,82.66999816894531
2009-05-19,28.799999237060547,30.420000076293945,908.1300048828125,926.2999877929688,3.243000030517578,81.9800033569336
2009-05-20,29.030000686645508,30.739999771118164,903.469970703125,937.0,3.2019999027252197,80.98999786376953
2009-05-21,31.350000381469727,32.38999938964844,888.3300170898438,950.7999877929688,3.3529999256134033,80.55999755859375
2009-05-22,32.630001068115234,33.040000915527344,887.0,958.5,3.447999954223633,79.95999908447266
2009-05-26,30.6200008392334,31.530000686645508,910.3300170898438,953.0999755859375,3.493000030517578,80.12999725341797
2009-05-27,32.36000061035156,32.470001220703125,893.0599975585938,953.2000122070312,3.694999933242798,80.33000183105469
2009-05-28,31.670000076293945,32.04999923706055,906.8300170898438,961.5,3.671999931335449,80.43000030517578
2009-05-29,28.920000076293945,30.43000030517578,919.1400146484375,978.7999877929688,3.4649999141693115,80.43000030517578
2009-06-01,30.040000915527344,30.600000381469727,942.8699951171875,978.5999755859375,3.7149999141693115,79.16999816894531
2009-06-02,29.6299991607666,30.579999923706055,944.739990234375,983.2000122070312,3.6440000534057617,78.4000015258789
2009-06-03,31.020000457763672,32.189998626708984,931.760009765625,964.5,3.5510001182556152,79.5
2009-06-04,30.18000030517578,31.579999923706055,942.4600219726562,981.2000122070312,3.7160000801086426,79.41000366210938
2009-06-05,29.6200008392334,31.600000381469727,940.0900268554688,961.7000122070312,3.861999988555908,80.66999816894531
2009-06-08,29.770000457763672,31.770000457763672,939.1400146484375,951.7000122070312,3.8889999389648438,80.91000366210938
2009-06-09,28.270000457763672,30.670000076293945,942.4299926757812,954.0,3.8580000400543213,79.79000091552734
2009-06-10,28.459999084472656,30.610000610351562,939.1500244140625,954.0,3.936000108718872,80.33000183105469
2009-06-11,28.110000610351562,29.93000030517578,944.8900146484375,961.2999877929688,3.861999988555908,79.41000366210938
2009-06-12,28.149999618530273,29.5,946.2100219726562,940.0999755859375,3.7880001068115234,80.13999938964844
2009-06-15,30.809999465942383,31.34000015258789,923.719970703125,926.9000244140625,3.7130000591278076,81.13999938964844
2009-06-16,32.68000030517578,32.790000915527344,911.969970703125,931.5999755859375,3.6740000247955322,80.70999908447266
2009-06-17,31.540000915527344,32.88999938964844,910.7100219726562,935.4000244140625,3.6470000743865967,80.16999816894531
2009-06-18,30.030000686645508,31.510000228881836,918.3699951171875,934.0,3.8340001106262207,80.61000061035156
2009-06-19,27.989999771118164,30.639999389648438,921.22998046875,935.5999755859375,3.7890000343322754,80.26000213623047
2009-06-22,31.170000076293945,33.0099983215332,893.0399780273438,920.5999755859375,3.693000078201294,80.77999877929688
2009-06-23,30.579999923706055,32.41999816894531,895.0999755859375,923.9000244140625,3.640000104904175,79.83999633789062
2009-06-24,29.049999237060547,31.06999969482422,900.9400024414062,934.0999755859375,3.684999942779541,80.55999755859375
2009-06-25,26.360000610351562,29.40999984741211,920.260009765625,939.0999755859375,3.5460000038146973,80.4000015258789
2009-06-26,25.93000030517578,29.280000686645508,918.9000244140625,940.7000122070312,3.50600004196167,79.87999725341797
2009-06-29,25.350000381469727,28.200000762939453,927.22998046875,940.4000244140625,3.492000102996826,79.83999633789062
2009-06-30,26.350000381469727,28.760000228881836,919.3200073242188,927.0999755859375,3.5230000019073486,80.12999725341797
2009-07-01,26.219999313354492,28.959999084472656,923.3300170898438,941.0,3.5439999103546143,79.62999725341797
2009-07-02,27.950000762939453,30.530000686645508,896.4199829101562,930.7000122070312,3.494999885559082,80.1500015258789
2009-07-06,29.0,30.790000915527344,898.719970703125,924.0,3.50600004196167,80.44999694824219
2009-07-07,30.850000381469727,32.09000015258789,881.030029296875,928.7999877929688,3.4600000381469727,80.62000274658203
2009-07-08,31.299999237060547,32.41999816894531,879.5599975585938,909.0,3.2890000343322754,80.7699966430664
2009-07-09,29.780000686645508,31.670000076293945,882.6799926757812,915.9000244140625,3.4130001068115234,79.86000061035156
2009-07-10,29.020000457763672,31.709999084472656,879.1300048828125,912.2000122070312,3.2950000762939453,80.2300033569336
2009-07-13,26.309999465942383,30.100000381469727,901.0499877929688,922.2000122070312,3.3459999561309814,80.12999725341797
2009-07-14,25.020000457763672,29.579999923706055,905.8400268554688,922.5,3.447000026702881,80.18000030517578
2009-07-15,25.889999389648438,29.110000610351562,932.6799926757812,939.0999755859375,3.5959999561309814,79.31999969482422
2009-07-16,25.420000076293945,28.610000610351562,940.739990234375,935.0999755859375,3.556999921798706,79.22000122070312
2009-07-17,24.34000015258789,28.649999618530273,940.3800048828125,937.2000122070312,3.6510000228881836,79.3499984741211
2009-07-20,24.399999618530273,27.59000015258789,951.1300048828125,948.5,3.5850000381469727,78.91000366210938
2009-07-21,23.8700008392334,27.440000534057617,954.5800170898438,946.5999755859375,3.4769999980926514,78.93000030517578
2009-07-22,23.469999313354492,27.219999313354492,954.0700073242188,953.0,3.553999900817871,78.70999908447266
2009-07-23,23.43000030517578,26.959999084472656,976.2899780273438,954.5,3.7090001106262207,78.80000305175781
2009-07-24,23.09000015258789,26.3700008392334,979.260009765625,952.7999877929688,3.6700000762939453,78.75
2009-07-27,24.280000686645508,26.989999771118164,982.1799926757812,953.2999877929688,3.7130000591278076,78.62999725341797
2009-07-28,25.010000228881836,27.959999084472656,979.6199951171875,939.0,3.687999963760376,78.8499984741211
2009-07-29,25.610000610351562,28.420000076293945,975.1500244140625,927.2000122070312,3.6640000343322754,79.62999725341797
2009-07-30,25.399999618530273,28.190000534057617,986.75,934.9000244140625,3.6410000324249268,79.29000091552734
2009-07-31,25.920000076293945,28.399999618530273,987.47998046875,953.7000122070312,3.500999927520752,78.3499984741211
2009-08-03,25.559999465942383,27.709999084472656,1002.6300048828125,956.5999755859375,3.6389999389648438,77.63999938964844
2009-08-04,24.889999389648438,27.219999313354492,1005.6500244140625,967.5,3.678999900817871,77.7699966430664
2009-08-05,24.899999618530273,27.170000076293945,1002.719970703125,964.2000122070312,3.7639999389648438,77.5199966430664
2009-08-06,25.670000076293945,27.979999542236328,997.0800170898438,960.7000122070312,3.746000051498413,78.06999969482422
2009-08-07,24.760000228881836,27.110000610351562,1010.47998046875,957.2999877929688,3.8540000915527344,78.97000122070312
2009-08-10,24.989999771118164,27.059999465942383,1007.0999755859375,945.0,3.7709999084472656,79.26000213623047
2009-08-11,25.989999771118164,28.100000381469727,994.3499755859375,945.7999877929688,3.693000078201294,79.18000030517578
2009-08-12,25.450000762939453,27.739999771118164,1005.8099975585938,950.7000122070312,3.7009999752044678,78.79000091552734
2009-08-13,24.709999084472656,27.280000686645508,1012.72998046875,954.7000122070312,3.5910000801086426,78.48999786376953
2009-08-14,24.270000457763672,27.110000610351562,1004.0900268554688,947.0,3.558000087738037,78.88999938964844
2009-08-17,27.889999389648438,29.93000030517578,979.72998046875,934.2999877929688,3.490999937057495,79.29000091552734
2009-08-18,26.18000030517578,28.899999618530273,989.6699829101562,937.7000122070312,3.5260000228881836,78.94000244140625
2009-08-19,26.260000228881836,28.479999542236328,996.4600219726562,943.2999877929688,3.4630000591278076,78.47000122070312
2009-08-20,25.09000015258789,28.290000915527344,1007.3699951171875,940.2999877929688,3.434999942779541,78.37999725341797
2009-08-21,25.010000228881836,27.770000457763672,1026.1300048828125,953.2000122070312,3.555999994277954,78.04000091552734
2009-08-24,25.139999389648438,28.15999984741211,1025.5699462890625,942.2999877929688,3.49399995803833,78.2699966430664
2009-08-25,24.920000076293945,28.15999984741211,1028.0,944.5,3.450000047683716,78.23999786376953
2009-08-26,24.950000762939453,28.360000610351562,1028.1199951171875,944.2999877929688,3.437999963760376,78.66000366210938
2009-08-27,24.68000030517578,28.40999984741211,1030.97998046875,945.5,3.4619998931884766,78.01000213623047
2009-08-28,24.760000228881836,28.5,1028.9300537109375,957.0,3.4509999752044678,78.37000274658203
2009-08-31,26.010000228881836,29.170000076293945,1020.6199951171875,951.7000122070312,3.4010000228881836,78.16999816894531
2009-09-01,29.149999618530273,30.8799991607666,998.0399780273438,954.7000122070312,3.375,78.76000213623047
2009-09-02,28.899999618530273,31.040000915527344,994.75,976.5999755859375,3.2950000762939453,78.37999725341797
2009-09-03,27.100000381469727,29.600000381469727,1003.239990234375,995.7999877929688,3.328000068664551,78.45999908447266
2009-09-04,25.260000228881836,28.479999542236328,1016.4000244140625,994.9000244140625,3.441999912261963,78.13999938964844
2009-09-08,25.6200008392334,28.209999084472656,1025.3900146484375,997.9000244140625,3.4690001010894775,77.31999969482422
2009-09-09,24.31999969482422,27.290000915527344,1033.3699951171875,995.2999877929688,3.4790000915527344,77.08999633789062
2009-09-10,23.549999237060547,26.510000228881836,1044.1400146484375,995.4000244140625,3.3420000076293945,76.81999969482422
2009-09-11,24.149999618530273,26.559999465942383,1042.72998046875,1004.9000244140625,3.3429999351501465,76.61000061035156
2009-09-14,23.860000610351562,26.40999984741211,1049.3399658203125,999.9000244140625,3.4059998989105225,76.69999694824219
2009-09-15,23.420000076293945,26.329999923706055,1052.6300048828125,1005.0,3.4519999027252197,76.54000091552734
2009-09-16,23.690000534057617,25.8700008392334,1068.760009765625,1018.9000244140625,3.4709999561309814,76.23999786376953
2009-09-17,23.649999618530273,25.940000534057617,1065.489990234375,1012.2999877929688,3.3980000019073486,76.19000244140625
2009-09-18,23.920000076293945,26.540000915527344,1068.300048828125,1009.2000122070312,3.4739999771118164,76.43000030517578
2009-09-21,24.059999465942383,26.229999542236328,1064.6600341796875,1003.7000122070312,3.486999988555908,76.77999877929688
2009-09-22,23.079999923706055,25.690000534057617,1071.6600341796875,1014.2000122070312,3.4560000896453857,76.12000274658203
2009-09-23,23.489999771118164,26.09000015258789,1060.8699951171875,1013.0,3.4179999828338623,76.05000305175781
2009-09-24,24.950000762939453,27.1299991607666,1050.780029296875,997.5,3.38100004196167,76.9000015258789
2009-09-25,25.610000610351562,27.209999084472656,1044.3800048828125,990.2000122070312,3.3289999961853027,76.80999755859375
2009-09-28,24.8799991607666,26.270000457763672,1062.97998046875,992.5,3.302000045776367,77.05000305175781
2009-09-29,25.190000534057617,26.479999542236328,1060.6099853515625,993.0999755859375,3.2920000553131104,77.12000274658203
2009-09-30,25.610000610351562,26.65999984741211,1057.0799560546875,1008.0,3.306999921798706,76.6500015258789
2009-10-01,28.270000457763672,28.329999923706055,1029.8499755859375,999.5,3.194000005722046,77.19000244140625
2009-10-02,28.68000030517578,28.799999237060547,1025.2099609375,1003.2000122070312,3.2209999561309814,77.0
2009-10-05,26.84000015258789,27.610000610351562,1040.4599609375,1016.7000122070312,3.2239999771118164,76.63999938964844
2009-10-06,25.700000762939453,26.729999542236328,1054.719970703125,1038.5999755859375,3.247999906539917,76.33999633789062
2009-10-07,24.68000030517578,26.1200008392334,1057.5799560546875,1043.300048828125,3.174999952316284,76.48999786376953
2009-10-08,24.18000030517578,25.739999771118164,1065.47998046875,1055.4000244140625,3.255000114440918,75.97000122070312
2009-10-09,23.1200008392334,25.079999923706055,1071.489990234375,1047.800048828125,3.384000062942505,76.43000030517578
2009-10-12,23.010000228881836,25.170000076293945,1076.18994140625,1056.699951171875,3.380000114440918,76.12999725341797
2009-10-13,22.989999771118164,25.09000015258789,1073.18994140625,1064.199951171875,3.312000036239624,75.9800033569336
2009-10-14,22.860000610351562,24.579999923706055,1092.02001953125,1063.9000244140625,3.4230000972747803,75.55000305175781
2009-10-15,21.719999313354492,24.219999313354492,1096.56005859375,1049.800048828125,3.4700000286102295,75.4800033569336
2009-10-16,21.43000030517578,24.399999618530273,1087.6800537109375,1050.699951171875,3.4170000553131104,75.5999984741211
2009-10-19,21.489999771118164,24.149999618530273,1097.9100341796875,1057.300048828125,3.3949999809265137,75.51000213623047
2009-10-20,20.899999618530273,23.719999313354492,1091.06005859375,1057.800048828125,3.3369998931884766,75.56999969482422
2009-10-21,22.219999313354492,24.549999237060547,1081.4000244140625,1063.699951171875,3.4110000133514404,74.97000122070312
2009-10-22,20.690000534057617,23.350000381469727,1092.9100341796875,1057.800048828125,3.4210000038146973,75.08999633789062
2009-10-23,22.270000457763672,24.309999465942383,1079.5999755859375,1055.5999755859375,3.4749999046325684,75.47000122070312
2009-10-26,24.309999465942383,25.3700008392334,1066.949951171875,1042.0999755859375,3.553999900817871,76.05999755859375
2009-10-27,24.829999923706055,25.459999084472656,1063.4100341796875,1034.699951171875,3.4619998931884766,76.13999938964844
2009-10-28,27.90999984741211,27.420000076293945,1042.6300048828125,1029.9000244140625,3.4110000133514404,76.43000030517578
2009-10-29,24.760000228881836,25.65999984741211,1066.1099853515625,1046.4000244140625,3.500999927520752,75.91999816894531
2009-10-30,30.690000534057617,29.06999969482422,1036.18994140625,1039.699951171875,3.3919999599456787,76.30000305175781
2009-11-02,29.780000686645508,28.81999969482422,1042.8800048828125,1053.4000244140625,3.421999931335449,76.29000091552734
2009-11-03,28.809999465942383,28.8700008392334,1045.4100341796875,1084.300048828125,3.4730000495910645,76.38999938964844
2009-11-04,27.719999313354492,28.18000030517578,1046.5,1086.699951171875,3.5460000038146973,75.63999938964844
2009-11-05,25.43000030517578,26.610000610351562,1066.6300048828125,1088.699951171875,3.5329999923706055,75.73999786376953
2009-11-06,24.190000534057617,25.8799991607666,1069.300048828125,1095.0999755859375,3.503000020980835,75.81999969482422
2009-11-09,23.149999618530273,24.40999984741211,1093.0799560546875,1100.800048828125,3.4860000610351562,75.02999877929688
2009-11-10,22.84000015258789,24.709999084472656,1093.010009765625,1101.9000244140625,3.4820001125335693,75.0199966430664
2009-11-11,23.040000915527344,24.969999313354492,1098.510009765625,1114.0,3.4739999771118164,75.16000366210938
2009-11-12,24.239999771118164,26.06999969482422,1087.239990234375,1106.0,3.446000099182129,75.5999984741211
2009-11-13,23.360000610351562,25.600000381469727,1093.47998046875,1116.0999755859375,3.428999900817871,75.33000183105469
2009-11-16,22.889999389648438,25.149999618530273,1109.300048828125,1138.5999755859375,3.3310000896453857,74.91000366210938
2009-11-17,22.40999984741211,25.040000915527344,1110.3199462890625,1138.800048828125,3.319000005722046,75.37000274658203
2009-11-18,21.6299991607666,24.719999313354492,1109.800048828125,1140.699951171875,3.365999937057495,75.18000030517578
2009-11-19,22.6299991607666,25.110000610351562,1094.9000244140625,1141.4000244140625,3.3489999771118164,75.29000091552734
2009-11-20,22.190000534057617,24.65999984741211,1091.3800048828125,1146.4000244140625,3.3559999465942383,75.66000366210938
2009-11-23,21.15999984741211,24.110000610351562,1106.239990234375,1164.300048828125,3.364000082015991,75.08999633789062
2009-11-24,20.469999313354492,23.739999771118164,1105.6500244140625,1165.5,3.316999912261963,75.06999969482422
2009-11-25,20.479999542236328,23.65999984741211,1110.6300048828125,1186.9000244140625,3.2790000438690186,74.2699966430664
2009-11-27,24.739999771118164,26.149999618530273,1091.489990234375,1174.199951171875,3.2309999465942383,75.0
2009-11-30,24.510000228881836,26.239999771118164,1095.6300048828125,1181.0999755859375,3.2009999752044678,74.87999725341797
2009-12-01,21.920000076293945,24.940000534057617,1108.8599853515625,1199.0999755859375,3.2750000953674316,74.36000061035156
2009-12-02,21.1200008392334,24.799999237060547,1109.239990234375,1212.0,3.322999954223633,74.66999816894531
2009-12-03,22.459999084472656,25.510000228881836,1099.9200439453125,1217.4000244140625,3.380000114440918,74.62999725341797
2009-12-04,21.25,24.760000228881836,1105.97998046875,1168.800048828125,3.4830000400543213,75.91000366210938
2009-12-07,22.100000381469727,25.299999237060547,1103.25,1163.4000244140625,3.447999954223633,75.7699966430664
2009-12-08,23.690000534057617,26.1299991607666,1091.93994140625,1142.800048828125,3.3919999599456787,76.30999755859375
2009-12-09,22.65999984741211,25.799999237060547,1095.949951171875,1120.4000244140625,3.4230000972747803,76.04000091552734
2009-12-10,22.31999969482422,25.34000015258789,1102.3499755859375,1125.699951171875,3.4820001125335693,76.04000091552734
2009-12-11,21.59000015258789,25.1200008392334,1106.4100341796875,1119.4000244140625,3.5399999618530273,76.56999969482422
2009-12-14,21.149999618530273,24.559999465942383,1114.1099853515625,1123.300048828125,3.5460000038146973,76.3499984741211
2009-12-15,21.489999771118164,24.729999542236328,1107.9300537109375,1122.4000244140625,3.6029999256134033,76.95999908447266
2009-12-16,20.540000915527344,24.25,1109.1800537109375,1135.5,3.5959999561309814,77.0
2009-12-17,22.510000228881836,24.780000686645508,1096.0799560546875,1106.800048828125,3.486999988555908,77.69000244140625
2009-12-18,21.68000030517578,24.520000457763672,1102.469970703125,1110.800048828125,3.5460000038146973,77.81999969482422
2009-12-21,20.489999771118164,23.530000686645508,1114.050048828125,1095.4000244140625,3.681999921798706,78.04000091552734
2009-12-22,19.540000915527344,22.760000228881836,1118.02001953125,1086.0,3.74399995803833,78.25
2009-12-23,19.709999084472656,22.68000030517578,1120.5899658203125,1093.300048828125,3.747999906539917,77.9000015258789
2009-12-24,19.469999313354492,22.43000030517578,1126.47998046875,1104.0999755859375,3.806999921798706,77.83999633789062
2009-12-28,19.93000030517578,22.489999771118164,1127.780029296875,1107.199951171875,3.8420000076293945,77.62999725341797
2009-12-29,20.010000228881836,22.6299991607666,1126.199951171875,1097.0,3.809000015258789,77.83000183105469
2009-12-30,19.959999084472656,22.65999984741211,1126.4200439453125,1091.5,3.7839999198913574,77.91000366210938
2009-12-31,21.68000030517578,23.889999389648438,1115.0999755859375,1095.199951171875,3.8429999351501465,77.86000061035156
2010-01-04,20.040000915527344,22.770000457763672,1132.989990234375,1117.699951171875,3.8410000801086426,77.52999877929688
2010-01-05,19.350000381469727,22.389999389648438,1136.52001953125,1118.0999755859375,3.755000114440918,77.62000274658203
2010-01-06,19.15999984741211,21.799999237060547,1137.1400146484375,1135.9000244140625,3.808000087738037,77.48999786376953
2010-01-07,19.059999465942383,21.600000381469727,1141.68994140625,1133.0999755859375,3.822000026702881,77.91000366210938
2010-01-08,18.1299991607666,21.0,1144.97998046875,1138.199951171875,3.808000087738037,77.47000122070312
2010-01-11,17.549999237060547,21.270000457763672,1146.97998046875,1150.699951171875,3.818000078201294,77.0
2010-01-12,18.25,21.790000915527344,1136.219970703125,1128.9000244140625,3.7190001010894775,76.94999694824219
2010-01-13,17.850000381469727,21.290000915527344,1145.6800537109375,1136.4000244140625,3.7829999923706055,76.8499984741211
2010-01-14,17.6299991607666,20.709999084472656,1148.4599609375,1142.5999755859375,3.7339999675750732,76.7300033569336
2010-01-15,17.90999984741211,21.479999542236328,1136.030029296875,1130.0999755859375,3.6760001182556152,77.31999969482422
2010-01-19,17.579999923706055,20.889999389648438,1150.22998046875,1139.699951171875,3.7070000171661377,77.5
2010-01-20,18.68000030517578,21.399999618530273,1138.0400390625,1112.300048828125,3.6589999198913574,78.33999633789062
2010-01-21,22.270000457763672,23.149999618530273,1116.47998046875,1102.699951171875,3.6110000610351562,78.31999969482422
2010-01-22,27.309999465942383,26.290000915527344,1091.760009765625,1089.199951171875,3.5980000495910645,78.27999877929688
2010-01-25,25.40999984741211,25.190000534057617,1096.780029296875,1095.199951171875,3.630000114440918,78.19000244140625
2010-01-26,24.549999237060547,25.170000076293945,1092.1700439453125,1097.9000244140625,3.630000114440918,78.43000030517578
2010-01-27,23.139999389648438,24.1299991607666,1097.5,1084.4000244140625,3.6440000534057617,78.68000030517578
2010-01-28,23.729999542236328,24.670000076293945,1084.530029296875,1083.5999755859375,3.6579999923706055,78.9000015258789
2010-01-29,24.6200008392334,25.3799991607666,1073.8699951171875,1083.0,3.6089999675750732,79.45999908447266
2010-02-01,22.59000015258789,23.639999389648438,1089.18994140625,1104.300048828125,3.6540000438690186,79.23999786376953
2010-02-02,21.479999542236328,22.93000030517578,1103.3199462890625,1117.4000244140625,3.634999990463257,79.01000213623047
2010-02-03,21.600000381469727,23.0,1097.280029296875,1111.4000244140625,3.703000068664551,79.37000274658203
2010-02-04,26.079999923706055,25.979999542236328,1063.1099853515625,1062.4000244140625,3.609999895095825,79.91999816894531
2010-02-05,26.110000610351562,26.0,1066.18994140625,1052.199951171875,3.5460000038146973,80.44000244140625
2010-02-08,26.510000228881836,26.43000030517578,1056.739990234375,1065.699951171875,3.5920000076293945,80.30000305175781
2010-02-09,26.0,26.040000915527344,1070.52001953125,1076.699951171875,3.632999897003174,79.86000061035156
2010-02-10,25.399999618530273,25.8700008392334,1068.1300048828125,1075.800048828125,3.694000005722046,80.02999877929688
2010-02-11,23.959999084472656,24.56999969482422,1078.469970703125,1094.199951171875,3.7330000400543213,79.98999786376953
2010-02-12,22.729999542236328,24.459999084472656,1075.510009765625,1089.5,3.693000078201294,80.31999969482422
2010-02-16,22.25,23.56999969482422,1094.8699951171875,1119.300048828125,3.6640000343322754,79.69999694824219
2010-02-17,21.719999313354492,23.290000915527344,1099.510009765625,1119.5,3.742000102996826,80.37999725341797
2010-02-18,20.6299991607666,22.780000686645508,1106.75,1118.0,3.802999973297119,80.4000015258789
2010-02-19,20.020000457763672,22.309999465942383,1109.1700439453125,1121.300048828125,3.7820000648498535,80.63999938964844
2010-02-22,19.940000534057617,21.729999542236328,1108.010009765625,1112.5999755859375,3.7990000247955322,80.51000213623047
2010-02-23,21.3700008392334,22.6200008392334,1094.5999755859375,1102.699951171875,3.690999984741211,80.8499984741211
2010-02-24,20.270000457763672,22.079999923706055,1105.239990234375,1096.5,3.694999933242798,80.8499984741211
2010-02-25,20.100000381469727,22.06999969482422,1102.93994140625,1107.800048828125,3.6419999599456787,80.79000091552734
2010-02-26,19.5,21.649999618530273,1104.489990234375,1118.300048828125,3.5950000286102295,80.36000061035156
2010-03-01,19.260000228881836,21.440000534057617,1115.7099609375,1117.800048828125,3.6059999465942383,80.66000366210938
2010-03-02,19.059999465942383,21.18000030517578,1118.31005859375,1136.9000244140625,3.614000082015991,80.5199966430664
2010-03-03,18.829999923706055,20.969999313354492,1118.7900390625,1142.699951171875,3.625,79.9800033569336
2010-03-04,18.719999313354492,21.030000686645508,1122.969970703125,1132.5999755859375,3.6059999465942383,80.55999755859375
2010-03-05,17.420000076293945,20.229999542236328,1138.699951171875,1134.800048828125,3.681999921798706,80.43000030517578
2010-03-08,17.790000915527344,20.260000228881836,1138.5,1123.5999755859375,3.7079999446868896,80.43000030517578
2010-03-09,17.920000076293945,20.15999984741211,1140.449951171875,1122.0,3.7009999752044678,80.58999633789062
2010-03-10,18.56999969482422,20.510000228881836,1145.6099853515625,1107.800048828125,3.7200000286102295,80.44999694824219
2010-03-11,18.059999465942383,20.700000762939453,1150.239990234375,1108.0,3.7200000286102295,80.31999969482422
2010-03-12,17.579999923706055,20.270000457763672,1149.989990234375,1101.5,3.7100000381469727,79.83000183105469
2010-03-15,18.0,20.719999313354492,1150.510009765625,1105.0999755859375,3.7039999961853027,80.25
2010-03-16,17.690000534057617,20.15999984741211,1159.4599609375,1122.199951171875,3.6530001163482666,79.75
2010-03-17,16.90999984741211,19.719999313354492,1166.2099609375,1124.0,3.6419999599456787,79.63999938964844
2010-03-18,16.6200008392334,19.479999542236328,1165.8299560546875,1127.4000244140625,3.671999931335449,80.22000122070312
2010-03-19,16.969999313354492,19.950000762939453,1159.9000244140625,1107.4000244140625,3.687000036239624,80.72000122070312
2010-03-22,16.8700008392334,20.110000610351562,1165.81005859375,1099.300048828125,3.6630001068115234,80.6500015258789
2010-03-23,16.350000381469727,19.68000030517578,1174.1700439453125,1103.5,3.680000066757202,80.9000015258789
2010-03-24,17.549999237060547,20.079999923706055,1167.719970703125,1088.5999755859375,3.8289999961853027,81.83999633789062
2010-03-25,18.399999618530273,20.579999923706055,1165.72998046875,1092.699951171875,3.9010000228881836,82.12000274658203
2010-03-26,17.770000457763672,20.059999465942383,1166.5899658203125,1104.199951171875,3.8550000190734863,81.68000030517578
2010-03-29,17.59000015258789,19.850000381469727,1173.219970703125,1110.300048828125,3.864000082015991,81.36000061035156
2010-03-30,17.1299991607666,19.540000915527344,1173.27001953125,1104.5,3.868000030517578,81.47000122070312
2010-03-31,17.59000015258789,19.920000076293945,1169.4300537109375,1113.300048828125,3.8329999446868896,81.06999969482422
2010-04-01,17.469999313354492,19.899999618530273,1178.0999755859375,1125.0999755859375,3.8589999675750732,80.77999877929688
2010-04-05,17.020000457763672,19.350000381469727,1187.43994140625,1132.9000244140625,3.99399995803833,81.08999633789062
2010-04-06,16.229999542236328,18.84000015258789,1189.43994140625,1135.0999755859375,3.9679999351501465,81.38999938964844
2010-04-07,16.6200008392334,19.190000534057617,1182.449951171875,1152.300048828125,3.86299991607666,81.44000244140625
2010-04-08,16.479999542236328,19.079999923706055,1186.43994140625,1152.199951171875,3.8959999084472656,81.52999877929688
2010-04-09,16.139999389648438,18.6200008392334,1194.3699951171875,1161.0999755859375,3.888000011444092,81.08999633789062
2010-04-12,15.579999923706055,18.959999084472656,1196.47998046875,1161.5999755859375,3.8459999561309814,80.55999755859375
2010-04-13,16.200000762939453,18.989999771118164,1197.300048828125,1152.800048828125,3.811000108718872,80.51000213623047
2010-04-14,15.59000015258789,18.770000457763672,1210.6500244140625,1159.0,3.8550000190734863,80.19000244140625
2010-04-15,15.890000343322754,18.899999618530273,1211.6700439453125,1159.699951171875,3.8480000495910645,80.4800033569336
2010-04-16,18.360000610351562,20.229999542236328,1192.1300048828125,1136.300048828125,3.7699999809265137,80.81999969482422
2010-04-19,17.34000015258789,19.790000915527344,1197.52001953125,1135.199951171875,3.806999921798706,81.0
2010-04-20,15.729999542236328,18.989999771118164,1207.1700439453125,1138.5999755859375,3.805000066757202,81.05000305175781
2010-04-21,16.31999969482422,19.299999237060547,1205.93994140625,1148.199951171875,3.73799991607666,81.16000366210938
2010-04-22,16.469999313354492,19.59000015258789,1208.6700439453125,1142.300048828125,3.7720000743865967,81.56999969482422
2010-04-23,16.6200008392334,19.389999389648438,1217.280029296875,1153.0999755859375,3.816999912261963,81.3499984741211
2010-04-26,17.469999313354492,19.860000610351562,1212.050048828125,1153.5,3.815000057220459,81.4800033569336
2010-04-27,22.809999465942383,22.719999313354492,1183.7099609375,1161.699951171875,3.690000057220459,82.1500015258789
2010-04-28,21.079999923706055,22.309999465942383,1191.3599853515625,1171.300048828125,3.7730000019073486,82.37999725341797
2010-04-29,18.440000534057617,20.959999084472656,1206.780029296875,1168.4000244140625,3.7279999256134033,82.0
2010-04-30,22.049999237060547,23.670000076293945,1186.68994140625,1180.0999755859375,3.6630001068115234,81.87000274658203
2010-05-03,20.190000534057617,22.579999923706055,1202.260009765625,1182.699951171875,3.7049999237060547,82.2699966430664
2010-05-04,23.84000015258789,25.06999969482422,1173.5999755859375,1168.5999755859375,3.61299991607666,83.30000305175781
2010-05-05,24.90999984741211,26.3700008392334,1165.8699951171875,1174.5999755859375,3.549999952316284,84.08000183105469
2010-05-06,32.79999923706055,26.3700008392334,1128.1500244140625,1196.9000244140625,3.3980000019073486,84.88999938964844
2010-05-07,40.95000076293945,36.619998931884766,1110.8800048828125,1210.0,3.428999900817871,84.44999694824219
2010-05-10,28.84000015258789,28.979999542236328,1159.72998046875,1200.4000244140625,3.5390000343322754,84.16000366210938
2010-05-11,28.31999969482422,28.8700008392334,1155.7900390625,1219.9000244140625,3.5350000858306885,84.47000122070312
2010-05-12,25.520000457763672,26.649999618530273,1171.6700439453125,1242.699951171875,3.566999912261963,84.83000183105469
2010-05-13,26.68000030517578,27.610000610351562,1157.43994140625,1228.800048828125,3.563999891281128,85.20999908447266
2010-05-14,31.239999771118164,30.799999237060547,1135.6800537109375,1227.4000244140625,3.441999912261963,86.0999984741211
2010-05-17,30.84000015258789,30.510000228881836,1136.93994140625,1227.699951171875,3.4719998836517334,86.20999908447266
2010-05-18,33.54999923706055,32.810001373291016,1120.800048828125,1214.300048828125,3.375999927520752,87.16000366210938
2010-05-19,35.31999969482422,34.18000030517578,1115.050048828125,1192.5999755859375,3.3589999675750732,86.38999938964844
2010-05-20,45.790000915527344,40.83000183105469,1071.5899658203125,1187.800048828125,3.2639999389648438,85.56999969482422
2010-05-21,40.099998474121094,37.400001525878906,1087.68994140625,1175.699951171875,3.200000047683716,85.37000274658203
2010-05-24,38.31999969482422,36.90999984741211,1073.6500244140625,1193.800048828125,3.2269999980926514,86.20999908447266
2010-05-25,34.61000061035156,34.900001525878906,1074.030029296875,1197.800048828125,3.1579999923706055,86.77999877929688
2010-05-26,35.02000045776367,33.95000076293945,1067.949951171875,1213.300048828125,3.2179999351501465,87.12000274658203
2010-05-27,29.68000030517578,30.639999389648438,1103.06005859375,1211.9000244140625,3.3380000591278076,86.18000030517578
2010-05-28,32.06999969482422,32.0,1089.4100341796875,1212.199951171875,3.3010001182556152,86.4800033569336
2010-06-01,35.540000915527344,34.02000045776367,1070.7099609375,1224.800048828125,3.2960000038146973,86.63999938964844
2010-06-02,30.170000076293945,30.59000015258789,1098.3800048828125,1220.5999755859375,3.3340001106262207,86.79000091552734
2010-06-03,29.459999084472656,30.239999771118164,1102.8299560546875,1208.300048828125,3.378999948501587,87.13999938964844
2010-06-04,35.47999954223633,34.369998931884766,1064.8800048828125,1216.199951171875,3.194999933242798,88.2300033569336
2010-06-07,36.56999969482422,35.29999923706055,1050.469970703125,1239.300048828125,3.184000015258789,88.4000015258789
2010-06-08,33.70000076293945,33.650001525878906,1062.0,1244.0,3.1679999828338623,88.38999938964844
2010-06-09,33.72999954223633,33.79999923706055,1055.68994140625,1228.5,3.187000036239624,87.9000015258789
2010-06-10,30.56999969482422,31.469999313354492,1086.8399658203125,1220.800048828125,3.319000005722046,87.16999816894531
2010-06-11,28.790000915527344,30.950000762939453,1091.5999755859375,1228.9000244140625,3.2160000801086426,87.51000213623047
2010-06-14,28.579999923706055,30.68000030517578,1089.6300048828125,1223.300048828125,3.2750000953674316,86.51000213623047
2010-06-15,25.8700008392334,28.450000762939453,1115.22998046875,1233.199951171875,3.309999942779541,85.9800033569336
2010-06-16,25.920000076293945,28.780000686645508,1114.6099853515625,1229.300048828125,3.2820000648498535,86.08000183105469
2010-06-17,25.049999237060547,28.209999084472656,1116.0400390625,1247.5,3.190000057220459,85.69000244140625
2010-06-18,23.950000762939453,27.959999084472656,1117.510009765625,1257.199951171875,3.2230000495910645,85.69999694824219
2010-06-21,24.8799991607666,27.540000915527344,1113.199951171875,1239.699951171875,3.243000030517578,85.93000030517578
2010-06-22,27.049999237060547,29.09000015258789,1095.31005859375,1239.9000244140625,3.1659998893737793,86.11000061035156
2010-06-23,26.90999984741211,29.260000228881836,1092.0400390625,1234.0999755859375,3.115000009536743,85.73999786376953
2010-06-24,29.739999771118164,31.360000610351562,1073.68994140625,1245.5,3.122999906539917,85.7300033569336
2010-06-25,28.530000686645508,30.700000762939453,1076.760009765625,1255.800048828125,3.11299991607666,85.30999755859375
2010-06-28,29.0,30.959999084472656,1074.5699462890625,1238.199951171875,3.0320000648498535,85.6500015258789
2010-06-29,34.130001068115234,34.380001068115234,1041.239990234375,1242.0,2.9670000076293945,86.02999877929688
2010-06-30,34.540000915527344,35.22999954223633,1030.7099609375,1245.5,2.9509999752044678,86.0199966430664
2010-07-01,32.86000061035156,34.4900016784668,1027.3699951171875,1206.300048828125,2.927000045776367,84.72000122070312
2010-07-02,30.1200008392334,33.290000915527344,1022.5800170898438,1207.4000244140625,2.9790000915527344,84.43000030517578
2010-07-06,29.649999618530273,32.0099983215332,1028.06005859375,1194.800048828125,2.931999921798706,84.08000183105469
2010-07-07,26.84000015258789,29.719999313354492,1060.27001953125,1198.5999755859375,2.9800000190734863,83.81999969482422
2010-07-08,25.709999084472656,28.829999923706055,1070.25,1195.800048828125,3.0199999809265137,83.81999969482422
2010-07-09,24.979999542236328,28.170000076293945,1077.9599609375,1209.5999755859375,3.055999994277954,83.94999694824219
2010-07-12,24.43000030517578,28.389999389648438,1078.75,1198.5,3.0460000038146973,84.19999694824219
2010-07-13,24.559999465942383,28.31999969482422,1095.3399658203125,1213.300048828125,3.114000082015991,83.63999938964844
2010-07-14,24.889999389648438,28.829999923706055,1095.1700439453125,1206.800048828125,3.049999952316284,83.43000030517578
2010-07-15,25.139999389648438,29.229999542236328,1096.47998046875,1208.0999755859375,2.9779999256134033,82.55999755859375
2010-07-16,26.25,30.600000381469727,1064.8800048828125,1188.0,2.938999891281128,82.48999786376953
2010-07-19,25.969999313354492,30.079999923706055,1071.25,1181.699951171875,2.9639999866485596,82.51000213623047
2010-07-20,23.93000030517578,28.219999313354492,1083.47998046875,1191.5,2.931999921798706,82.75
2010-07-21,25.639999389648438,29.079999923706055,1069.5899658203125,1191.5999755859375,2.8919999599456787,83.38999938964844
2010-07-22,24.6299991607666,27.899999618530273,1093.6700439453125,1195.5,2.931999921798706,82.5999984741211
2010-07-23,23.469999313354492,26.989999771118164,1102.6600341796875,1187.699951171875,2.99399995803833,82.45999908447266
2010-07-26,22.729999542236328,26.440000534057617,1115.010009765625,1183.0,2.99399995803833,82.08999633789062
2010-07-27,23.190000534057617,26.3700008392334,1113.8399658203125,1158.0,3.046999931335449,82.18000030517578
2010-07-28,24.25,26.709999084472656,1106.1300048828125,1160.4000244140625,3.000999927520752,82.18000030517578
2010-07-29,24.1299991607666,27.1200008392334,1101.530029296875,1168.4000244140625,2.999000072479248,81.63999938964844
2010-07-30,23.5,27.139999389648438,1101.5999755859375,1181.699951171875,2.9070000648498535,81.54000091552734
2010-08-02,22.010000228881836,25.399999618530273,1125.8599853515625,1183.4000244140625,2.9630000591278076,80.94000244140625
2010-08-03,22.6299991607666,26.010000228881836,1120.4599609375,1185.199951171875,2.9140000343322754,80.5999984741211
2010-08-04,22.209999084472656,25.959999084472656,1127.239990234375,1193.699951171875,2.9519999027252197,80.88999938964844
2010-08-05,22.100000381469727,26.15999984741211,1125.81005859375,1197.199951171875,2.9149999618530273,80.81999969482422
2010-08-06,21.739999771118164,26.1200008392334,1121.6400146484375,1203.4000244140625,2.8239998817443848,80.41000366210938
2010-08-09,22.139999389648438,26.030000686645508,1127.7900390625,1200.699951171875,2.822000026702881,80.70999908447266
2010-08-10,22.3700008392334,26.309999465942383,1121.06005859375,1196.199951171875,2.7809998989105225,80.80000305175781
2010-08-11,25.389999389648438,28.690000534057617,1089.469970703125,1197.5,2.684999942779541,82.29000091552734
2010-08-12,25.729999542236328,29.25,1083.6099853515625,1214.800048828125,2.734999895095825,82.63999938964844
2010-08-13,26.239999771118164,29.969999313354492,1079.25,1214.9000244140625,2.687999963760376,82.94999694824219
2010-08-16,26.100000381469727,29.799999237060547,1079.3800048828125,1224.5,2.575000047683716,82.52999877929688
2010-08-17,24.329999923706055,28.56999969482422,1092.5400390625,1226.5999755859375,2.6449999809265137,82.2300033569336
2010-08-18,24.59000015258789,28.579999923706055,1094.1600341796875,1229.699951171875,2.6410000324249268,82.22000122070312
2010-08-19,26.440000534057617,29.6299991607666,1075.6300048828125,1233.800048828125,2.5789999961853027,82.44999694824219
2010-08-20,25.489999771118164,29.540000915527344,1071.68994140625,1227.199951171875,2.611999988555908,83.05999755859375
2010-08-23,25.65999984741211,29.290000915527344,1067.3599853515625,1226.9000244140625,2.6070001125335693,83.12000274658203
2010-08-24,27.459999084472656,30.309999465942383,1051.8699951171875,1231.800048828125,2.499000072479248,83.1500015258789
2010-08-25,26.700000762939453,29.850000381469727,1055.3299560546875,1239.5,2.5380001068115234,83.26000213623047
2010-08-26,27.3700008392334,30.3700008392334,1047.219970703125,1235.4000244140625,2.499000072479248,82.93000030517578
2010-08-27,24.450000762939453,28.399999618530273,1064.5899658203125,1236.0,2.6519999504089355,82.91999816894531
2010-08-30,27.209999084472656,30.010000228881836,1048.9200439453125,1237.0999755859375,2.5450000762939453,83.16000366210938
2010-08-31,26.049999237060547,29.040000915527344,1049.3299560546875,1248.300048828125,2.4769999980926514,83.19999694824219
2010-09-01,23.889999389648438,27.290000915527344,1080.2900390625,1246.300048828125,2.5820000171661377,82.5199966430664
2010-09-02,23.190000534057617,26.6200008392334,1090.0999755859375,1251.5,2.628000020980835,82.45999908447266
2010-09-03,21.309999465942383,25.309999465942383,1104.510009765625,1249.199951171875,2.7060000896453857,83.0999984741211
2010-09-07,23.799999237060547,26.770000457763672,1091.8399658203125,1257.300048828125,2.6089999675750732,82.81999969482422
2010-09-08,23.25,26.299999237060547,1098.8699951171875,1255.5999755859375,2.6540000438690186,82.58999633789062
2010-09-09,22.809999465942383,26.100000381469727,1104.1800537109375,1248.9000244140625,2.760999917984009,82.66999816894531
2010-09-10,21.989999771118164,25.59000015258789,1109.550048828125,1244.5,2.7950000762939453,82.69999694824219
2010-09-13,21.209999084472656,24.75,1121.9000244140625,1245.0999755859375,2.740999937057495,81.91000366210938
2010-09-14,21.559999465942383,24.739999771118164,1121.0999755859375,1269.699951171875,2.6659998893737793,81.08000183105469
2010-09-15,22.100000381469727,24.93000030517578,1125.0699462890625,1266.699951171875,2.7230000495910645,81.48999786376953
2010-09-16,21.719999313354492,24.959999084472656,1124.6600341796875,1271.9000244140625,2.759000062942505,81.23999786376953
2010-09-17,22.010000228881836,25.1200008392334,1125.5899658203125,1275.5999755859375,2.746000051498413,81.4000015258789
2010-09-20,21.5,24.59000015258789,1142.7099609375,1279.0,2.7060000896453857,81.33999633789062
2010-09-21,22.350000381469727,24.940000534057617,1139.780029296875,1272.4000244140625,2.5940001010894775,80.44000244140625
2010-09-22,22.510000228881836,25.15999984741211,1134.280029296875,1290.199951171875,2.5480000972747803,79.83000183105469
2010-09-23,23.8700008392334,26.15999984741211,1124.8299560546875,1294.300048828125,2.555000066757202,80.01000213623047
2010-09-24,21.709999084472656,24.75,1148.6700439453125,1296.0,2.611999988555908,79.38999938964844
2010-09-27,22.540000915527344,25.200000762939453,1142.1600341796875,1296.699951171875,2.5169999599456787,79.33999633789062
2010-09-28,22.600000381469727,25.34000015258789,1147.699951171875,1306.5999755859375,2.4560000896453857,79.01000213623047
2010-09-29,23.25,25.90999984741211,1144.72998046875,1308.5,2.50600004196167,78.69000244140625
2010-09-30,23.700000762939453,26.399999618530273,1141.199951171875,1307.800048828125,2.5169999599456787,78.72000122070312
2010-10-01,22.5,25.700000762939453,1146.239990234375,1316.0999755859375,2.5260000228881836,78.08999633789062
2010-10-04,23.530000686645508,26.31999969482422,1137.030029296875,1315.4000244140625,2.4790000915527344,78.44999694824219
2010-10-05,21.760000228881836,25.079999923706055,1160.75,1338.9000244140625,2.4739999771118164,77.75
2010-10-06,21.489999771118164,24.90999984741211,1159.969970703125,1346.4000244140625,2.3989999294281006,77.38999938964844
2010-10-07,21.559999465942383,24.889999389648438,1158.06005859375,1333.9000244140625,2.3959999084472656,77.38999938964844
2010-10-08,20.709999084472656,24.059999465942383,1165.1500244140625,1344.199951171875,2.38100004196167,77.31999969482422
2010-10-11,18.959999084472656,23.979999542236328,1165.3199462890625,1353.300048828125,2.38100004196167,77.44000244140625
2010-10-12,18.93000030517578,23.3700008392334,1169.77001953125,1345.699951171875,2.421999931335449,77.36000061035156
2010-10-13,19.06999969482422,22.979999542236328,1178.0999755859375,1369.5,2.430999994277954,77.06999969482422
2010-10-14,19.8799991607666,23.559999465942383,1173.81005859375,1376.699951171875,2.494999885559082,76.6500015258789
2010-10-15,19.030000686645508,23.200000762939453,1176.18994140625,1371.0999755859375,2.5759999752044678,77.04000091552734
2010-10-18,19.09000015258789,22.799999237060547,1184.7099609375,1371.199951171875,2.490999937057495,76.93000030517578
2010-10-19,20.6299991607666,23.59000015258789,1165.9000244140625,1335.0999755859375,2.4749999046325684,78.18000030517578
2010-10-20,19.790000915527344,22.65999984741211,1178.1700439453125,1343.300048828125,2.4700000286102295,77.16999816894531
2010-10-21,19.270000457763672,22.219999313354492,1180.260009765625,1324.699951171875,2.5309998989105225,77.41999816894531
2010-10-22,18.780000686645508,21.649999618530273,1183.0799560546875,1324.4000244140625,2.562999963760376,77.47000122070312
2010-10-25,19.850000381469727,21.90999984741211,1185.6199951171875,1338.300048828125,2.553999900817871,77.0999984741211
2010-10-26,20.219999313354492,22.200000762939453,1185.6400146484375,1338.0,2.635999917984009,77.70999908447266
2010-10-27,20.709999084472656,22.600000381469727,1182.449951171875,1322.199951171875,2.7119998931884766,78.1500015258789
2010-10-28,20.8799991607666,22.809999465942383,1183.780029296875,1342.0999755859375,2.6610000133514404,77.30999755859375
2010-10-29,21.200000762939453,22.950000762939453,1183.260009765625,1357.0999755859375,2.611999988555908,77.2699966430664
2010-11-01,21.829999923706055,23.290000915527344,1184.3800048828125,1350.199951171875,2.628000020980835,77.30000305175781
2010-11-02,21.56999969482422,23.020000457763672,1193.5699462890625,1356.4000244140625,2.5940001010894775,76.72000122070312
2010-11-03,19.559999465942383,21.649999618530273,1197.9599609375,1337.0999755859375,2.61899995803833,76.4800033569336
2010-11-04,18.520000457763672,20.56999969482422,1221.06005859375,1382.699951171875,2.4839999675750732,75.87999725341797
2010-11-05,18.260000228881836,20.65999984741211,1225.8499755859375,1397.300048828125,2.5360000133514404,76.55000305175781
2010-11-08,18.290000915527344,20.729999542236328,1223.25,1402.800048828125,2.562999963760376,77.02999877929688
2010-11-09,19.079999923706055,21.530000686645508,1213.4000244140625,1409.800048828125,2.6589999198913574,77.44000244140625
2010-11-10,18.469999313354492,21.280000686645508,1218.7099609375,1399.0999755859375,2.6480000019073486,77.62999725341797
2010-11-11,18.639999389648438,21.469999313354492,1213.5400390625,1403.0999755859375,2.6480000019073486,78.22000122070312
2010-11-12,20.610000610351562,22.93000030517578,1199.2099609375,1365.4000244140625,2.75600004196167,78.08000183105469
2010-11-15,20.200000762939453,22.809999465942383,1197.75,1368.4000244140625,2.9110000133514404,78.5199966430664
2010-11-16,22.579999923706055,24.079999923706055,1178.3399658203125,1338.300048828125,2.8469998836517334,79.20999908447266
2010-11-17,21.760000228881836,23.829999923706055,1178.5899658203125,1336.800048828125,2.864000082015991,79.08000183105469
2010-11-18,18.75,22.43000030517578,1196.68994140625,1352.9000244140625,2.9019999504089355,78.62000274658203
2010-11-19,18.040000915527344,21.399999618530273,1199.72998046875,1352.199951171875,2.875,78.5
2010-11-22,18.3700008392334,21.329999923706055,1197.8399658203125,1357.699951171875,2.812999963760376,78.68000030517578
2010-11-23,20.6299991607666,22.59000015258789,1180.72998046875,1377.5,2.76200008392334,79.68000030517578
2010-11-24,19.559999465942383,21.809999465942383,1198.3499755859375,1372.9000244140625,2.9140000343322754,79.87000274658203
2010-11-26,22.219999313354492,21.809999465942383,1189.4000244140625,1362.300048828125,2.864000082015991,80.36000061035156
2010-11-29,21.530000686645508,23.350000381469727,1187.760009765625,1366.0,2.822000026702881,80.83999633789062
2010-11-30,23.540000915527344,25.190000534057617,1180.550048828125,1385.0,2.796999931335449,81.19999694824219
2010-12-01,21.360000610351562,23.989999771118164,1206.0699462890625,1387.300048828125,2.9639999866485596,80.70999908447266
2010-12-02,19.389999389648438,21.989999771118164,1221.530029296875,1388.5,3.0,80.30000305175781
2010-12-03,18.010000228881836,21.0,1224.7099609375,1405.4000244140625,3.0169999599456787,79.37999725341797
2010-12-06,18.020000457763672,21.040000915527344,1223.1199951171875,1415.300048828125,2.940999984741211,79.56999969482422
2010-12-07,17.989999771118164,20.969999313354492,1223.75,1408.300048828125,3.1649999618530273,79.86000061035156
2010-12-08,17.739999771118164,20.3799991607666,1228.280029296875,1382.5,3.2360000610351562,80.0
2010-12-09,17.25,19.979999542236328,1233.0,1392.0999755859375,3.2230000495910645,80.06999969482422
2010-12-10,17.610000610351562,19.84000015258789,1240.4000244140625,1384.300048828125,3.2960000038146973,80.06999969482422
2010-12-13,17.549999237060547,20.459999084472656,1240.4599609375,1397.300048828125,3.2829999923706055,79.27999877929688
2010-12-14,17.610000610351562,20.389999389648438,1241.5899658203125,1403.5999755859375,3.4549999237060547,79.37000274658203
2010-12-15,17.940000534057617,20.739999771118164,1235.22998046875,1385.5,3.5199999809265137,80.26000213623047
2010-12-16,17.389999389648438,20.81999969482422,1242.8699951171875,1370.4000244140625,3.4769999980926514,80.18000030517578
2010-12-17,16.110000610351562,20.290000915527344,1243.9100341796875,1378.5999755859375,3.3299999237060547,80.37000274658203
2010-12-20,16.40999984741211,20.100000381469727,1247.0799560546875,1385.5,3.3489999771118164,80.62999725341797
2010-12-21,16.489999771118164,19.90999984741211,1254.5999755859375,1388.199951171875,3.3259999752044678,80.72000122070312
2010-12-22,15.449999809265137,19.56999969482422,1258.8399658203125,1386.800048828125,3.3459999561309814,80.7300033569336
2010-12-23,16.469999313354492,20.440000534057617,1256.77001953125,1380.0,3.3929998874664307,80.5
2010-12-27,17.670000076293945,21.040000915527344,1257.5400390625,1382.4000244140625,3.3510000705718994,80.37000274658203
2010-12-28,17.520000457763672,21.18000030517578,1258.510009765625,1405.199951171875,3.4809999465942383,80.36000061035156
2010-12-29,17.280000686645508,20.84000015258789,1259.780029296875,1413.0999755859375,3.3410000801086426,79.80000305175781
2010-12-30,17.520000457763672,21.010000228881836,1257.8800048828125,1405.5999755859375,3.36899995803833,79.5199966430664
2010-12-31,17.75,20.899999618530273,1257.6400146484375,1421.0999755859375,3.305000066757202,79.02999877929688
2011-01-03,17.610000610351562,20.6200008392334,1271.8699951171875,1422.5999755859375,3.3420000076293945,79.12999725341797
2011-01-04,17.3799991607666,20.610000610351562,1270.199951171875,1378.5,3.3459999561309814,79.44000244140625
2011-01-05,17.020000457763672,20.049999237060547,1276.56005859375,1373.4000244140625,3.4830000400543213,80.26000213623047
2011-01-06,17.399999618530273,20.350000381469727,1273.8499755859375,1371.4000244140625,3.4189999103546143,80.79000091552734
2011-01-07,17.139999389648438,20.290000915527344,1271.5,1368.5,3.328000068664551,81.01000213623047
2011-01-10,17.540000915527344,20.479999542236328,1269.75,1373.699951171875,3.303999900817871,80.87999725341797
2011-01-11,16.889999389648438,20.139999389648438,1274.47998046875,1384.0,3.3410000801086426,80.8499984741211
2011-01-12,16.239999771118164,19.229999542236328,1285.9599609375,1385.699951171875,3.3550000190734863,80.02999877929688
2011-01-13,16.389999389648438,19.200000762939453,1283.760009765625,1386.9000244140625,3.3010001182556152,79.19000244140625
2011-01-14,15.460000038146973,18.3700008392334,1293.239990234375,1360.4000244140625,3.3329999446868896,79.16000366210938
2011-01-18,15.869999885559082,18.3799991607666,1295.02001953125,1368.0999755859375,3.364000082015991,78.95999908447266
2011-01-19,17.309999465942383,19.639999389648438,1281.9200439453125,1370.199951171875,3.3369998931884766,78.63999938964844
2011-01-20,17.989999771118164,19.899999618530273,1280.260009765625,1346.5,3.4590001106262207,78.81999969482422
2011-01-21,18.469999313354492,19.969999313354492,1283.3499755859375,1341.0,3.4159998893737793,78.20999908447266
2011-01-24,17.649999618530273,19.579999923706055,1290.8399658203125,1344.5,3.4079999923706055,78.05000305175781
2011-01-25,17.59000015258789,19.34000015258789,1291.1800537109375,1332.300048828125,3.319000005722046,78.0
2011-01-26,16.639999389648438,18.81999969482422,1296.6300048828125,1333.0,3.427999973297119,77.9000015258789
2011-01-27,16.149999618530273,18.479999542236328,1299.5400390625,1318.4000244140625,3.384999990463257,77.7300033569336
2011-01-28,20.040000915527344,20.59000015258789,1276.3399658203125,1340.699951171875,3.3289999961853027,78.12999725341797
2011-01-31,19.530000686645508,20.149999618530273,1286.1199951171875,1333.800048828125,3.378000020980835,77.73999786376953
2011-02-01,17.6299991607666,18.969999313354492,1307.5899658203125,1339.5999755859375,3.443000078201294,77.06999969482422
2011-02-02,17.299999237060547,19.09000015258789,1304.030029296875,1331.5,3.489000082015991,77.16000366210938
2011-02-03,16.690000534057617,18.920000076293945,1307.0999755859375,1352.300048828125,3.5409998893737793,77.75
2011-02-04,15.930000305175781,18.329999923706055,1310.8699951171875,1348.300048828125,3.6519999504089355,78.04000091552734
2011-02-07,16.280000686645508,18.260000228881836,1319.050048828125,1347.5999755859375,3.6440000534057617,78.02999877929688
2011-02-08,15.8100004196167,17.850000381469727,1324.5699462890625,1363.4000244140625,3.7249999046325684,78.0
2011-02-09,15.869999885559082,17.860000610351562,1320.8800048828125,1364.800048828125,3.6419999599456787,77.63999938964844
2011-02-10,16.09000015258789,18.100000381469727,1321.8699951171875,1361.9000244140625,3.7079999446868896,78.25
2011-02-11,15.6899995803833,17.860000610351562,1329.1500244140625,1359.9000244140625,3.6459999084472656,78.45999908447266
2011-02-14,15.949999809265137,17.940000534057617,1332.3199462890625,1364.5999755859375,3.614000082015991,78.61000061035156
2011-02-15,16.3700008392334,18.270000457763672,1328.010009765625,1373.5999755859375,3.615999937057495,78.56999969482422
2011-02-16,16.719999313354492,18.31999969482422,1336.3199462890625,1374.699951171875,3.621000051498413,78.22000122070312
2011-02-17,16.59000015258789,18.6299991607666,1340.4300537109375,1384.699951171875,3.5739998817443848,78.0
2011-02-18,16.43000030517578,18.899999618530273,1343.010009765625,1388.199951171875,3.5889999866485596,77.66000366210938
2011-02-22,20.799999237060547,21.31999969482422,1315.43994140625,1400.5,3.4609999656677246,77.7699966430664
2011-02-23,22.1299991607666,22.469999313354492,1307.4000244140625,1413.4000244140625,3.486999988555908,77.41000366210938
2011-02-24,21.31999969482422,22.260000228881836,1306.0999755859375,1415.300048828125,3.437999963760376,77.05999755859375
2011-02-25,19.219999313354492,20.56999969482422,1319.8800048828125,1408.699951171875,3.424999952316284,77.27999877929688
2011-02-28,18.350000381469727,20.0,1327.219970703125,1409.300048828125,3.4140000343322754,76.88999938964844
2011-03-01,21.010000228881836,21.899999618530273,1306.3299560546875,1430.699951171875,3.4140000343322754,77.05000305175781
2011-03-02,20.700000762939453,21.68000030517578,1308.43994140625,1437.199951171875,3.4639999866485596,76.66999816894531
2011-03-03,18.600000381469727,20.440000534057617,1330.969970703125,1416.0,3.572000026702881,76.4800033569336
2011-03-04,19.059999465942383,20.799999237060547,1321.1500244140625,1428.199951171875,3.492000102996826,76.4000015258789
2011-03-07,20.65999984741211,21.850000381469727,1310.1300048828125,1434.0999755859375,3.496999979019165,76.5
2011-03-08,19.81999969482422,21.450000762939453,1321.8199462890625,1426.9000244140625,3.5439999103546143,76.80000305175781
2011-03-09,20.219999313354492,21.81999969482422,1320.02001953125,1429.300048828125,3.4690001010894775,76.72000122070312
2011-03-10,21.8799991607666,22.760000228881836,1295.1099853515625,1412.199951171875,3.3929998874664307,77.27999877929688
2011-03-11,20.079999923706055,21.8700008392334,1304.280029296875,1421.5,3.3929998874664307,76.77999877929688
2011-03-14,21.1299991607666,22.489999771118164,1296.3900146484375,1424.5999755859375,3.3469998836517334,76.3499984741211
2011-03-15,24.31999969482422,24.030000686645508,1281.8699951171875,1392.5999755859375,3.322999954223633,76.33000183105469
2011-03-16,29.399999618530273,26.90999984741211,1256.8800048828125,1396.0,3.2119998931884766,76.68000030517578
2011-03-17,26.3700008392334,25.440000534057617,1273.719970703125,1404.0,3.247999906539917,76.04000091552734
2011-03-18,24.440000534057617,24.34000015258789,1279.2099609375,1415.9000244140625,3.2769999504089355,75.72000122070312
2011-03-21,20.610000610351562,21.950000762939453,1298.3800048828125,1426.199951171875,3.322999954223633,75.4000015258789
2011-03-22,20.209999084472656,21.700000762939453,1293.77001953125,1427.5,3.3320000171661377,75.43000030517578
2011-03-23,19.170000076293945,20.93000030517578,1297.5400390625,1437.9000244140625,3.3480000495910645,75.79000091552734
2011-03-24,18.0,20.079999923706055,1309.6600341796875,1434.800048828125,3.4040000438690186,75.66000366210938
2011-03-25,17.90999984741211,20.030000686645508,1313.800048828125,1426.0999755859375,3.444000005722046,76.22000122070312
2011-03-28,19.440000534057617,20.860000610351562,1310.18994140625,1419.800048828125,3.447999954223633,76.12999725341797
2011-03-29,18.15999984741211,19.969999313354492,1319.43994140625,1416.0,3.490999937057495,76.25
2011-03-30,17.709999084472656,19.75,1328.260009765625,1423.800048828125,3.4549999237060547,76.12000274658203
2011-03-31,17.739999771118164,19.84000015258789,1325.8299560546875,1438.9000244140625,3.4539999961853027,75.86000061035156
2011-04-01,17.399999618530273,19.59000015258789,1332.4100341796875,1428.0999755859375,3.4509999752044678,75.83000183105469
2011-04-04,17.5,19.389999389648438,1332.8699951171875,1432.199951171875,3.430999994277954,75.91000366210938
2011-04-05,17.25,19.399999618530273,1332.6300048828125,1451.800048828125,3.486999988555908,75.87999725341797
2011-04-06,16.899999618530273,19.3799991607666,1335.5400390625,1457.699951171875,3.5450000762939453,75.51000213623047
2011-04-07,17.110000610351562,19.5,1333.510009765625,1458.5,3.555000066757202,75.58999633789062
2011-04-08,17.8700008392334,20.049999237060547,1328.1700439453125,1473.4000244140625,3.569999933242798,75.06999969482422
2011-04-11,16.59000015258789,20.010000228881836,1324.4599609375,1467.4000244140625,3.569999933242798,75.05999755859375
2011-04-12,17.09000015258789,20.329999923706055,1314.1600341796875,1452.9000244140625,3.5,74.8499984741211
2011-04-13,16.920000076293945,19.989999771118164,1314.4100341796875,1454.9000244140625,3.4660000801086426,74.9800033569336
2011-04-14,16.270000457763672,19.959999084472656,1314.52001953125,1471.699951171875,3.484999895095825,74.68000030517578
2011-04-15,15.319999694824219,19.170000076293945,1319.6800537109375,1485.300048828125,3.4100000858306885,74.83000183105469
2011-04-18,16.959999084472656,19.920000076293945,1305.1400146484375,1492.300048828125,3.371000051498413,75.5
2011-04-19,15.829999923706055,19.18000030517578,1312.6199951171875,1494.5,3.3559999465942383,75.02999877929688
2011-04-20,15.069999694824219,18.479999542236328,1330.3599853515625,1498.300048828125,3.4000000953674316,74.37000274658203
2011-04-21,14.6899995803833,18.350000381469727,1337.3800048828125,1503.199951171875,3.4000000953674316,74.0
2011-04-25,15.770000457763672,18.549999237060547,1335.25,1508.5999755859375,3.36299991607666,73.98999786376953
2011-04-26,15.619999885559082,18.270000457763672,1347.239990234375,1503.0,3.319999933242798,73.83999633789062
2011-04-27,15.350000381469727,17.899999618530273,1355.6600341796875,1516.699951171875,3.368000030517578,73.5199966430664
2011-04-28,14.619999885559082,17.520000457763672,1360.47998046875,1530.800048828125,3.312000036239624,73.12000274658203
2011-04-29,14.75,17.5,1363.6099853515625,1556.0,3.2960000038146973,72.93000030517578
2011-05-02,15.989999771118164,18.389999389648438,1361.219970703125,1556.699951171875,3.2860000133514404,72.94999694824219
2011-05-03,16.700000762939453,19.110000610351562,1356.6199951171875,1540.0999755859375,3.255000114440918,73.13999938964844
2011-05-04,17.079999923706055,19.440000534057617,1347.3199462890625,1514.9000244140625,3.2230000495910645,73.02999877929688
2011-05-05,18.200000762939453,19.84000015258789,1335.0999755859375,1480.9000244140625,3.1679999828338623,74.19000244140625
2011-05-06,18.399999618530273,19.90999984741211,1340.199951171875,1491.199951171875,3.1570000648498535,74.83999633789062
2011-05-09,17.15999984741211,19.200000762939453,1346.2900390625,1502.9000244140625,3.1419999599456787,74.73999786376953
2011-05-10,15.90999984741211,18.3700008392334,1357.1600341796875,1516.5999755859375,3.194999933242798,74.61000061035156
2011-05-11,16.950000762939453,19.049999237060547,1342.0799560546875,1501.0999755859375,3.1570000648498535,75.33000183105469
2011-05-12,16.030000686645508,18.440000534057617,1348.6500244140625,1506.5999755859375,3.2300000190734863,75.23999786376953
2011-05-13,17.06999969482422,19.06999969482422,1337.77001953125,1493.4000244140625,3.187000036239624,75.76000213623047
2011-05-16,18.239999771118164,19.8700008392334,1329.469970703125,1490.4000244140625,3.1489999294281006,75.47000122070312
2011-05-17,17.549999237060547,19.450000762939453,1328.97998046875,1479.800048828125,3.121000051498413,75.4000015258789
2011-05-18,16.229999542236328,18.530000686645508,1340.6800537109375,1495.5999755859375,3.1710000038146973,75.47000122070312
2011-05-19,15.520000457763672,18.170000076293945,1343.5999755859375,1492.199951171875,3.1710000038146973,75.12000274658203
2011-05-20,17.43000030517578,19.049999237060547,1333.27001953125,1508.800048828125,3.1519999504089355,75.43000030517578
2011-05-23,18.270000457763672,19.790000915527344,1317.3699951171875,1515.300048828125,3.134000062942505,76.0999984741211
2011-05-24,17.81999969482422,19.170000076293945,1316.280029296875,1523.199951171875,3.122999906539917,75.87999725341797
2011-05-25,17.06999969482422,18.8700008392334,1320.469970703125,1526.5999755859375,3.128999948501587,75.93000030517578
2011-05-26,16.09000015258789,18.190000534057617,1325.68994140625,1522.800048828125,3.061000108718872,75.55000305175781
2011-05-27,15.979999542236328,18.1299991607666,1331.0999755859375,1536.300048828125,3.063999891281128,74.94999694824219
2011-05-31,15.449999809265137,17.559999465942383,1345.199951171875,1535.9000244140625,3.049999952316284,74.63999938964844
2011-06-01,18.299999237060547,19.360000610351562,1314.550048828125,1542.4000244140625,2.9660000801086426,74.68000030517578
2011-06-02,18.09000015258789,19.31999969482422,1312.93994140625,1532.0,3.0299999713897705,74.33000183105469
2011-06-03,17.950000762939453,19.469999313354492,1300.1600341796875,1541.699951171875,2.996999979019165,73.77999877929688
2011-06-06,18.489999771118164,19.959999084472656,1286.1700439453125,1546.5,3.002000093460083,73.94999694824219
2011-06-07,18.06999969482422,19.5,1284.93994140625,1543.300048828125,3.010999917984009,73.5199966430664
2011-06-08,18.790000915527344,19.950000762939453,1279.56005859375,1538.0999755859375,2.9619998931884766,73.93000030517578
2011-06-09,17.770000457763672,19.260000228881836,1289.0,1542.0999755859375,2.997999906539917,74.19000244140625
2011-06-10,18.860000610351562,20.110000610351562,1270.97998046875,1528.5999755859375,2.9709999561309814,74.79000091552734
2011-06-13,19.610000610351562,20.440000534057617,1271.8299560546875,1515.0,2.990999937057495,74.51000213623047
2011-06-14,18.260000228881836,19.43000030517578,1287.8699951171875,1523.800048828125,3.0989999771118164,74.33000183105469
2011-06-15,21.31999969482422,21.3799991607666,1265.4200439453125,1525.5999755859375,2.9730000495910645,75.5999984741211
2011-06-16,22.729999542236328,22.610000610351562,1267.6400146484375,1529.300048828125,2.9089999198913574,75.75
2011-06-17,21.850000381469727,22.440000534057617,1271.5,1538.5999755859375,2.944000005722046,74.98999786376953
2011-06-20,19.989999771118164,21.219999313354492,1278.3599853515625,1541.5,2.9630000591278076,75.02999877929688
2011-06-21,18.860000610351562,20.5,1295.52001953125,1546.0,2.984999895095825,74.54000091552734
2011-06-22,18.520000457763672,20.719999313354492,1287.1400146484375,1552.9000244140625,2.993000030517578,74.77999877929688
2011-06-23,19.290000915527344,20.93000030517578,1283.5,1520.0999755859375,2.9089999198913574,75.44999694824219
2011-06-24,21.100000381469727,21.920000076293945,1268.449951171875,1500.5,2.871000051498413,75.66999816894531
2011-06-27,20.559999465942383,21.5,1280.0999755859375,1496.0,2.927000045776367,75.38999938964844
2011-06-28,19.170000076293945,20.520000457763672,1296.6700439453125,1499.699951171875,3.0450000762939453,75.05999755859375
2011-06-29,17.270000457763672,19.420000076293945,1307.4100341796875,1509.9000244140625,3.1080000400543213,74.69000244140625
2011-06-30,16.520000457763672,18.90999984741211,1320.6400146484375,1502.300048828125,3.1579999923706055,74.30000305175781
2011-07-01,15.869999885559082,17.93000030517578,1339.6700439453125,1482.300048828125,3.197000026702881,74.3499984741211
2011-07-05,16.059999465942383,18.110000610351562,1337.8800048828125,1512.300048828125,3.135999917984009,74.69000244140625
2011-07-06,16.34000015258789,18.40999984741211,1339.219970703125,1528.699951171875,3.0950000286102295,75.12000274658203
2011-07-07,15.949999809265137,17.770000457763672,1353.219970703125,1530.199951171875,3.1489999294281006,74.95999908447266
2011-07-08,15.949999809265137,17.959999084472656,1343.800048828125,1541.199951171875,3.0160000324249268,75.18000030517578
2011-07-11,18.389999389648438,19.979999542236328,1319.489990234375,1548.800048828125,2.9170000553131104,75.98999786376953
2011-07-12,19.8700008392334,20.93000030517578,1313.6400146484375,1561.9000244140625,2.9079999923706055,75.80999755859375
2011-07-13,19.90999984741211,20.850000381469727,1317.719970703125,1585.199951171875,2.8910000324249268,75.20999908447266
2011-07-14,20.799999237060547,21.59000015258789,1308.8699951171875,1589.0,2.944000005722046,75.25
2011-07-15,19.530000686645508,20.940000534057617,1316.1400146484375,1589.800048828125,2.9079999923706055,75.12999725341797
2011-07-18,20.950000762939453,21.84000015258789,1305.43994140625,1602.0999755859375,2.9089999198913574,75.4800033569336
2011-07-19,19.209999084472656,20.5,1326.72998046875,1600.9000244140625,2.8910000324249268,75.22000122070312
2011-07-20,19.09000015258789,20.3700008392334,1325.8399658203125,1596.699951171875,2.933000087738037,74.79000091552734
2011-07-21,17.559999465942383,19.200000762939453,1343.800048828125,1586.800048828125,3.009999990463257,74.0199966430664
2011-07-22,17.520000457763672,19.200000762939453,1345.02001953125,1601.300048828125,2.9639999866485596,74.19999694824219
2011-07-25,19.350000381469727,20.260000228881836,1337.4300537109375,1612.0,3.003999948501587,74.05999755859375
2011-07-26,20.229999542236328,20.889999389648438,1331.93994140625,1616.5999755859375,2.9509999752044678,73.47000122070312
2011-07-27,22.979999542236328,22.690000534057617,1304.8900146484375,1615.0,2.9800000190734863,74.08999633789062
2011-07-28,23.739999771118164,22.950000762939453,1300.6700439453125,1613.4000244140625,2.9509999752044678,74.22000122070312
2011-07-29,25.25,22.90999984741211,1292.280029296875,1628.300048828125,2.805000066757202,73.9000015258789
2011-08-01,23.65999984741211,22.3799991607666,1286.93994140625,1619.0,2.740000009536743,74.26000213623047
2011-08-02,24.790000915527344,23.600000381469727,1254.050048828125,1641.9000244140625,2.624000072479248,74.51000213623047
2011-08-03,23.3799991607666,23.1200008392334,1260.3399658203125,1663.4000244140625,2.5989999771118164,74.04000091552734
2011-08-04,31.65999984741211,28.559999465942383,1200.0699462890625,1656.199951171875,2.4579999446868896,75.12000274658203
2011-08-05,32.0,29.59000015258789,1199.3800048828125,1648.800048828125,2.558000087738037,74.5999984741211
2011-08-08,48.0,38.099998474121094,1119.4599609375,1710.199951171875,2.3389999866485596,74.79000091552734
2011-08-09,35.060001373291016,31.06999969482422,1172.530029296875,1740.0,2.181999921798706,74.61000061035156
2011-08-10,42.9900016784668,36.58000183105469,1120.760009765625,1781.300048828125,2.13700008392334,74.63999938964844
2011-08-11,39.0,33.81999969482422,1172.6400146484375,1748.800048828125,2.3359999656677246,74.68000030517578
2011-08-12,36.36000061035156,32.75,1178.81005859375,1740.199951171875,2.236999988555908,74.61000061035156
2011-08-15,31.8700008392334,30.079999923706055,1204.489990234375,1755.5,2.2850000858306885,73.83999633789062
2011-08-16,32.849998474121094,30.440000534057617,1192.760009765625,1782.4000244140625,2.2139999866485596,74.01000213623047
2011-08-17,31.579999923706055,30.030000686645508,1193.8900146484375,1791.199951171875,2.1649999618530273,73.66999816894531
2011-08-18,42.66999816894531,36.599998474121094,1140.6500244140625,1818.9000244140625,2.0829999446868896,74.23999786376953
2011-08-19,43.04999923706055,37.900001525878906,1123.530029296875,1848.9000244140625,2.071000099182129,73.98999786376953
2011-08-22,42.439998626708984,38.2599983215332,1123.8199462890625,1888.699951171875,2.0880000591278076,74.06999969482422
2011-08-23,36.27000045776367,34.790000915527344,1162.3499755859375,1858.300048828125,2.13700008392334,73.87000274658203
2011-08-24,35.900001525878906,34.79999923706055,1177.5999755859375,1754.0999755859375,2.259999990463257,74.01000213623047
2011-08-25,39.7599983215332,36.61000061035156,1159.27001953125,1759.800048828125,2.2219998836517334,74.27999877929688
2011-08-26,35.59000015258789,34.40999984741211,1176.800048828125,1794.0999755859375,2.187999963760376,73.80999755859375
2011-08-29,32.279998779296875,31.979999542236328,1210.0799560546875,1788.4000244140625,2.2709999084472656,73.72000122070312
2011-08-30,32.88999938964844,32.470001220703125,1212.9200439453125,1826.699951171875,2.1760001182556152,73.94000244140625
2011-08-31,31.6200008392334,31.670000076293945,1218.8900146484375,1828.5,2.2179999351501465,74.12999725341797
2011-09-01,31.81999969482422,31.989999771118164,1204.4200439453125,1826.0,2.1459999084472656,74.4800033569336
2011-09-02,33.91999816894531,33.790000915527344,1173.969970703125,1873.699951171875,1.996000051498413,74.75
2011-09-06,37.0,35.380001068115234,1165.239990234375,1869.9000244140625,1.9789999723434448,75.91999816894531
2011-09-07,33.380001068115234,32.959999084472656,1198.6199951171875,1814.199951171875,2.0360000133514404,75.45999908447266
2011-09-08,34.31999969482422,33.709999084472656,1185.9000244140625,1854.4000244140625,1.9859999418258667,76.23999786376953
2011-09-09,38.52000045776367,36.63999938964844,1154.22998046875,1856.4000244140625,1.9149999618530273,77.19000244140625
2011-09-12,38.59000015258789,37.060001373291016,1162.27001953125,1809.9000244140625,1.9299999475479126,77.56999969482422
2011-09-13,36.90999984741211,36.060001373291016,1172.8699951171875,1826.800048828125,1.99399995803833,76.91000366210938
2011-09-14,34.599998474121094,34.959999084472656,1188.6800537109375,1823.5,2.010999917984009,76.83000183105469
2011-09-15,31.969999313354492,33.52000045776367,1209.1099853515625,1778.5,2.0850000381469727,76.23999786376953
2011-09-16,30.979999542236328,32.95000076293945,1216.010009765625,1812.0999755859375,2.0759999752044678,76.58000183105469
2011-09-19,32.72999954223633,33.810001373291016,1204.0899658203125,1776.4000244140625,1.940000057220459,77.38999938964844
2011-09-20,32.86000061035156,33.619998931884766,1202.0899658203125,1806.5999755859375,1.9470000267028809,77.02999877929688
2011-09-21,37.31999969482422,36.189998626708984,1166.760009765625,1805.5,1.875,77.33999633789062
2011-09-22,41.349998474121094,39.150001525878906,1129.56005859375,1739.199951171875,1.715000033378601,78.37999725341797
2011-09-23,41.25,39.54999923706055,1136.4300537109375,1637.5,1.8079999685287476,78.30000305175781
2011-09-26,39.02000045776367,38.029998779296875,1162.949951171875,1592.5,1.9040000438690186,78.36000061035156
2011-09-27,37.709999084472656,37.209999084472656,1175.3800048828125,1650.5999755859375,2.0160000324249268,77.51000213623047
2011-09-28,41.08000183105469,39.52000045776367,1151.06005859375,1616.300048828125,2.002000093460083,77.8499984741211
2011-09-29,38.84000015258789,38.18000030517578,1160.4000244140625,1615.5,1.9570000171661377,77.91999816894531
2011-09-30,42.959999084472656,41.2400016784668,1131.4200439453125,1620.4000244140625,1.9240000247955322,78.55000305175781
2011-10-03,45.45000076293945,43.380001068115234,1099.22998046875,1656.0,1.784999966621399,79.44999694824219
2011-10-04,40.81999969482422,40.45000076293945,1123.949951171875,1614.699951171875,1.781000018119812,79.5999984741211
2011-10-05,37.810001373291016,38.310001373291016,1144.030029296875,1640.300048828125,1.9049999713897705,78.91000366210938
2011-10-06,36.27000045776367,37.040000915527344,1164.969970703125,1651.9000244140625,1.9859999418258667,78.52999877929688
2011-10-07,36.20000076293945,37.310001373291016,1155.4599609375,1634.5,2.068000078201294,78.72000122070312
2011-10-10,33.02000045776367,34.790000915527344,1194.8900146484375,1669.5999755859375,2.0759999752044678,77.5999984741211
2011-10-11,32.86000061035156,34.060001373291016,1195.5400390625,1659.699951171875,2.1600000858306885,77.58000183105469
2011-10-12,31.260000228881836,32.970001220703125,1207.25,1681.300048828125,2.2260000705718994,76.98999786376953
2011-10-13,30.700000762939453,32.709999084472656,1203.6600341796875,1667.300048828125,2.1689999103546143,76.98999786376953
2011-10-14,28.239999771118164,30.389999389648438,1224.5799560546875,1681.800048828125,2.2320001125335693,76.62000274658203
2011-10-17,33.38999938964844,33.599998474121094,1200.8599853515625,1675.5,2.1549999713897705,77.13999938964844
2011-10-18,31.559999465942383,31.979999542236328,1225.3800048828125,1651.699951171875,2.1510000228881836,77.12999725341797
2011-10-19,34.439998626708984,34.38999938964844,1209.8800048828125,1646.0,2.1589999198913574,77.11000061035156
2011-10-20,34.779998779296875,34.20000076293945,1215.3900146484375,1611.9000244140625,2.180000066757202,76.97000122070312
2011-10-21,31.31999969482422,31.969999313354492,1238.25,1635.0999755859375,2.203000068664551,76.30000305175781
2011-10-24,29.260000228881836,30.469999313354492,1254.18994140625,1651.5,2.2339999675750732,76.0199966430664
2011-10-25,32.220001220703125,32.36000061035156,1229.050048828125,1699.5999755859375,2.128000020980835,76.25
2011-10-26,29.860000610351562,30.940000534057617,1242.0,1722.699951171875,2.203000068664551,76.19999694824219
2011-10-27,25.459999084472656,27.030000686645508,1284.5899658203125,1746.699951171875,2.3949999809265137,74.87000274658203
2011-10-28,24.530000686645508,26.520000457763672,1285.0899658203125,1746.199951171875,2.305999994277954,75.08999633789062
2011-10-31,29.959999084472656,30.3700008392334,1253.300048828125,1724.199951171875,2.174999952316284,76.16999816894531
2011-11-01,34.77000045776367,34.02000045776367,1218.280029296875,1711.0,2.000999927520752,77.26000213623047
2011-11-02,32.7400016784668,32.880001068115234,1237.9000244140625,1728.699951171875,2.00600004196167,77.01000213623047
2011-11-03,30.5,31.6200008392334,1261.1500244140625,1764.199951171875,2.065999984741211,76.66999816894531
2011-11-04,30.15999984741211,31.229999542236328,1253.22998046875,1755.300048828125,2.049999952316284,76.91000366210938
2011-11-07,29.850000381469727,31.3799991607666,1261.1199951171875,1790.300048828125,1.99399995803833,76.95999908447266
2011-11-08,27.479999542236328,29.520000457763672,1275.9200439453125,1798.4000244140625,2.065000057220459,76.66999816894531
2011-11-09,36.15999984741211,35.4900016784668,1229.0999755859375,1790.9000244140625,1.9550000429153442,77.93000030517578
2011-11-10,32.810001373291016,33.75,1239.699951171875,1758.9000244140625,2.055999994277954,77.63999938964844
2011-11-11,30.040000915527344,31.600000381469727,1263.8499755859375,1787.5,2.055999994277954,76.94000244140625
2011-11-14,31.1299991607666,32.720001220703125,1251.780029296875,1777.800048828125,2.0429999828338623,77.55999755859375
2011-11-15,31.219999313354492,32.52000045776367,1257.81005859375,1781.699951171875,2.056999921798706,77.87999725341797
2011-11-16,33.5099983215332,34.38999938964844,1236.9100341796875,1773.800048828125,2.0239999294281006,78.16000366210938
2011-11-17,34.5099983215332,35.31999969482422,1216.1300048828125,1719.800048828125,1.9579999446868896,78.29000091552734
2011-11-18,32.0,34.20000076293945,1215.6500244140625,1724.699951171875,2.01200008392334,78.0199966430664
2011-11-21,32.90999984741211,34.779998779296875,1192.97998046875,1678.300048828125,1.9620000123977661,78.30000305175781
2011-11-22,31.969999313354492,34.2400016784668,1188.0400390625,1702.199951171875,1.9390000104904175,78.2300033569336
2011-11-23,33.97999954223633,35.869998931884766,1161.7900390625,1695.699951171875,1.878999948501587,79.0
2011-11-25,34.470001220703125,36.45000076293945,1158.6700439453125,1685.5,1.9670000076293945,79.61000061035156
2011-11-28,32.130001068115234,33.939998626708984,1192.550048828125,1710.800048828125,1.9579999446868896,79.29000091552734
2011-11-29,30.639999389648438,33.209999084472656,1195.18994140625,1713.4000244140625,1.996000051498413,79.0
2011-11-30,27.799999237060547,30.579999923706055,1246.9599609375,1745.5,2.068000078201294,78.38999938964844
2011-12-01,27.40999984741211,30.030000686645508,1244.5799560546875,1735.300048828125,2.117000102996826,78.31999969482422
2011-12-02,27.520000457763672,29.850000381469727,1244.280029296875,1747.0,2.0420000553131104,78.62999725341797
2011-12-05,27.84000015258789,29.899999618530273,1257.0799560546875,1730.699951171875,2.053999900817871,78.61000061035156
2011-12-06,28.1299991607666,30.15999984741211,1258.469970703125,1727.9000244140625,2.0929999351501465,78.51000213623047
2011-12-07,28.670000076293945,30.6200008392334,1261.010009765625,1740.9000244140625,2.0169999599456787,78.4800033569336
2011-12-08,30.59000015258789,32.09000015258789,1234.3499755859375,1709.800048828125,1.972000002861023,78.80999755859375
2011-12-09,26.3799991607666,29.530000686645508,1255.18994140625,1712.800048828125,2.052000045776367,78.62999725341797
2011-12-12,25.670000076293945,30.170000076293945,1236.469970703125,1664.199951171875,2.009000062942505,79.56999969482422
2011-12-13,25.40999984741211,30.170000076293945,1225.72998046875,1659.9000244140625,1.9620000123977661,80.25
2011-12-14,26.040000915527344,30.420000076293945,1211.8199462890625,1584.300048828125,1.9010000228881836,80.52999877929688
2011-12-15,25.110000610351562,29.459999084472656,1215.75,1574.5999755859375,1.9129999876022339,80.23999786376953
2011-12-16,24.290000915527344,29.030000686645508,1219.6600341796875,1595.5999755859375,1.8539999723434448,80.25
2011-12-19,24.920000076293945,28.739999771118164,1205.3499755859375,1594.4000244140625,1.812999963760376,80.25
2011-12-20,23.219999313354492,26.8700008392334,1241.300048828125,1615.5999755859375,1.9249999523162842,79.87999725341797
2011-12-21,21.43000030517578,25.559999465942383,1243.719970703125,1611.9000244140625,1.9670000076293945,80.0199966430664
2011-12-22,21.15999984741211,25.280000686645508,1254.0,1608.9000244140625,1.9509999752044678,79.91999816894531
2011-12-23,20.729999542236328,25.219999313354492,1265.3299560546875,1604.699951171875,2.0299999713897705,80.01000213623047
2011-12-27,21.90999984741211,25.540000915527344,1265.4300537109375,1594.199951171875,2.009000062942505,79.79000091552734
2011-12-28,23.520000457763672,26.75,1249.6400146484375,1562.9000244140625,1.9079999923706055,80.48999786376953
2011-12-29,22.649999618530273,26.25,1263.02001953125,1539.9000244140625,1.8969999551773071,80.4800033569336
2011-12-30,23.399999618530273,26.860000610351562,1257.5999755859375,1565.800048828125,1.871000051498413,80.16999816894531
2012-01-03,22.969999313354492,26.049999237060547,1277.06005859375,1599.699951171875,1.9600000381469727,79.61000061035156
2012-01-04,22.219999313354492,25.309999465942383,1277.300048828125,1611.9000244140625,1.9950000047683716,80.08999633789062
2012-01-05,21.479999542236328,24.700000762939453,1281.06005859375,1619.4000244140625,1.9930000305175781,80.94000244140625
2012-01-06,20.6299991607666,24.09000015258789,1277.81005859375,1616.0999755859375,1.9609999656677246,81.23999786376953
2012-01-09,21.06999969482422,24.1200008392334,1280.699951171875,1607.5,1.9600000381469727,81.05000305175781
2012-01-10,20.690000534057617,23.68000030517578,1292.0799560546875,1631.0,1.972000002861023,80.80000305175781
2012-01-11,21.049999237060547,24.110000610351562,1292.47998046875,1639.199951171875,1.9040000438690186,81.3499984741211
2012-01-12,20.469999313354492,24.040000915527344,1295.5,1647.300048828125,1.9329999685287476,80.7699966430664
2012-01-13,20.90999984741211,24.670000076293945,1289.0899658203125,1630.4000244140625,1.8530000448226929,81.43000030517578
2012-01-17,22.200000762939453,25.0,1293.6700439453125,1655.199951171875,1.850000023841858,81.18000030517578
2012-01-18,20.889999389648438,24.18000030517578,1308.0400390625,1659.5,1.8969999551773071,80.5999984741211
2012-01-19,19.8700008392334,23.649999618530273,1314.5,1654.0999755859375,1.972000002861023,80.20999908447266
2012-01-20,18.280000686645508,22.81999969482422,1315.3800048828125,1663.699951171875,2.0280001163482666,80.22000122070312
2012-01-23,18.670000076293945,22.31999969482422,1316.0,1678.0,2.066999912261963,79.69000244140625
2012-01-24,18.90999984741211,22.030000686645508,1314.6500244140625,1664.199951171875,2.063999891281128,79.86000061035156
2012-01-25,18.309999465942383,21.360000610351562,1326.06005859375,1699.800048828125,2.006999969482422,79.56999969482422
2012-01-26,18.56999969482422,21.68000030517578,1318.4300537109375,1726.300048828125,1.930999994277954,79.41000366210938
2012-01-27,18.530000686645508,21.399999618530273,1316.3299560546875,1731.800048828125,1.8980000019073486,78.9000015258789
2012-01-30,19.399999618530273,21.920000076293945,1313.010009765625,1731.0,1.8370000123977661,79.16000366210938
2012-01-31,19.440000534057617,22.09000015258789,1312.4100341796875,1737.800048828125,1.7990000247955322,79.27999877929688
2012-02-01,18.549999237060547,21.540000915527344,1324.0899658203125,1747.0999755859375,1.8459999561309814,78.91999816894531
2012-02-02,17.979999542236328,21.010000228881836,1325.5400390625,1756.800048828125,1.8250000476837158,78.97000122070312
2012-02-03,17.100000381469727,20.049999237060547,1344.9000244140625,1737.9000244140625,1.9490000009536743,78.94000244140625
2012-02-06,17.760000228881836,20.389999389648438,1344.3299560546875,1722.800048828125,1.9010000228881836,79.08999633789062
2012-02-07,17.649999618530273,20.139999389648438,1347.050048828125,1746.4000244140625,1.965999960899353,78.56999969482422
2012-02-08,18.15999984741211,20.68000030517578,1349.9599609375,1729.300048828125,1.975000023841858,78.63999938964844
2012-02-09,18.6299991607666,21.34000015258789,1351.949951171875,1739.0,2.046999931335449,78.55999755859375
2012-02-10,20.790000915527344,23.280000686645508,1342.6400146484375,1723.300048828125,1.968999981880188,79.11000061035156
2012-02-13,19.040000915527344,22.1200008392334,1351.77001953125,1723.0,1.9900000095367432,78.94000244140625
2012-02-14,19.540000915527344,22.81999969482422,1350.5,1715.9000244140625,1.9240000247955322,79.58000183105469
2012-02-15,21.139999389648438,24.1200008392334,1343.22998046875,1726.300048828125,1.930999994277954,79.66999816894531
2012-02-16,19.219999313354492,23.170000076293945,1358.0400390625,1726.800048828125,1.9930000305175781,79.33999633789062
2012-02-17,17.780000686645508,22.389999389648438,1361.22998046875,1724.5,2.009999990463257,79.33000183105469
2012-02-21,18.190000534057617,22.350000381469727,1362.2099609375,1757.0999755859375,2.0450000762939453,79.04000091552734
2012-02-22,18.190000534057617,22.09000015258789,1357.6600341796875,1770.0,2.005000114440918,79.20999908447266
2012-02-23,16.799999237060547,20.780000686645508,1363.4599609375,1784.9000244140625,1.9839999675750732,78.80999755859375
2012-02-24,17.309999465942383,21.18000030517578,1365.739990234375,1775.0999755859375,1.9769999980926514,78.3499984741211
2012-02-27,18.190000534057617,21.8700008392334,1367.5899658203125,1773.5999755859375,1.9220000505447388,78.55999755859375
2012-02-28,17.959999084472656,21.600000381469727,1372.1800537109375,1787.0,1.9290000200271606,78.2699966430664
2012-02-29,18.43000030517578,21.799999237060547,1365.6800537109375,1709.9000244140625,1.9769999980926514,78.7300033569336
2012-03-01,17.260000228881836,21.030000686645508,1374.0899658203125,1721.0999755859375,2.0369999408721924,78.77999877929688
2012-03-02,17.290000915527344,21.260000228881836,1369.6300048828125,1708.800048828125,1.9859999418258667,79.4000015258789
2012-03-05,18.049999237060547,21.989999771118164,1364.3299560546875,1703.0,2.005000114440918,79.31999969482422
2012-03-06,20.8700008392334,23.899999618530273,1343.3599853515625,1671.4000244140625,1.944000005722046,79.86000061035156
2012-03-07,19.06999969482422,22.719999313354492,1352.6300048828125,1683.300048828125,1.972000002861023,79.70999908447266
2012-03-08,17.950000762939453,21.84000015258789,1365.9100341796875,1698.0999755859375,2.0139999389648438,79.16000366210938
2012-03-09,17.110000610351562,21.219999313354492,1370.8699951171875,1710.9000244140625,2.0380001068115234,80.04000091552734
2012-03-12,15.640000343322754,20.809999465942383,1371.0899658203125,1699.199951171875,2.0309998989105225,79.87000274658203
2012-03-13,14.800000190734863,19.600000381469727,1395.949951171875,1693.699951171875,2.1070001125335693,80.19000244140625
2012-03-14,15.3100004196167,20.75,1394.280029296875,1642.5,2.2739999294281006,80.55999755859375
2012-03-15,15.420000076293945,20.540000915527344,1402.5999755859375,1659.0999755859375,2.2809998989105225,80.1500015258789
2012-03-16,14.470000267028809,20.3700008392334,1404.1700439453125,1655.5,2.2980000972747803,79.77999877929688
2012-03-19,15.039999961853027,19.940000534057617,1409.75,1666.9000244140625,2.378999948501587,79.44999694824219
2012-03-20,15.579999923706055,19.959999084472656,1405.52001953125,1646.699951171875,2.371999979019165,79.58999633789062
2012-03-21,15.130000114440918,19.25,1402.8900146484375,1650.0,2.2939999103546143,79.62999725341797
2012-03-22,15.569999694824219,19.549999237060547,1392.780029296875,1642.300048828125,2.2750000953674316,79.73999786376953
2012-03-23,14.819999694824219,18.639999389648438,1397.1099853515625,1662.300048828125,2.236999988555908,79.33999633789062
2012-03-26,14.260000228881836,17.43000030517578,1416.510009765625,1685.5,2.24399995803833,78.93000030517578
2012-03-27,15.59000015258789,18.56999969482422,1412.52001953125,1684.800048828125,2.187000036239624,79.04000091552734
2012-03-28,15.470000267028809,18.790000915527344,1405.5400390625,1657.9000244140625,2.196000099182129,79.16000366210938
2012-03-29,15.479999542236328,18.84000015258789,1403.280029296875,1652.199951171875,2.1589999198913574,79.18000030517578
2012-03-30,15.5,18.610000610351562,1408.469970703125,1669.300048828125,2.2160000801086426,78.93000030517578
2012-04-02,15.640000343322754,18.459999084472656,1419.0400390625,1677.5,2.193000078201294,78.81999969482422
2012-04-03,15.65999984741211,18.809999465942383,1413.3800048828125,1670.0,2.2839999198913574,79.4800033569336
2012-04-04,16.440000534057617,19.450000762939453,1398.9599609375,1612.300048828125,2.243000030517578,79.76000213623047
2012-04-05,16.700000762939453,19.81999969482422,1398.0799560546875,1628.5,2.174999952316284,80.06999969482422
2012-04-09,18.809999465942383,21.209999084472656,1382.199951171875,1642.5,2.0369999408721924,79.7300033569336
2012-04-10,20.389999389648438,22.6200008392334,1358.5899658203125,1659.5,1.9880000352859497,79.88999938964844
2012-04-11,20.020000457763672,22.469999313354492,1368.7099609375,1659.0,2.0280001163482666,79.77999877929688
2012-04-12,17.200000762939453,20.25,1387.5699462890625,1679.5,2.0490000247955322,79.27999877929688
2012-04-13,19.549999237060547,21.989999771118164,1370.260009765625,1659.0999755859375,1.9980000257492065,79.87999725341797
2012-04-16,19.549999237060547,22.040000915527344,1369.5699462890625,1648.699951171875,1.9739999771118164,79.55000305175781
2012-04-17,18.459999084472656,20.850000381469727,1390.780029296875,1650.300048828125,2.009000062942505,79.47000122070312
2012-04-18,18.639999389648438,21.1200008392334,1385.1400146484375,1638.800048828125,1.9819999933242798,79.52999877929688
2012-04-19,18.360000610351562,21.229999542236328,1376.9200439453125,1640.5999755859375,1.9520000219345093,79.55999755859375
2012-04-20,17.440000534057617,20.479999542236328,1378.530029296875,1642.0999755859375,1.9700000286102295,79.18000030517578
2012-04-23,18.969999313354492,21.389999389648438,1366.93994140625,1631.9000244140625,1.9329999685287476,79.41999816894531
2012-04-24,18.100000381469727,20.510000228881836,1371.969970703125,1643.0,1.9609999656677246,79.22000122070312
2012-04-25,16.81999969482422,19.459999084472656,1390.68994140625,1641.4000244140625,1.9839999675750732,79.01000213623047
2012-04-26,16.239999771118164,18.549999237060547,1399.97998046875,1659.5999755859375,1.9589999914169312,78.91000366210938
2012-04-27,16.31999969482422,18.739999771118164,1403.3599853515625,1664.0,1.9329999685287476,78.69999694824219
2012-04-30,17.149999618530273,19.31999969482422,1397.9100341796875,1663.4000244140625,1.9149999618530273,78.79000091552734
2012-05-01,16.600000381469727,19.1299991607666,1405.8199462890625,1661.699951171875,1.9559999704360962,78.86000061035156
2012-05-02,16.8799991607666,19.010000228881836,1402.31005859375,1653.4000244140625,1.9220000505447388,79.12999725341797
2012-05-03,17.559999465942383,19.5,1391.5699462890625,1634.199951171875,1.9240000247955322,79.22000122070312
2012-05-04,19.15999984741211,20.719999313354492,1369.0999755859375,1644.699951171875,1.8799999952316284,79.47000122070312
2012-05-07,18.940000534057617,20.450000762939453,1369.5799560546875,1638.5999755859375,1.8769999742507935,79.5999984741211
2012-05-08,19.049999237060547,20.809999465942383,1363.719970703125,1604.0,1.8370000123977661,79.7300033569336
2012-05-09,20.079999923706055,21.530000686645508,1354.5799560546875,1593.699951171875,1.8350000381469727,80.08000183105469
2012-05-10,18.829999923706055,20.8700008392334,1357.989990234375,1595.0999755859375,1.8839999437332153,80.11000061035156
2012-05-11,19.889999389648438,21.549999237060547,1353.3900146484375,1583.5999755859375,1.840999960899353,80.27999877929688
2012-05-14,21.8700008392334,22.969999313354492,1338.3499755859375,1560.5999755859375,1.7879999876022339,80.5999984741211
2012-05-15,21.969999313354492,23.920000076293945,1330.6600341796875,1556.800048828125,1.7769999504089355,81.22000122070312
2012-05-16,22.270000457763672,24.920000076293945,1324.800048828125,1536.199951171875,1.7649999856948853,81.37000274658203
2012-05-17,24.489999771118164,26.40999984741211,1304.8599853515625,1574.5,1.7020000219345093,81.37999725341797
2012-05-18,25.100000381469727,27.65999984741211,1295.219970703125,1591.5999755859375,1.7020000219345093,81.29000091552734
2012-05-21,22.010000228881836,24.709999084472656,1315.989990234375,1588.4000244140625,1.7350000143051147,81.08000183105469
2012-05-22,22.479999542236328,25.229999542236328,1316.6300048828125,1576.300048828125,1.7929999828338623,81.66999816894531
2012-05-23,22.329999923706055,25.110000610351562,1318.8599853515625,1548.0999755859375,1.7209999561309814,82.08999633789062
2012-05-24,21.540000915527344,24.780000686645508,1320.6800537109375,1557.300048828125,1.7589999437332153,82.29000091552734
2012-05-25,21.760000228881836,24.93000030517578,1317.8199462890625,1568.800048828125,1.7450000047683716,82.4000015258789
2012-05-29,21.030000686645508,23.889999389648438,1332.4200439453125,1548.5999755859375,1.7309999465942383,82.44000244140625
2012-05-30,24.139999389648438,26.190000534057617,1313.3199462890625,1563.4000244140625,1.625,83.01000213623047
2012-05-31,24.059999465942383,26.219999313354492,1310.3299560546875,1562.5999755859375,1.5809999704360962,83.04000091552734
2012-06-01,26.65999984741211,28.469999313354492,1278.0400390625,1620.5,1.4670000076293945,82.88999938964844
2012-06-04,26.1200008392334,28.1200008392334,1278.1800537109375,1612.199951171875,1.5269999504089355,82.55000305175781
2012-06-05,24.68000030517578,26.8700008392334,1285.5,1615.199951171875,1.555999994277954,82.80000305175781
2012-06-06,22.15999984741211,24.709999084472656,1315.1300048828125,1632.800048828125,1.6510000228881836,82.31999969482422
2012-06-07,21.719999313354492,24.469999313354492,1314.989990234375,1586.5999755859375,1.6540000438690186,82.05000305175781
2012-06-08,21.229999542236328,23.639999389648438,1325.6600341796875,1590.0999755859375,1.6369999647140503,82.51000213623047
2012-06-11,23.559999465942383,25.5,1308.9300537109375,1595.5,1.600000023841858,82.51000213623047
2012-06-12,22.09000015258789,24.940000534057617,1324.1800537109375,1612.699951171875,1.6610000133514404,82.41000366210938
2012-06-13,24.270000457763672,26.5,1314.8800048828125,1618.0999755859375,1.5989999771118164,82.05000305175781
2012-06-14,21.68000030517578,25.0,1329.0999755859375,1618.4000244140625,1.6109999418258667,81.9000015258789
2012-06-15,21.110000610351562,23.670000076293945,1342.8399658203125,1627.0,1.5870000123977661,81.58999633789062
2012-06-18,18.31999969482422,22.1299991607666,1344.780029296875,1625.699951171875,1.5839999914169312,81.94000244140625
2012-06-19,18.3799991607666,21.920000076293945,1357.97998046875,1622.199951171875,1.6200000047683716,81.37000274658203
2012-06-20,17.239999771118164,20.84000015258789,1355.68994140625,1614.800048828125,1.6419999599456787,81.48999786376953
2012-06-21,20.079999923706055,23.15999984741211,1325.510009765625,1564.5,1.6180000305175781,82.31999969482422
2012-06-22,18.110000610351562,21.510000228881836,1335.02001953125,1566.0,1.6720000505447388,82.22000122070312
2012-06-25,20.3799991607666,23.030000686645508,1313.719970703125,1587.5,1.6080000400543213,82.45999908447266
2012-06-26,19.719999313354492,22.469999313354492,1319.989990234375,1574.0,1.628000020980835,82.37000274658203
2012-06-27,19.450000762939453,22.360000610351562,1331.8499755859375,1577.5,1.621000051498413,82.55999755859375
2012-06-28,19.709999084472656,22.25,1329.0400390625,1549.699951171875,1.5770000219345093,82.66999816894531
2012-06-29,17.079999923706055,20.31999969482422,1362.1600341796875,1603.5,1.659000039100647,81.6500015258789
2012-07-02,16.799999237060547,19.790000915527344,1365.510009765625,1597.199951171875,1.5800000429153442,81.87000274658203
2012-07-03,16.65999984741211,19.31999969482422,1374.02001953125,1621.300048828125,1.63100004196167,81.77999877929688
2012-07-05,17.5,20.110000610351562,1367.5799560546875,1608.9000244140625,1.597000002861023,82.80999755859375
2012-07-06,17.100000381469727,20.040000915527344,1354.6800537109375,1578.4000244140625,1.5440000295639038,83.29000091552734
2012-07-09,17.979999542236328,20.3700008392334,1352.4599609375,1588.5999755859375,1.5130000114440918,83.16000366210938
2012-07-10,18.719999313354492,20.8700008392334,1341.469970703125,1579.300048828125,1.4980000257492065,83.36000061035156
2012-07-11,17.950000762939453,20.25,1341.449951171875,1575.199951171875,1.4980000257492065,83.56999969482422
2012-07-12,18.329999923706055,20.690000534057617,1334.760009765625,1564.9000244140625,1.4789999723434448,83.6500015258789
2012-07-13,16.739999771118164,19.389999389648438,1356.780029296875,1591.5999755859375,1.4989999532699585,83.30000305175781
2012-07-16,17.110000610351562,19.610000610351562,1353.6400146484375,1591.199951171875,1.4639999866485596,83.08999633789062
2012-07-17,16.479999542236328,18.920000076293945,1363.6700439453125,1589.0999755859375,1.5010000467300415,83.02999877929688
2012-07-18,16.15999984741211,18.940000534057617,1372.780029296875,1570.4000244140625,1.4789999723434448,82.94999694824219
2012-07-19,15.449999809265137,18.610000610351562,1376.510009765625,1580.0999755859375,1.5149999856948853,82.9000015258789
2012-07-20,16.270000457763672,19.639999389648438,1362.6600341796875,1582.5,1.4600000381469727,83.47000122070312
2012-07-23,18.6200008392334,21.18000030517578,1350.52001953125,1577.0999755859375,1.434999942779541,83.70999908447266
2012-07-24,20.469999313354492,22.260000228881836,1338.31005859375,1576.0,1.4040000438690186,84.01000213623047
2012-07-25,19.34000015258789,21.8799991607666,1337.8900146484375,1608.0,1.406000018119812,83.5199966430664
2012-07-26,17.530000686645508,20.239999771118164,1360.02001953125,1615.0,1.4279999732971191,82.80999755859375
2012-07-27,16.700000762939453,19.65999984741211,1385.969970703125,1617.9000244140625,1.5549999475479126,82.70999908447266
2012-07-30,18.030000686645508,20.1299991607666,1385.300048828125,1619.699951171875,1.503999948501587,82.79000091552734
2012-07-31,18.93000030517578,20.780000686645508,1379.3199462890625,1610.5,1.4919999837875366,82.63999938964844
2012-08-01,18.959999084472656,20.670000076293945,1375.3199462890625,1603.699951171875,1.5390000343322754,83.05999755859375
2012-08-02,17.56999969482422,20.229999542236328,1365.0,1587.4000244140625,1.4780000448226929,83.33000183105469
2012-08-03,15.640000343322754,18.68000030517578,1390.989990234375,1606.0,1.5770000219345093,82.37999725341797
2012-08-06,15.949999809265137,18.739999771118164,1394.22998046875,1612.9000244140625,1.5579999685287476,82.2699966430664
2012-08-07,15.989999771118164,18.809999465942383,1401.3499755859375,1609.699951171875,1.628000020980835,82.20999908447266
2012-08-08,15.319999694824219,18.579999923706055,1402.219970703125,1612.9000244140625,1.6399999856948853,82.38999938964844
2012-08-09,15.279999732971191,18.229999542236328,1402.800048828125,1617.0999755859375,1.687999963760376,82.63999938964844
2012-08-10,14.739999771118164,18.139999389648438,1405.8699951171875,1619.699951171875,1.6490000486373901,82.55000305175781
2012-08-13,13.699999809265137,18.06999969482422,1404.1099853515625,1609.5999755859375,1.6540000438690186,82.44000244140625
2012-08-14,14.850000381469727,18.510000228881836,1403.9300537109375,1599.4000244140625,1.7259999513626099,82.4800033569336
2012-08-15,14.630000114440918,18.860000610351562,1405.530029296875,1603.699951171875,1.8049999475479126,82.6500015258789
2012-08-16,14.289999961853027,18.549999237060547,1415.510009765625,1616.0999755859375,1.8359999656677246,82.36000061035156
2012-08-17,13.449999809265137,18.350000381469727,1418.1600341796875,1616.300048828125,1.815999984741211,82.5999984741211
2012-08-20,14.020000457763672,18.59000015258789,1418.1300048828125,1620.0999755859375,1.8140000104904175,82.45999908447266
2012-08-21,15.020000457763672,18.799999237060547,1413.1700439453125,1639.9000244140625,1.8049999475479126,81.91000366210938
2012-08-22,15.109999656677246,19.420000076293945,1413.489990234375,1637.4000244140625,1.718999981880188,81.48999786376953
2012-08-23,15.960000038146973,20.09000015258789,1402.0799560546875,1669.5999755859375,1.6660000085830688,81.36000061035156
2012-08-24,15.180000305175781,19.239999771118164,1411.1300048828125,1669.800048828125,1.6779999732971191,81.58999633789062
2012-08-27,16.350000381469727,19.920000076293945,1410.43994140625,1672.4000244140625,1.6490000486373901,81.66000366210938
2012-08-28,16.489999771118164,19.81999969482422,1409.300048828125,1666.5,1.6299999952316284,81.37000274658203
2012-08-29,17.059999465942383,20.459999084472656,1410.489990234375,1659.800048828125,1.6540000438690186,81.55000305175781
2012-08-30,17.829999923706055,20.920000076293945,1399.47998046875,1653.5,1.6200000047683716,81.68000030517578
2012-08-31,17.469999313354492,20.6200008392334,1406.5799560546875,1684.5999755859375,1.562000036239624,81.25
2012-09-04,17.979999542236328,20.68000030517578,1404.93994140625,1692.9000244140625,1.5809999704360962,81.31999969482422
2012-09-05,17.739999771118164,19.989999771118164,1403.43994140625,1690.800048828125,1.593999981880188,81.23999786376953
2012-09-06,15.600000381469727,18.6200008392334,1432.1199951171875,1702.5999755859375,1.6729999780654907,81.08000183105469
2012-09-07,14.380000114440918,17.59000015258789,1437.9200439453125,1737.5,1.6610000133514404,80.25
2012-09-10,16.280000686645508,18.299999237060547,1429.0799560546875,1728.699951171875,1.6829999685287476,80.36000061035156
2012-09-11,16.40999984741211,18.290000915527344,1433.56005859375,1731.800048828125,1.6950000524520874,79.86000061035156
2012-09-12,15.800000190734863,17.600000381469727,1436.56005859375,1730.5999755859375,1.7649999856948853,79.73999786376953
2012-09-13,14.050000190734863,16.450000762939453,1459.989990234375,1769.0999755859375,1.75600004196167,79.26000213623047
2012-09-14,14.510000228881836,16.899999618530273,1465.77001953125,1769.800048828125,1.8700000047683716,78.8499984741211
2012-09-17,14.59000015258789,17.1299991607666,1461.18994140625,1767.699951171875,1.8380000591278076,79.01000213623047
2012-09-18,14.180000305175781,16.6299991607666,1459.3199462890625,1768.4000244140625,1.812000036239624,79.25
2012-09-19,13.880000114440918,16.489999771118164,1461.050048828125,1769.0,1.781999945640564,79.05999755859375
2012-09-20,14.069999694824219,16.75,1460.260009765625,1767.699951171875,1.7769999504089355,79.41000366210938
2012-09-21,13.979999542236328,16.790000915527344,1460.1500244140625,1775.5,1.7599999904632568,79.33000183105469
2012-09-24,14.149999618530273,16.59000015258789,1456.8900146484375,1762.0999755859375,1.718000054359436,79.5199966430664
2012-09-25,15.430000305175781,17.600000381469727,1441.5899658203125,1763.800048828125,1.6820000410079956,79.55000305175781
2012-09-26,16.809999465942383,18.5,1433.3199462890625,1750.5999755859375,1.6180000305175781,79.88999938964844
2012-09-27,14.84000015258789,17.06999969482422,1447.1500244140625,1777.5999755859375,1.6399999856948853,79.55000305175781
2012-09-28,15.729999542236328,17.610000610351562,1440.6700439453125,1771.0999755859375,1.6369999647140503,79.94000244140625
2012-10-01,16.31999969482422,17.920000076293945,1444.489990234375,1780.5,1.625,79.81999969482422
2012-10-02,15.710000038146973,17.739999771118164,1445.75,1772.699951171875,1.6150000095367432,79.73999786376953
2012-10-03,15.430000305175781,17.579999923706055,1450.989990234375,1777.300048828125,1.6230000257492065,79.97000122070312
2012-10-04,14.550000190734863,17.059999465942383,1461.4000244140625,1794.0999755859375,1.6649999618530273,79.3499984741211
2012-10-05,14.329999923706055,16.93000030517578,1460.9300537109375,1778.5999755859375,1.7319999933242798,79.33999633789062
2012-10-08,15.109999656677246,17.360000610351562,1455.8800048828125,1773.5,1.746000051498413,79.54000091552734
2012-10-09,16.3700008392334,18.010000228881836,1441.47998046875,1763.0,1.7200000286102295,79.94999694824219
2012-10-10,16.290000915527344,18.1299991607666,1432.56005859375,1763.199951171875,1.690999984741211,79.91999816894531
2012-10-11,15.59000015258789,17.56999969482422,1432.8399658203125,1768.800048828125,1.6749999523162842,79.77999877929688
2012-10-12,16.139999389648438,17.739999771118164,1428.5899658203125,1758.0,1.6629999876022339,79.69000244140625
2012-10-15,15.270000457763672,17.110000610351562,1440.1300048828125,1736.0,1.6629999876022339,79.73999786376953
2012-10-16,15.220000267028809,16.969999313354492,1454.9200439453125,1744.699951171875,1.7200000286102295,79.37000274658203
2012-10-17,15.069999694824219,16.610000610351562,1460.9100341796875,1751.5,1.8109999895095825,79.0199966430664
2012-10-18,15.029999732971191,16.579999923706055,1457.3399658203125,1743.300048828125,1.8259999752044678,79.37000274658203
2012-10-19,17.059999465942383,18.1200008392334,1433.18994140625,1722.800048828125,1.7680000066757202,79.63999938964844
2012-10-22,16.6200008392334,17.8700008392334,1433.8199462890625,1725.0999755859375,1.7979999780654907,79.6500015258789
2012-10-23,18.829999923706055,19.450000762939453,1413.1099853515625,1708.300048828125,1.7640000581741333,79.9800033569336
2012-10-24,18.329999923706055,19.270000457763672,1408.75,1700.5,1.774999976158142,79.97000122070312
2012-10-25,18.1200008392334,19.110000610351562,1412.969970703125,1712.0,1.8279999494552612,80.04000091552734
2012-10-26,17.809999465942383,19.020000457763672,1411.93994140625,1710.9000244140625,1.75,80.06999969482422
2012-10-31,18.600000381469727,19.309999465942383,1412.1600341796875,1717.5,1.6859999895095825,79.91999816894531
2012-11-01,16.690000534057617,17.729999542236328,1427.5899658203125,1714.0999755859375,1.715000033378601,80.05000305175781
2012-11-02,17.59000015258789,18.549999237060547,1414.199951171875,1674.0999755859375,1.7259999513626099,80.58999633789062
2012-11-05,18.420000076293945,18.969999313354492,1417.260009765625,1682.199951171875,1.684000015258789,80.75
2012-11-06,17.579999923706055,18.239999771118164,1428.3900146484375,1714.0999755859375,1.7419999837875366,80.61000061035156
2012-11-07,19.079999923706055,19.809999465942383,1394.530029296875,1713.199951171875,1.6319999694824219,80.76000213623047
2012-11-08,18.489999771118164,19.829999923706055,1377.510009765625,1725.4000244140625,1.6319999694824219,80.79000091552734
2012-11-09,18.610000610351562,20.06999969482422,1379.8499755859375,1730.300048828125,1.6130000352859497,81.02999877929688
2012-11-12,16.68000030517578,19.149999618530273,1380.030029296875,1730.300048828125,1.6109999418258667,81.04000091552734
2012-11-13,16.649999618530273,18.969999313354492,1374.530029296875,1724.199951171875,1.5889999866485596,81.08000183105469
2012-11-14,17.920000076293945,19.8700008392334,1355.489990234375,1729.5,1.5889999866485596,81.05999755859375
2012-11-15,17.989999771118164,19.790000915527344,1353.3299560546875,1713.300048828125,1.5889999866485596,81.08000183105469
2012-11-16,16.40999984741211,18.93000030517578,1359.8800048828125,1714.300048828125,1.5740000009536743,81.26000213623047
2012-11-19,15.239999771118164,17.59000015258789,1386.8900146484375,1734.0,1.6109999418258667,80.87000274658203
2012-11-20,15.079999923706055,17.280000686645508,1387.81005859375,1723.199951171875,1.656000018119812,80.95999908447266
2012-11-21,15.3100004196167,17.579999923706055,1391.030029296875,1727.9000244140625,1.687000036239624,80.93000030517578
2012-11-23,15.140000343322754,17.579999923706055,1409.1500244140625,1751.300048828125,1.6929999589920044,80.19000244140625
2012-11-26,15.5,17.309999465942383,1406.2900390625,1749.5,1.6640000343322754,80.25
2012-11-27,15.920000076293945,17.6200008392334,1398.93994140625,1742.199951171875,1.6449999809265137,80.4000015258789
2012-11-28,15.510000228881836,17.200000762939453,1409.9300537109375,1716.5,1.6169999837875366,80.33999633789062
2012-11-29,15.0600004196167,16.81999969482422,1415.949951171875,1727.199951171875,1.6200000047683716,80.19999694824219
2012-11-30,15.869999885559082,17.270000457763672,1416.1800537109375,1710.9000244140625,1.6059999465942383,80.1500015258789
2012-12-03,16.639999389648438,17.81999969482422,1409.4599609375,1719.5999755859375,1.628000020980835,79.87999725341797
2012-12-04,17.1200008392334,18.190000534057617,1407.050048828125,1694.4000244140625,1.6080000400543213,79.63999938964844
2012-12-05,16.459999084472656,17.829999923706055,1409.280029296875,1692.4000244140625,1.590999960899353,79.7699966430664
2012-12-06,16.579999923706055,17.84000015258789,1413.93994140625,1700.300048828125,1.5809999704360962,80.26000213623047
2012-12-07,15.899999618530273,17.290000915527344,1418.0699462890625,1704.0,1.6269999742507935,80.41999816894531
2012-12-10,16.049999237060547,17.350000381469727,1418.550048828125,1713.0,1.6160000562667847,80.33000183105469
2012-12-11,15.569999694824219,17.0,1427.8399658203125,1708.199951171875,1.6490000486373901,80.05999755859375
2012-12-12,15.949999809265137,17.43000030517578,1428.47998046875,1716.5999755859375,1.6970000267028809,79.88999938964844
2012-12-13,16.559999465942383,17.8799991607666,1419.449951171875,1695.5999755859375,1.7280000448226929,79.93000030517578
2012-12-14,17.0,18.030000686645508,1413.5799560546875,1695.800048828125,1.7079999446868896,79.5999984741211
2012-12-17,16.34000015258789,17.5,1430.3599853515625,1697.0,1.7630000114440918,79.56999969482422
2012-12-18,15.569999694824219,16.809999465942383,1446.7900390625,1669.5,1.8270000219345093,79.36000061035156
2012-12-19,17.360000610351562,17.860000610351562,1435.81005859375,1666.5,1.7999999523162842,79.25
2012-12-20,17.670000076293945,18.139999389648438,1443.68994140625,1644.9000244140625,1.7999999523162842,79.26000213623047
2012-12-21,17.84000015258789,18.8700008392334,1430.1500244140625,1659.0999755859375,1.753999948501587,79.62000274658203
2012-12-24,17.84000015258789,18.8700008392334,1426.6600341796875,1658.5999755859375,1.7740000486373901,79.63999938964844
2012-12-26,19.479999542236328,19.93000030517578,1419.8299560546875,1659.800048828125,1.7580000162124634,79.62000274658203
2012-12-27,19.469999313354492,19.920000076293945,1418.0999755859375,1662.5999755859375,1.715000033378601,79.62000274658203
2012-12-28,22.719999313354492,21.8799991607666,1402.4300537109375,1654.9000244140625,1.7109999656677246,79.68000030517578
2012-12-31,18.020000457763672,18.729999542236328,1426.18994140625,1674.800048828125,1.75600004196167,79.7699966430664
2013-01-02,14.680000305175781,16.690000534057617,1462.4200439453125,1687.9000244140625,1.8389999866485596,79.8499984741211
2013-01-03,14.5600004196167,16.739999771118164,1459.3699951171875,1673.699951171875,1.8990000486373901,80.43000030517578
2013-01-04,13.829999923706055,16.34000015258789,1466.469970703125,1648.0999755859375,1.9149999618530273,80.5
2013-01-07,13.789999961853027,16.450000762939453,1461.8900146484375,1645.5,1.902999997138977,80.26000213623047
2013-01-08,13.619999885559082,16.450000762939453,1457.1500244140625,1661.5,1.871000051498413,80.3499984741211
2013-01-09,13.8100004196167,16.5,1461.02001953125,1654.800048828125,1.8519999980926514,80.55999755859375
2013-01-10,13.489999771118164,16.1200008392334,1472.1199951171875,1677.300048828125,1.8940000534057617,79.73999786376953
2013-01-11,13.359999656677246,16.010000228881836,1472.050048828125,1660.0,1.875,79.55999755859375
2013-01-14,13.520000457763672,16.290000915527344,1470.6800537109375,1668.9000244140625,1.8569999933242798,79.48999786376953
2013-01-15,13.550000190734863,16.329999923706055,1472.3399658203125,1683.4000244140625,1.8309999704360962,79.77999877929688
2013-01-16,13.420000076293945,16.239999771118164,1472.6300048828125,1682.699951171875,1.8240000009536743,79.80000305175781
2013-01-17,13.569999694824219,16.079999923706055,1480.93994140625,1690.4000244140625,1.875,79.6500015258789
2013-01-18,12.460000038146973,15.289999961853027,1485.97998046875,1686.5999755859375,1.843000054359436,80.05000305175781
2013-01-22,12.430000305175781,14.720000267028809,1492.56005859375,1692.800048828125,1.8350000381469727,79.87000274658203
2013-01-23,12.460000038146973,14.5,1494.81005859375,1686.300048828125,1.8329999446868896,79.91999816894531
2013-01-24,12.6899995803833,14.670000076293945,1494.8199462890625,1669.5,1.843999981880188,79.94999694824219
2013-01-25,12.890000343322754,14.65999984741211,1502.9599609375,1656.4000244140625,1.9470000267028809,79.75
2013-01-28,13.569999694824219,15.069999694824219,1500.1800537109375,1652.4000244140625,1.9739999771118164,79.77999877929688
2013-01-29,13.3100004196167,14.739999771118164,1507.8399658203125,1660.699951171875,1.9880000352859497,79.55999755859375
2013-01-30,14.319999694824219,15.420000076293945,1501.9599609375,1679.9000244140625,2.00600004196167,79.27999877929688
2013-01-31,14.279999732971191,15.550000190734863,1498.1099853515625,1660.5999755859375,1.9850000143051147,79.20999908447266
2013-02-01,12.899999618530273,14.789999961853027,1513.1700439453125,1669.4000244140625,2.009999990463257,79.12999725341797
2013-02-04,14.670000076293945,15.789999961853027,1495.7099609375,1675.300048828125,1.9730000495910645,79.55000305175781
2013-02-05,13.720000267028809,15.300000190734863,1511.2900390625,1672.4000244140625,2.0160000324249268,79.48999786376953
2013-02-06,13.40999984741211,15.140000343322754,1512.1199951171875,1677.699951171875,1.968000054359436,79.72000122070312
2013-02-07,13.5,15.1899995803833,1509.3900146484375,1670.4000244140625,1.9509999752044678,80.19000244140625
2013-02-08,13.020000457763672,14.800000190734863,1517.9300537109375,1666.0,1.9539999961853027,80.25
2013-02-11,12.9399995803833,14.680000305175781,1517.010009765625,1648.199951171875,1.9459999799728394,80.30999755859375
2013-02-12,12.640000343322754,14.529999732971191,1519.4300537109375,1648.699951171875,1.9819999933242798,80.11000061035156
2013-02-13,12.979999542236328,14.630000114440918,1520.3299560546875,1644.199951171875,2.0190000534057617,80.08999633789062
2013-02-14,12.65999984741211,14.430000305175781,1521.3800048828125,1634.699951171875,2.0,80.45999908447266
2013-02-15,12.460000038146973,14.260000228881836,1519.7900390625,1608.800048828125,2.006999969482422,80.58000183105469
2013-02-19,12.3100004196167,13.989999771118164,1530.93994140625,1603.5999755859375,2.0260000228881836,80.47000122070312
2013-02-20,14.680000305175781,15.40999984741211,1511.949951171875,1577.5999755859375,2.0209999084472656,81.08999633789062
2013-02-21,15.220000267028809,15.710000038146973,1502.4200439453125,1578.199951171875,1.9759999513626099,81.45999908447266
2013-02-22,14.170000076293945,14.979999542236328,1515.5999755859375,1572.4000244140625,1.9670000076293945,81.4800033569336
2013-02-25,18.989999771118164,17.940000534057617,1487.8499755859375,1586.199951171875,1.8949999809265137,81.66999816894531
2013-02-26,16.8700008392334,17.25,1496.93994140625,1615.199951171875,1.878999948501587,81.87000274658203
2013-02-27,14.729999542236328,15.65999984741211,1515.989990234375,1595.199951171875,1.902999997138977,81.5999984741211
2013-02-28,15.510000228881836,16.18000030517578,1514.6800537109375,1577.699951171875,1.8880000114440918,81.9800033569336
2013-03-01,15.359999656677246,16.290000915527344,1518.199951171875,1571.9000244140625,1.8530000448226929,82.30999755859375
2013-03-04,14.010000228881836,15.420000076293945,1525.199951171875,1572.0999755859375,1.8769999742507935,82.22000122070312
2013-03-05,13.479999542236328,14.949999809265137,1539.7900390625,1574.5999755859375,1.8940000534057617,82.08999633789062
2013-03-06,13.529999732971191,15.029999732971191,1541.4599609375,1574.5999755859375,1.937999963760376,82.45999908447266
2013-03-07,13.0600004196167,14.739999771118164,1544.260009765625,1574.800048828125,1.9910000562667847,82.08000183105469
2013-03-08,12.59000015258789,14.520000457763672,1551.1800537109375,1576.5999755859375,2.055999994277954,82.69999694824219
2013-03-11,11.5600004196167,14.300000190734863,1556.219970703125,1577.800048828125,2.055999994277954,82.56999969482422
2013-03-12,12.270000457763672,14.579999923706055,1552.47998046875,1591.5,2.0230000019073486,82.58000183105469
2013-03-13,11.829999923706055,14.510000228881836,1554.52001953125,1588.300048828125,2.0209999084472656,82.88999938964844
2013-03-14,11.300000190734863,14.100000381469727,1563.22998046875,1590.5999755859375,2.0329999923706055,82.61000061035156
2013-03-15,11.300000190734863,14.260000228881836,1560.699951171875,1592.5,1.996000051498413,82.26000213623047
2013-03-18,13.359999656677246,15.390000343322754,1552.0999755859375,1604.5999755859375,1.9559999704360962,82.69000244140625
2013-03-19,14.390000343322754,15.710000038146973,1548.3399658203125,1611.300048828125,1.9079999923706055,82.98999786376953
2013-03-20,12.670000076293945,14.930000305175781,1558.7099609375,1607.5,1.937000036239624,82.77999877929688
2013-03-21,13.989999771118164,15.529999732971191,1545.800048828125,1613.800048828125,1.9320000410079956,82.80000305175781
2013-03-22,13.569999694824219,15.260000228881836,1556.8900146484375,1606.199951171875,1.9149999618530273,82.52999877929688
2013-03-25,13.739999771118164,15.300000190734863,1551.68994140625,1604.5999755859375,1.9149999618530273,82.87000274658203
2013-03-26,12.770000457763672,14.75,1563.77001953125,1595.800048828125,1.906000018119812,82.87999725341797
2013-03-27,13.149999618530273,14.930000305175781,1562.8499755859375,1606.199951171875,1.8509999513626099,83.20999908447266
2013-03-28,12.699999809265137,14.640000343322754,1569.18994140625,1594.800048828125,1.8519999980926514,82.98999786376953
2013-04-01,13.579999923706055,15.279999732971191,1562.1700439453125,1600.0,1.840000033378601,82.7300033569336
2013-04-02,12.779999732971191,14.710000038146973,1570.25,1575.0999755859375,1.8609999418258667,82.94000244140625
2013-04-03,14.210000038146973,15.489999771118164,1553.68994140625,1552.800048828125,1.812000036239624,82.72000122070312
2013-04-04,13.890000343322754,15.300000190734863,1559.97998046875,1551.800048828125,1.7589999437332153,82.68000030517578
2013-04-05,13.920000076293945,15.380000114440918,1553.280029296875,1575.4000244140625,1.694000005722046,82.5
2013-04-08,13.1899995803833,14.710000038146973,1563.0699462890625,1572.0,1.7319999933242798,82.75
2013-04-09,12.84000015258789,14.460000038146973,1568.6099853515625,1586.199951171875,1.746999979019165,82.30999755859375
2013-04-10,12.359999656677246,14.119999885559082,1587.72998046875,1558.300048828125,1.8049999475479126,82.52999877929688
2013-04-11,12.239999771118164,14.170000076293945,1593.3699951171875,1564.300048828125,1.7910000085830688,82.25
2013-04-12,12.0600004196167,14.020000457763672,1588.8499755859375,1501.0,1.7209999561309814,82.30999755859375
2013-04-15,17.270000457763672,17.030000686645508,1552.3599853515625,1360.5999755859375,1.7020000219345093,82.41999816894531
2013-04-16,13.960000038146973,15.100000381469727,1574.5699462890625,1386.800048828125,1.718999981880188,81.75
2013-04-17,16.510000228881836,16.93000030517578,1552.010009765625,1382.199951171875,1.7039999961853027,82.66000366210938
2013-04-18,17.559999465942383,17.520000457763672,1541.6099853515625,1392.0,1.684999942779541,82.55000305175781
2013-04-19,14.970000267028809,16.170000076293945,1555.25,1395.300048828125,1.7029999494552612,82.70999908447266
2013-04-22,14.390000343322754,15.65999984741211,1562.5,1421.0,1.6979999542236328,82.68000030517578
2013-04-23,13.479999542236328,14.829999923706055,1578.780029296875,1408.5999755859375,1.6979999542236328,83.02999877929688
2013-04-24,13.609999656677246,14.970000267028809,1578.7900390625,1423.4000244140625,1.6979999542236328,82.93000030517578
2013-04-25,13.619999885559082,14.960000038146973,1585.1600341796875,1461.800048828125,1.7109999656677246,82.73999786376953
2013-04-26,13.609999656677246,14.890000343322754,1582.239990234375,1453.5999755859375,1.6629999876022339,82.4800033569336
2013-04-29,13.710000038146973,14.920000076293945,1593.6099853515625,1467.4000244140625,1.6679999828338623,82.1500015258789
2013-04-30,13.520000457763672,14.779999732971191,1597.5699462890625,1472.199951171875,1.6749999523162842,81.7300033569336
2013-05-01,14.489999771118164,15.609999656677246,1582.699951171875,1446.300048828125,1.6390000581741333,81.63999938964844
2013-05-02,13.59000015258789,14.869999885559082,1597.5899658203125,1467.699951171875,1.63100004196167,82.20999908447266
2013-05-03,12.850000381469727,14.449999809265137,1614.4200439453125,1464.300048828125,1.7519999742507935,82.0999984741211
2013-05-06,12.65999984741211,14.3100004196167,1617.5,1468.0999755859375,1.7710000276565552,82.31999969482422
2013-05-07,12.829999923706055,14.350000381469727,1625.9599609375,1449.0,1.7829999923706055,82.30000305175781
2013-05-08,12.65999984741211,14.399999618530273,1632.68994140625,1473.9000244140625,1.7599999904632568,81.9000015258789
2013-05-09,13.130000114440918,14.8100004196167,1626.6700439453125,1468.800048828125,1.812999963760376,82.79000091552734
2013-05-10,12.59000015258789,14.710000038146973,1633.699951171875,1436.800048828125,1.899999976158142,83.13999938964844
2013-05-13,12.550000190734863,15.050000190734863,1633.77001953125,1434.5,1.9229999780654907,83.26000213623047
2013-05-14,12.770000457763672,14.979999542236328,1650.3399658203125,1424.699951171875,1.9520000219345093,83.56999969482422
2013-05-15,12.8100004196167,15.050000190734863,1658.780029296875,1396.5,1.9429999589920044,83.83000183105469
2013-05-16,13.069999694824219,15.449999809265137,1650.469970703125,1387.0999755859375,1.8650000095367432,83.7699966430664
2013-05-17,12.449999809265137,15.170000076293945,1667.469970703125,1364.9000244140625,1.9490000009536743,84.27999877929688
2013-05-20,13.020000457763672,15.3100004196167,1666.2900390625,1384.300048828125,1.965000033378601,83.80999755859375
2013-05-21,13.369999885559082,15.779999732971191,1669.1600341796875,1377.800048828125,1.944000005722046,83.86000061035156
2013-05-22,13.819999694824219,15.819999694824219,1655.3499755859375,1367.5999755859375,2.0260000228881836,84.25
2013-05-23,14.069999694824219,16.0,1650.510009765625,1392.0,2.0230000019073486,83.80000305175781
2013-05-24,13.989999771118164,15.920000076293945,1649.5999755859375,1386.800048828125,2.010999917984009,83.69999694824219
2013-05-28,14.479999542236328,15.869999885559082,1660.06005859375,1379.0999755859375,2.134999990463257,84.13999938964844
2013-05-29,14.829999923706055,16.149999618530273,1648.3599853515625,1391.300048828125,2.124000072479248,83.63999938964844
2013-05-30,14.529999732971191,16.010000228881836,1654.4100341796875,1411.5,2.124000072479248,83.01000213623047
2013-05-31,16.299999237060547,17.1299991607666,1630.739990234375,1392.5999755859375,2.1640000343322754,83.37999725341797
2013-06-03,16.280000686645508,17.219999313354492,1640.4200439453125,1411.699951171875,2.134000062942505,82.68000030517578
2013-06-04,16.270000457763672,17.260000228881836,1631.3800048828125,1397.0999755859375,2.13700008392334,82.7699966430664
2013-06-05,17.5,18.0,1608.9000244140625,1398.4000244140625,2.0999999046325684,82.56999969482422
2013-06-06,16.6299991607666,17.549999237060547,1622.56005859375,1415.699951171875,2.075000047683716,81.5199966430664
2013-06-07,15.140000343322754,16.719999313354492,1643.3800048828125,1383.0,2.1610000133514404,81.69000244140625
2013-06-10,15.4399995803833,16.729999542236328,1642.81005859375,1386.199951171875,2.2149999141693115,81.6500015258789
2013-06-11,17.06999969482422,17.90999984741211,1626.1300048828125,1377.0,2.194999933242798,81.05999755859375
2013-06-12,18.59000015258789,19.06999969482422,1612.52001953125,1391.800048828125,2.2300000190734863,80.95999908447266
2013-06-13,16.40999984741211,17.829999923706055,1636.3599853515625,1377.5999755859375,2.1740000247955322,80.62000274658203
2013-06-14,17.149999618530273,18.299999237060547,1626.72998046875,1387.300048828125,2.125999927520752,80.66999816894531
2013-06-17,16.799999237060547,17.989999771118164,1639.0400390625,1382.800048828125,2.1710000038146973,80.56999969482422
2013-06-18,16.610000610351562,17.75,1651.81005859375,1366.5999755859375,2.181999921798706,80.62000274658203
2013-06-19,16.639999389648438,17.780000686645508,1628.9300537109375,1373.5999755859375,2.311000108718872,81.43000030517578
2013-06-20,20.489999771118164,20.34000015258789,1588.18994140625,1285.9000244140625,2.4189999103546143,81.83999633789062
2013-06-21,18.899999618530273,19.489999771118164,1592.4300537109375,1291.5999755859375,2.5139999389648438,82.31999969482422
2013-06-24,20.110000610351562,20.729999542236328,1573.0899658203125,1276.800048828125,2.5480000972747803,82.43000030517578
2013-06-25,18.469999313354492,19.670000076293945,1588.030029296875,1274.800048828125,2.5889999866485596,82.58000183105469
2013-06-26,17.209999084472656,18.81999969482422,1603.260009765625,1229.5999755859375,2.5390000343322754,82.94999694824219
2013-06-27,16.860000610351562,18.559999465942383,1613.199951171875,1211.4000244140625,2.4830000400543213,82.91000366210938
2013-06-28,16.860000610351562,18.389999389648438,1606.280029296875,1223.800048828125,2.4779999256134033,83.16999816894531
2013-07-01,16.3700008392334,17.920000076293945,1614.9599609375,1255.9000244140625,2.490000009536743,82.9800033569336
2013-07-02,16.440000534057617,18.020000457763672,1614.0799560546875,1243.5999755859375,2.4690001010894775,83.54000091552734
2013-07-03,16.200000762939453,17.809999465942383,1615.4100341796875,1252.0999755859375,2.500999927520752,83.2300033569336
2013-07-05,14.890000343322754,16.8799991607666,1631.8900146484375,1212.9000244140625,2.7149999141693115,84.41999816894531
2013-07-08,14.779999732971191,16.40999984741211,1640.4599609375,1234.9000244140625,2.6449999809265137,84.19999694824219
2013-07-09,14.350000381469727,15.90999984741211,1652.3199462890625,1245.9000244140625,2.630000114440918,84.58000183105469
2013-07-10,14.210000038146973,15.770000457763672,1652.6199951171875,1247.4000244140625,2.680000066757202,84.04000091552734
2013-07-11,14.010000228881836,15.5,1675.02001953125,1280.0999755859375,2.5739998817443848,82.75
2013-07-12,13.84000015258789,15.649999618530273,1680.18994140625,1277.800048828125,2.6010000705718994,82.98999786376953
2013-07-15,13.789999961853027,15.619999885559082,1682.5,1283.800048828125,2.555999994277954,83.04000091552734
2013-07-16,14.420000076293945,16.010000228881836,1676.260009765625,1290.800048828125,2.5320000648498535,82.43000030517578
2013-07-17,13.779999732971191,15.5600004196167,1680.9100341796875,1277.9000244140625,2.490999937057495,82.70999908447266
2013-07-18,13.770000457763672,15.5600004196167,1689.3699951171875,1284.5999755859375,2.5339999198913574,82.81999969482422
2013-07-19,12.539999961853027,15.039999961853027,1692.0899658203125,1293.300048828125,2.490999937057495,82.58000183105469
2013-07-22,12.289999961853027,14.6899995803833,1695.530029296875,1336.4000244140625,2.48799991607666,82.22000122070312
2013-07-23,12.65999984741211,14.880000114440918,1692.3900146484375,1335.0999755859375,2.5160000324249268,82.01000213623047
2013-07-24,13.180000305175781,15.1899995803833,1685.93994140625,1319.699951171875,2.5880000591278076,82.30000305175781
2013-07-25,12.970000267028809,15.0,1690.25,1329.0,2.6070001125335693,81.97000122070312
2013-07-26,12.720000267028809,14.800000190734863,1691.6500244140625,1321.699951171875,2.561000108718872,81.62000274658203
2013-07-29,13.390000343322754,15.109999656677246,1685.3299560546875,1328.4000244140625,2.5850000381469727,81.66000366210938
2013-07-30,13.390000343322754,14.979999542236328,1685.9599609375,1324.0,2.6029999256134033,81.83000183105469
2013-07-31,13.449999809265137,14.920000076293945,1685.72998046875,1312.4000244140625,2.5929999351501465,81.44999694824219
2013-08-01,12.9399995803833,14.550000190734863,1706.8699951171875,1311.0,2.7230000495910645,82.33999633789062
2013-08-02,11.979999542236328,14.029999732971191,1709.6700439453125,1310.5999755859375,2.6019999980926514,81.91000366210938
2013-08-05,11.84000015258789,13.859999656677246,1707.1400146484375,1302.5999755859375,2.640000104904175,81.87999725341797
2013-08-06,12.720000267028809,14.5600004196167,1697.3699951171875,1283.199951171875,2.6419999599456787,81.5999984741211
2013-08-07,12.979999542236328,14.8100004196167,1690.9100341796875,1286.0999755859375,2.5999999046325684,81.29000091552734
2013-08-08,12.729999542236328,14.670000076293945,1697.47998046875,1310.699951171875,2.5869998931884766,81.01000213623047
2013-08-09,13.40999984741211,15.100000381469727,1691.4200439453125,1312.9000244140625,2.5799999237060547,81.12999725341797
2013-08-12,12.8100004196167,15.170000076293945,1689.469970703125,1334.699951171875,2.6050000190734863,81.33000183105469
2013-08-13,12.3100004196167,14.859999656677246,1694.1600341796875,1321.199951171875,2.7149999141693115,81.7300033569336
2013-08-14,13.039999961853027,15.239999771118164,1685.3900146484375,1334.0,2.7119998931884766,81.69999694824219
2013-08-15,14.729999542236328,16.239999771118164,1661.3199462890625,1361.5999755859375,2.755000114440918,81.12999725341797
2013-08-16,14.369999885559082,15.9399995803833,1655.8299560546875,1371.699951171875,2.8289999961853027,81.26000213623047
2013-08-19,15.100000381469727,16.399999618530273,1646.06005859375,1366.199951171875,2.884000062942505,81.2300033569336
2013-08-20,14.90999984741211,16.309999465942383,1652.3499755859375,1373.0999755859375,2.813999891281128,80.91000366210938
2013-08-21,15.9399995803833,16.790000915527344,1642.800048828125,1370.5999755859375,2.8550000190734863,81.31999969482422
2013-08-22,14.760000228881836,15.989999771118164,1656.9599609375,1371.199951171875,2.9010000228881836,81.48999786376953
2013-08-23,13.979999542236328,15.550000190734863,1663.5,1395.699951171875,2.818000078201294,81.33999633789062
2013-08-26,14.989999771118164,16.209999084472656,1656.780029296875,1393.0,2.805000066757202,81.37000274658203
2013-08-27,16.770000457763672,17.68000030517578,1630.47998046875,1420.5999755859375,2.7209999561309814,81.16999816894531
2013-08-28,16.489999771118164,17.6200008392334,1634.9599609375,1419.0,2.7820000648498535,81.41999816894531
2013-08-29,16.809999465942383,17.899999618530273,1638.1700439453125,1412.9000244140625,2.750999927520752,81.94999694824219
2013-08-30,17.010000228881836,18.049999237060547,1632.969970703125,1396.0999755859375,2.749000072479248,82.08999633789062
2013-09-03,16.610000610351562,17.639999389648438,1639.77001953125,1412.0,2.8480000495910645,82.36000061035156
2013-09-04,15.880000114440918,17.299999237060547,1653.0799560546875,1389.9000244140625,2.8970000743865967,82.16999816894531
2013-09-05,15.770000457763672,17.139999389648438,1655.0799560546875,1373.0999755859375,2.9790000915527344,82.62999725341797
2013-09-06,15.850000381469727,17.170000076293945,1655.1700439453125,1386.699951171875,2.937999963760376,82.1500015258789
2013-09-09,15.630000114440918,16.829999923706055,1671.7099609375,1386.800048828125,2.8970000743865967,81.79000091552734
2013-09-10,14.529999732971191,16.110000610351562,1683.989990234375,1364.0999755859375,2.9590001106262207,81.81999969482422
2013-09-11,13.819999694824219,15.609999656677246,1689.1300048828125,1363.9000244140625,2.9200000762939453,81.5199966430664
2013-09-12,14.289999961853027,15.850000381469727,1683.4200439453125,1330.4000244140625,2.9070000648498535,81.48999786376953
2013-09-13,14.15999984741211,15.699999809265137,1687.989990234375,1308.4000244140625,2.8980000019073486,81.44999694824219
2013-09-16,14.380000114440918,15.579999923706055,1697.5999755859375,1317.9000244140625,2.874000072479248,81.25
2013-09-17,14.529999732971191,15.65999984741211,1704.760009765625,1309.5,2.8529999256134033,81.16999816894531
2013-09-18,13.59000015258789,15.180000305175781,1725.52001953125,1307.800048828125,2.7079999446868896,80.23999786376953
2013-09-19,13.15999984741211,15.020000457763672,1722.3399658203125,1369.4000244140625,2.747999906539917,80.36000061035156
2013-09-20,13.119999885559082,15.319999694824219,1709.9100341796875,1332.5,2.7320001125335693,80.44000244140625
2013-09-23,14.3100004196167,15.920000076293945,1701.8399658203125,1326.9000244140625,2.7139999866485596,80.44999694824219
2013-09-24,14.079999923706055,15.640000343322754,1697.4200439453125,1316.0,2.6530001163482666,80.55999755859375
2013-09-25,14.010000228881836,15.5600004196167,1692.77001953125,1335.9000244140625,2.614000082015991,80.33000183105469
2013-09-26,14.0600004196167,15.40999984741211,1698.6700439453125,1323.5999755859375,2.6429998874664307,80.5199966430664
2013-09-27,15.460000038146973,16.040000915527344,1691.75,1338.4000244140625,2.61899995803833,80.2699966430664
2013-09-30,16.600000381469727,16.799999237060547,1681.550048828125,1326.5,2.615000009536743,80.22000122070312
2013-10-01,15.539999961853027,16.1299991607666,1695.0,1286.0,2.6459999084472656,80.0999984741211
2013-10-02,16.600000381469727,16.809999465942383,1693.8699951171875,1320.5999755859375,2.625999927520752,79.87999725341797
2013-10-03,17.670000076293945,17.700000762939453,1678.6600341796875,1317.4000244140625,2.6059999465942383,79.7699966430664
2013-10-04,16.739999771118164,17.209999084472656,1690.5,1309.699951171875,2.6519999504089355,80.12000274658203
2013-10-07,19.40999984741211,19.06999969482422,1676.1199951171875,1324.800048828125,2.634000062942505,79.94000244140625
2013-10-08,20.34000015258789,19.84000015258789,1655.449951171875,1324.199951171875,2.635999917984009,80.05999755859375
2013-10-09,19.600000381469727,19.290000915527344,1656.4000244140625,1306.9000244140625,2.6500000953674316,80.37000274658203
2013-10-10,16.479999542236328,17.209999084472656,1692.56005859375,1296.5999755859375,2.684999942779541,80.41999816894531
2013-10-11,15.720000267028809,16.56999969482422,1703.199951171875,1268.0,2.681999921798706,80.36000061035156
2013-10-14,16.06999969482422,16.920000076293945,1710.1400146484375,1276.4000244140625,2.690999984741211,80.26000213623047
2013-10-15,18.65999984741211,18.40999984741211,1698.06005859375,1273.0,2.7200000286102295,80.4800033569336
2013-10-16,14.710000038146973,16.260000228881836,1721.5400390625,1282.0,2.6710000038146973,80.5
2013-10-17,13.479999542236328,15.4399995803833,1733.1500244140625,1322.699951171875,2.5869998931884766,79.6500015258789
2013-10-18,13.039999961853027,14.920000076293945,1744.5,1314.4000244140625,2.5889999866485596,79.63999938964844
2013-10-21,13.15999984741211,15.140000343322754,1744.6600341796875,1315.699951171875,2.6089999675750732,79.68000030517578
2013-10-22,13.329999923706055,15.020000457763672,1754.6700439453125,1342.5,2.51200008392334,79.23999786376953
2013-10-23,13.420000076293945,15.109999656677246,1746.3800048828125,1333.9000244140625,2.484999895095825,79.26000213623047
2013-10-24,13.199999809265137,14.899999618530273,1752.0699462890625,1350.199951171875,2.5220000743865967,79.19000244140625
2013-10-25,13.09000015258789,14.869999885559082,1759.77001953125,1352.4000244140625,2.503000020980835,79.18000030517578
2013-10-28,13.3100004196167,14.869999885559082,1762.1099853515625,1352.0,2.51200008392334,79.25
2013-10-29,13.40999984741211,15.029999732971191,1771.949951171875,1345.199951171875,2.506999969482422,79.62999725341797
2013-10-30,13.649999618530273,15.130000114440918,1763.31005859375,1349.0,2.5269999504089355,79.75
2013-10-31,13.75,15.25,1756.5400390625,1323.5999755859375,2.5420000553131104,80.19999694824219
2013-11-01,13.279999732971191,15.0600004196167,1761.6400146484375,1313.0999755859375,2.619999885559082,80.7300033569336
2013-11-04,12.930000305175781,14.680000305175781,1767.9300537109375,1314.5999755859375,2.6019999980926514,80.55000305175781
2013-11-05,13.270000457763672,14.920000076293945,1762.969970703125,1308.0,2.6619999408721924,80.70999908447266
2013-11-06,12.670000076293945,14.65999984741211,1770.489990234375,1317.699951171875,2.640000104904175,80.4800033569336
2013-11-07,13.90999984741211,15.359999656677246,1747.1500244140625,1308.4000244140625,2.61299991607666,80.81999969482422
2013-11-08,12.899999618530273,14.630000114440918,1770.6099853515625,1284.5,2.746000051498413,81.20999908447266
2013-11-11,12.529999732971191,14.729999542236328,1771.8900146484375,1281.0,2.750999927520752,81.08999633789062
2013-11-12,12.819999694824219,14.880000114440918,1767.68994140625,1271.0999755859375,2.7679998874664307,81.19000244140625
2013-11-13,12.520000457763672,14.829999923706055,1782.0,1268.300048828125,2.7249999046325684,80.93000030517578
2013-11-14,12.369999885559082,14.880000114440918,1790.6199951171875,1286.199951171875,2.7019999027252197,80.9800033569336
2013-11-15,12.1899995803833,14.800000190734863,1798.1800537109375,1287.300048828125,2.7090001106262207,80.83999633789062
2013-11-18,13.100000381469727,14.930000305175781,1791.530029296875,1272.199951171875,2.677999973297119,80.83000183105469
2013-11-19,13.390000343322754,15.25,1787.8699951171875,1273.4000244140625,2.7119998931884766,80.69999694824219
2013-11-20,13.399999618530273,14.989999771118164,1781.3699951171875,1257.9000244140625,2.7920000553131104,81.11000061035156
2013-11-21,12.65999984741211,14.520000457763672,1795.8499755859375,1243.5,2.7839999198913574,81.05000305175781
2013-11-22,12.260000228881836,14.149999618530273,1804.760009765625,1244.0,2.752000093460083,80.70999908447266
2013-11-25,12.789999961853027,14.430000305175781,1802.47998046875,1241.0999755859375,2.740999937057495,80.91999816894531
2013-11-26,12.8100004196167,14.550000190734863,1802.75,1241.4000244140625,2.696000099182129,80.61000061035156
2013-11-27,12.979999542236328,14.600000381469727,1807.22998046875,1237.800048828125,2.7360000610351562,80.73999786376953
2013-11-29,13.699999809265137,15.029999732971191,1805.81005859375,1250.5999755859375,2.740999937057495,80.68000030517578
2013-12-02,14.229999542236328,15.1899995803833,1800.9000244140625,1222.300048828125,2.8010001182556152,80.91000366210938
2013-12-03,14.550000190734863,15.489999771118164,1795.1500244140625,1221.699951171875,2.7750000953674316,80.62000274658203
2013-12-04,14.699999809265137,15.569999694824219,1792.81005859375,1248.199951171875,2.8410000801086426,80.62999725341797
2013-12-05,15.079999923706055,15.779999732971191,1785.030029296875,1233.199951171875,2.861999988555908,80.2699966430664
2013-12-06,13.789999961853027,14.949999809265137,1805.0899658203125,1230.300048828125,2.882999897003174,80.2699966430664
2013-12-09,13.489999771118164,14.930000305175781,1808.3699951171875,1235.300048828125,2.8570001125335693,80.12999725341797
2013-12-10,13.90999984741211,15.220000267028809,1802.6199951171875,1262.4000244140625,2.796999931335449,79.97000122070312
2013-12-11,15.420000076293945,15.989999771118164,1782.219970703125,1258.5,2.8440001010894775,79.88999938964844
2013-12-12,15.539999961853027,16.1200008392334,1775.5,1226.0,2.877000093460083,80.19999694824219
2013-12-13,15.760000228881836,16.270000457763672,1775.3199462890625,1235.699951171875,2.868000030517578,80.20999908447266
2013-12-16,16.030000686645508,16.389999389648438,1786.5400390625,1245.5,2.877000093460083,80.06999969482422
2013-12-17,16.209999084472656,16.5,1781.0,1231.199951171875,2.8429999351501465,80.05999755859375
2013-12-18,13.800000190734863,14.989999771118164,1810.6500244140625,1236.0999755859375,2.884999990463257,80.11000061035156
2013-12-19,14.149999618530273,15.279999732971191,1809.5999755859375,1195.0,2.924999952316284,80.62999725341797
2013-12-20,13.789999961853027,15.010000228881836,1818.3199462890625,1205.0999755859375,2.88700008392334,80.58000183105469
2013-12-23,13.039999961853027,14.520000457763672,1827.989990234375,1198.4000244140625,2.928999900817871,80.44999694824219
2013-12-24,12.479999542236328,14.239999771118164,1833.3199462890625,1205.0999755859375,2.9830000400543213,80.52999877929688
2013-12-26,12.329999923706055,14.029999732971191,1842.02001953125,1214.0999755859375,2.990000009536743,80.4800033569336
2013-12-27,12.460000038146973,13.979999542236328,1841.4000244140625,1216.0999755859375,3.00600004196167,80.38999938964844
2013-12-30,13.5600004196167,14.770000457763672,1841.0699462890625,1203.0999755859375,2.9760000705718994,80.0
2013-12-31,13.720000267028809,14.770000457763672,1848.3599853515625,1201.9000244140625,3.0260000228881836,80.04000091552734
2014-01-02,14.229999542236328,15.260000228881836,1831.97998046875,1225.0,2.984999895095825,80.62999725341797
2014-01-03,13.760000228881836,15.09000015258789,1831.3699951171875,1238.4000244140625,2.994999885559082,80.79000091552734
2014-01-06,13.550000190734863,14.819999694824219,1826.77001953125,1237.800048828125,2.9609999656677246,80.6500015258789
2014-01-07,12.920000076293945,14.40999984741211,1837.8800048828125,1229.4000244140625,2.937000036239624,80.83000183105469
2014-01-08,12.869999885559082,14.289999961853027,1837.489990234375,1225.300048828125,2.993000030517578,81.04000091552734
2014-01-09,12.890000343322754,14.289999961853027,1838.1300048828125,1229.300048828125,2.9630000591278076,81.01000213623047
2014-01-10,12.140000343322754,13.9399995803833,1842.3699951171875,1246.699951171875,2.859999895095825,80.66000366210938
2014-01-13,13.279999732971191,14.979999542236328,1819.199951171875,1250.9000244140625,2.8269999027252197,80.51000213623047
2014-01-14,12.279999732971191,14.489999771118164,1838.8800048828125,1245.199951171875,2.86899995803833,80.61000061035156
2014-01-15,12.279999732971191,14.460000038146973,1848.3800048828125,1238.0999755859375,2.884000062942505,81.0
2014-01-16,12.529999732971191,14.6899995803833,1845.8900146484375,1240.0,2.8429999351501465,80.9000015258789
2014-01-17,12.4399995803833,14.630000114440918,1838.699951171875,1251.699951171875,2.8269999027252197,81.26000213623047
2014-01-21,12.869999885559082,14.619999885559082,1843.800048828125,1242.300048828125,2.825000047683716,81.0999984741211
2014-01-22,12.84000015258789,14.470000267028809,1844.8599853515625,1239.0,2.859999895095825,81.16999816894531
2014-01-23,13.770000457763672,14.979999542236328,1828.4599609375,1262.5999755859375,2.7730000019073486,80.44000244140625
2014-01-24,18.139999389648438,17.399999618530273,1790.2900390625,1264.5,2.734999895095825,80.45999908447266
2014-01-27,17.420000076293945,17.1299991607666,1781.56005859375,1263.5999755859375,2.7660000324249268,80.5
2014-01-28,15.800000190734863,16.200000762939453,1792.5,1251.0,2.746000051498413,80.56999969482422
2014-01-29,17.350000381469727,17.239999771118164,1774.199951171875,1262.199951171875,2.674999952316284,80.51000213623047
2014-01-30,17.290000915527344,17.3700008392334,1794.18994140625,1242.199951171875,2.693000078201294,81.08999633789062
2014-01-31,18.40999984741211,18.09000015258789,1782.5899658203125,1240.0999755859375,2.6679999828338623,81.2699966430664
2014-02-03,21.440000534057617,20.139999389648438,1741.8900146484375,1260.4000244140625,2.5810000896453857,81.01000213623047
2014-02-04,19.110000610351562,19.079999923706055,1755.199951171875,1251.699951171875,2.624000072479248,81.12000274658203
2014-02-05,19.950000762939453,19.670000076293945,1751.6400146484375,1257.300048828125,2.6670000553131104,81.02999877929688
2014-02-06,17.229999542236328,17.790000915527344,1773.4300537109375,1257.5999755859375,2.7019999027252197,80.88999938964844
2014-02-07,15.289999961853027,16.34000015258789,1797.02001953125,1263.300048828125,2.674999952316284,80.69000244140625
2014-02-10,15.260000228881836,16.31999969482422,1799.8399658203125,1274.800048828125,2.677999973297119,80.66999816894531
2014-02-11,14.510000228881836,15.75,1819.75,1290.0999755859375,2.7190001010894775,80.62999725341797
2014-02-12,14.300000190734863,15.649999618530273,1819.260009765625,1295.300048828125,2.763000011444092,80.68000030517578
2014-02-13,14.140000343322754,15.5,1829.8299560546875,1300.4000244140625,2.7360000610351562,80.29000091552734
2014-02-14,13.569999694824219,15.170000076293945,1838.6300048828125,1319.0,2.746000051498413,80.12999725341797
2014-02-18,13.869999885559082,15.220000267028809,1840.760009765625,1324.699951171875,2.7109999656677246,80.01000213623047
2014-02-19,15.5,16.290000915527344,1828.75,1320.5999755859375,2.7339999675750732,80.16999816894531
2014-02-20,14.789999961853027,15.720000267028809,1839.780029296875,1317.0999755859375,2.753999948501587,80.29000091552734
2014-02-21,14.680000305175781,15.640000343322754,1836.25,1323.9000244140625,2.7339999675750732,80.23999786376953
2014-02-24,14.229999542236328,15.5,1847.6099853515625,1338.300048828125,2.75,80.20999908447266
2014-02-25,13.670000076293945,15.5,1845.1199951171875,1343.0,2.7009999752044678,80.1500015258789
2014-02-26,14.350000381469727,15.90999984741211,1845.1600341796875,1328.199951171875,2.6730000972747803,80.41000366210938
2014-02-27,14.039999961853027,15.630000114440918,1854.2900390625,1331.5999755859375,2.6419999599456787,80.29000091552734
2014-02-28,14.0,15.800000190734863,1859.449951171875,1321.4000244140625,2.6579999923706055,79.77999877929688
2014-03-03,16.0,16.920000076293945,1845.72998046875,1350.0999755859375,2.6070001125335693,80.06999969482422
2014-03-04,14.100000381469727,15.6899995803833,1873.9100341796875,1337.800048828125,2.690999984741211,80.16000366210938
2014-03-05,13.890000343322754,15.770000457763672,1873.81005859375,1340.199951171875,2.697999954223633,80.11000061035156
2014-03-06,14.210000038146973,15.829999923706055,1877.030029296875,1351.699951171875,2.736999988555908,79.68000030517578
2014-03-07,14.109999656677246,15.869999885559082,1878.0400390625,1338.0999755859375,2.7899999618530273,79.72000122070312
2014-03-10,14.199999809265137,15.970000267028809,1877.1700439453125,1341.4000244140625,2.7839999198913574,79.75
2014-03-11,14.800000190734863,16.350000381469727,1867.6300048828125,1346.5,2.7660000324249268,79.7699966430664
2014-03-12,14.470000267028809,16.079999923706055,1868.199951171875,1370.300048828125,2.7260000705718994,79.61000061035156
2014-03-13,16.219999313354492,17.1299991607666,1846.3399658203125,1372.199951171875,2.6530001163482666,79.62000274658203
2014-03-14,17.81999969482422,17.93000030517578,1841.1300048828125,1379.0,2.6449999809265137,79.44000244140625
2014-03-17,15.640000343322754,16.690000534057617,1858.8299560546875,1372.9000244140625,2.6989998817443848,79.38999938964844
2014-03-18,14.520000457763672,16.15999984741211,1872.25,1359.0,2.680999994277954,79.41000366210938
2014-03-19,15.119999885559082,16.31999969482422,1860.77001953125,1341.4000244140625,2.7720000743865967,79.98999786376953
2014-03-20,14.520000457763672,15.859999656677246,1872.010009765625,1330.5,2.7750000953674316,80.20999908447266
2014-03-21,15.0,16.18000030517578,1866.52001953125,1336.0,2.75,80.11000061035156
2014-03-24,15.09000015258789,16.100000381469727,1857.43994140625,1311.199951171875,2.7330000400543213,79.93000030517578
2014-03-25,14.020000457763672,15.529999732971191,1865.6199951171875,1311.4000244140625,2.734999895095825,79.94000244140625
2014-03-26,14.930000305175781,16.079999923706055,1852.56005859375,1303.4000244140625,2.7009999752044678,79.9800033569336
2014-03-27,14.619999885559082,15.869999885559082,1849.0400390625,1294.699951171875,2.671999931335449,80.11000061035156
2014-03-28,14.40999984741211,15.460000038146973,1857.6199951171875,1293.800048828125,2.7119998931884766,80.18000030517578
2014-03-31,13.880000114440918,15.079999923706055,1872.3399658203125,1283.4000244140625,2.7230000495910645,80.0999984741211
2014-04-01,13.100000381469727,14.399999618530273,1885.52001953125,1279.5999755859375,2.759000062942505,80.08000183105469
2014-04-02,13.09000015258789,14.449999809265137,1890.9000244140625,1290.5,2.802999973297119,80.22000122070312
2014-04-03,13.369999885559082,14.5,1888.77001953125,1284.4000244140625,2.7899999618530273,80.47000122070312
2014-04-04,13.960000038146973,14.960000038146973,1865.0899658203125,1303.199951171875,2.7260000705718994,80.41999816894531
2014-04-07,15.569999694824219,15.899999618530273,1845.0400390625,1298.0,2.694999933242798,80.22000122070312
2014-04-08,14.890000343322754,15.529999732971191,1851.9599609375,1308.699951171875,2.680999994277954,79.75
2014-04-09,13.819999694824219,14.829999923706055,1872.1800537109375,1305.5,2.684000015258789,79.4800033569336
2014-04-10,15.890000343322754,16.06999969482422,1833.0799560546875,1320.0999755859375,2.628000020980835,79.37999725341797
2014-04-11,17.030000686645508,16.790000915527344,1815.68994140625,1318.699951171875,2.61899995803833,79.44999694824219
2014-04-14,16.110000610351562,16.3700008392334,1830.6099853515625,1327.199951171875,2.6389999389648438,79.7300033569336
2014-04-15,15.609999656677246,15.989999771118164,1842.97998046875,1300.0,2.628000020980835,79.80000305175781
2014-04-16,14.180000305175781,15.229999542236328,1862.31005859375,1303.0999755859375,2.63700008392334,79.81999969482422
2014-04-17,13.359999656677246,14.84000015258789,1864.8499755859375,1293.4000244140625,2.7209999561309814,79.83000183105469
2014-04-21,13.25,14.75,1871.8900146484375,1288.0,2.7209999561309814,79.94999694824219
2014-04-22,13.1899995803833,14.609999656677246,1879.550048828125,1280.5999755859375,2.7260000705718994,79.91000366210938
2014-04-23,13.270000457763672,14.829999923706055,1875.3900146484375,1284.199951171875,2.686000108718872,79.86000061035156
2014-04-24,13.319999694824219,14.770000457763672,1878.6099853515625,1290.5,2.687999963760376,79.80000305175781
2014-04-25,14.0600004196167,15.180000305175781,1863.4000244140625,1300.699951171875,2.6659998893737793,79.7699966430664
2014-04-28,13.970000267028809,14.930000305175781,1869.4300537109375,1298.9000244140625,2.677000045776367,79.68000030517578
2014-04-29,13.710000038146973,14.829999923706055,1878.3299560546875,1296.0,2.694999933242798,79.80999755859375
2014-04-30,13.40999984741211,14.699999809265137,1883.949951171875,1295.5999755859375,2.6480000019073486,79.48999786376953
2014-05-01,13.25,14.670000076293945,1883.6800537109375,1283.0999755859375,2.6059999465942383,79.52999877929688
2014-05-02,12.90999984741211,14.680000305175781,1881.1400146484375,1302.5999755859375,2.5910000801086426,79.5199966430664
2014-05-05,13.289999961853027,14.75,1884.6600341796875,1309.0,2.6110000610351562,79.48999786376953
2014-05-06,13.800000190734863,15.119999885559082,1867.719970703125,1308.300048828125,2.5950000286102295,79.13999938964844
2014-05-07,13.399999618530273,14.619999885559082,1878.2099609375,1288.5999755859375,2.5899999141693115,79.22000122070312
2014-05-08,13.430000305175781,14.579999923706055,1875.6300048828125,1287.4000244140625,2.6019999980926514,79.43000030517578
2014-05-09,12.920000076293945,14.380000114440918,1878.47998046875,1287.300048828125,2.622999906539917,79.9000015258789
2014-05-12,12.229999542236328,13.880000114440918,1896.6500244140625,1295.5999755859375,2.6559998989105225,79.9000015258789
2014-05-13,12.130000114440918,14.039999961853027,1897.449951171875,1294.5999755859375,2.618000030517578,80.13999938964844
2014-05-14,12.170000076293945,14.180000305175781,1888.530029296875,1305.699951171875,2.5429999828338623,80.06999969482422
2014-05-15,13.170000076293945,14.859999656677246,1870.8499755859375,1293.5,2.502000093460083,80.0
2014-05-16,12.4399995803833,14.329999923706055,1877.8599853515625,1293.300048828125,2.5179998874664307,80.04000091552734
2014-05-19,12.420000076293945,14.109999656677246,1885.0799560546875,1293.699951171875,2.5360000133514404,79.98999786376953
2014-05-20,12.960000038146973,14.40999984741211,1872.8299560546875,1294.5,2.509000062942505,80.04000091552734
2014-05-21,11.90999984741211,13.869999885559082,1888.030029296875,1288.0,2.5369999408721924,80.0999984741211
2014-05-22,12.029999732971191,13.829999923706055,1892.489990234375,1294.9000244140625,2.555000066757202,80.25
2014-05-23,11.359999656677246,13.619999885559082,1900.530029296875,1291.5999755859375,2.5360000133514404,80.38999938964844
2014-05-27,11.510000228881836,13.640000343322754,1911.9100341796875,1265.4000244140625,2.5179998874664307,80.3499984741211
2014-05-28,11.680000305175781,13.770000457763672,1909.780029296875,1259.300048828125,2.437999963760376,80.56999969482422
2014-05-29,11.569999694824219,13.710000038146973,1920.030029296875,1256.300048828125,2.447000026702881,80.48999786376953
2014-05-30,11.399999618530273,13.75,1923.5699462890625,1245.5999755859375,2.4570000171661377,80.37000274658203
2014-06-02,11.579999923706055,13.880000114440918,1924.969970703125,1243.699951171875,2.5339999198913574,80.63999938964844
2014-06-03,11.869999885559082,13.819999694824219,1924.239990234375,1244.300048828125,2.5929999351501465,80.55000305175781
2014-06-04,12.079999923706055,13.770000457763672,1927.8800048828125,1244.0,2.6059999465942383,80.66999816894531
2014-06-05,11.680000305175781,13.579999923706055,1940.4599609375,1253.0,2.5840001106262207,80.37000274658203
2014-06-06,10.729999542236328,12.829999923706055,1949.43994140625,1252.0999755859375,2.5969998836517334,80.41000366210938
2014-06-09,11.149999618530273,13.020000457763672,1951.27001953125,1253.5,2.61299991607666,80.6500015258789
2014-06-10,10.989999771118164,13.010000228881836,1950.7900390625,1259.800048828125,2.634999990463257,80.81999969482422
2014-06-11,11.600000381469727,13.289999961853027,1943.8900146484375,1260.800048828125,2.640000104904175,80.79000091552734
2014-06-12,12.5600004196167,14.109999656677246,1930.1099853515625,1273.5999755859375,2.5859999656677246,80.58000183105469
2014-06-13,12.180000305175781,13.789999961853027,1936.1600341796875,1273.699951171875,2.6040000915527344,80.58000183105469
2014-06-16,12.649999618530273,13.970000267028809,1937.780029296875,1274.9000244140625,2.5969998836517334,80.47000122070312
2014-06-17,12.0600004196167,13.65999984741211,1941.989990234375,1271.699951171875,2.6549999713897705,80.62999725341797
2014-06-18,10.609999656677246,12.619999885559082,1956.97998046875,1272.4000244140625,2.61299991607666,80.58000183105469
2014-06-19,10.619999885559082,12.699999809265137,1959.47998046875,1313.699951171875,2.621999979019165,80.31999969482422
2014-06-20,10.850000381469727,12.869999885559082,1962.8699951171875,1316.199951171875,2.624000072479248,80.37000274658203
2014-06-23,10.979999542236328,12.920000076293945,1962.6099853515625,1318.0,2.622999906539917,80.26000213623047
2014-06-24,12.130000114440918,13.380000114440918,1949.97998046875,1320.9000244140625,2.5859999656677246,80.33000183105469
2014-06-25,11.59000015258789,13.109999656677246,1959.530029296875,1322.199951171875,2.559000015258789,80.22000122070312
2014-06-26,11.630000114440918,13.069999694824219,1957.219970703125,1316.0999755859375,2.5250000953674316,80.2300033569336
2014-06-27,11.260000228881836,12.819999694824219,1960.9599609375,1319.0,2.5320000648498535,80.04000091552734
2014-06-30,11.569999694824219,13.010000228881836,1960.22998046875,1321.800048828125,2.5160000324249268,79.77999877929688
2014-07-01,11.149999618530273,12.739999771118164,1973.3199462890625,1326.4000244140625,2.562999963760376,79.81999969482422
2014-07-02,10.819999694824219,12.489999771118164,1974.6199951171875,1330.699951171875,2.628000020980835,79.95999908447266
2014-07-03,10.319999694824219,12.239999771118164,1985.43994140625,1320.4000244140625,2.6480000019073486,80.20999908447266
2014-07-07,11.329999923706055,12.869999885559082,1977.6500244140625,1316.5,2.617000102996826,80.22000122070312
2014-07-08,11.979999542236328,13.210000038146973,1963.7099609375,1316.0,2.565000057220459,80.18000030517578
2014-07-09,11.649999618530273,12.989999771118164,1972.8299560546875,1323.800048828125,2.546999931335449,79.98999786376953
2014-07-10,12.59000015258789,13.649999618530273,1964.6800537109375,1338.699951171875,2.5320000648498535,80.12999725341797
2014-07-11,12.079999923706055,13.279999732971191,1967.5699462890625,1337.0,2.5199999809265137,80.19000244140625
2014-07-14,11.819999694824219,12.930000305175781,1977.0999755859375,1306.300048828125,2.5490000247955322,80.19000244140625
2014-07-15,11.960000038146973,13.15999984741211,1973.280029296875,1296.9000244140625,2.5490000247955322,80.38999938964844
2014-07-16,11.0,12.630000114440918,1981.5699462890625,1299.5999755859375,2.5380001068115234,80.55999755859375
2014-07-17,14.539999961853027,14.970000267028809,1958.1199951171875,1316.699951171875,2.4749999046325684,80.5199966430664
2014-07-18,12.0600004196167,13.359999656677246,1978.219970703125,1309.199951171875,2.4839999675750732,80.5199966430664
2014-07-21,12.8100004196167,13.800000190734863,1973.6300048828125,1313.699951171875,2.4739999771118164,80.55999755859375
2014-07-22,12.239999771118164,13.5,1983.530029296875,1306.0999755859375,2.4660000801086426,80.77999877929688
2014-07-23,11.520000457763672,13.380000114440918,1987.010009765625,1304.5,2.4639999866485596,80.80999755859375
2014-07-24,11.84000015258789,13.449999809265137,1987.97998046875,1290.5999755859375,2.509000062942505,80.87000274658203
2014-07-25,12.6899995803833,14.0,1978.3399658203125,1303.0999755859375,2.4690001010894775,81.02999877929688
2014-07-28,12.5600004196167,13.920000076293945,1978.9100341796875,1303.300048828125,2.490999937057495,81.02999877929688
2014-07-29,13.279999732971191,14.220000267028809,1969.949951171875,1298.300048828125,2.4619998931884766,81.20999908447266
2014-07-30,13.329999923706055,14.260000228881836,1970.0699462890625,1294.9000244140625,2.553999900817871,81.41999816894531
2014-07-31,16.950000762939453,16.3799991607666,1930.6700439453125,1281.300048828125,2.555999994277954,81.45999908447266
2014-08-01,17.030000686645508,16.780000686645508,1925.1500244140625,1293.5999755859375,2.505000114440918,81.30000305175781
2014-08-04,15.119999885559082,15.8100004196167,1938.989990234375,1287.699951171875,2.490999937057495,81.33000183105469
2014-08-05,16.8700008392334,17.139999389648438,1920.2099609375,1284.0,2.4830000400543213,81.5199966430664
2014-08-06,16.3700008392334,16.93000030517578,1920.239990234375,1306.699951171875,2.4739999771118164,81.44000244140625
2014-08-07,16.65999984741211,17.219999313354492,1909.5699462890625,1310.800048828125,2.4240000247955322,81.5199966430664
2014-08-08,15.770000457763672,16.690000534057617,1931.5899658203125,1308.9000244140625,2.4149999618530273,81.38999938964844
2014-08-11,14.229999542236328,15.760000228881836,1936.9200439453125,1308.5,2.4200000762939453,81.47000122070312
2014-08-12,14.130000114440918,15.699999809265137,1933.75,1308.800048828125,2.441999912261963,81.5
2014-08-13,12.899999618530273,14.850000381469727,1946.719970703125,1312.800048828125,2.4130001068115234,81.5999984741211
2014-08-14,12.420000076293945,14.430000305175781,1955.1800537109375,1313.9000244140625,2.4000000953674316,81.58999633789062
2014-08-15,13.149999618530273,14.420000076293945,1955.06005859375,1304.5,2.3450000286102295,81.41999816894531
2014-08-18,12.319999694824219,13.90999984741211,1971.739990234375,1297.699951171875,2.38700008392334,81.58000183105469
2014-08-19,12.210000038146973,13.789999961853027,1981.5999755859375,1295.0999755859375,2.4049999713897705,81.87999725341797
2014-08-20,11.779999732971191,13.760000228881836,1986.510009765625,1293.4000244140625,2.4260001182556152,82.25
2014-08-21,11.760000228881836,13.529999732971191,1992.3699951171875,1273.699951171875,2.4070000648498535,82.1500015258789
2014-08-22,11.470000267028809,13.510000228881836,1988.4000244140625,1278.5999755859375,2.4030001163482666,82.33999633789062
2014-08-25,11.699999809265137,13.569999694824219,1997.9200439453125,1277.300048828125,2.38700008392334,82.55000305175781
2014-08-26,11.630000114440918,13.710000038146973,2000.02001953125,1283.800048828125,2.3910000324249268,82.6500015258789
2014-08-27,11.779999732971191,13.920000076293945,2000.1199951171875,1281.9000244140625,2.3610000610351562,82.43000030517578
2014-08-28,12.050000190734863,14.130000114440918,1996.739990234375,1288.699951171875,2.3340001106262207,82.4800033569336
2014-08-29,12.09000015258789,14.260000228881836,2003.3699951171875,1285.800048828125,2.3429999351501465,82.75
2014-09-02,12.25,14.460000038146973,2002.280029296875,1263.699951171875,2.4189999103546143,82.98999786376953
2014-09-03,12.359999656677246,14.390000343322754,2000.719970703125,1268.9000244140625,2.4100000858306885,82.87000274658203
2014-09-04,12.640000343322754,14.539999961853027,1997.6500244140625,1265.0999755859375,2.447999954223633,83.81999969482422
2014-09-05,12.09000015258789,14.079999923706055,2007.7099609375,1265.800048828125,2.4609999656677246,83.76000213623047
2014-09-08,12.65999984741211,14.390000343322754,2001.5400390625,1252.699951171875,2.4690001010894775,84.2300033569336
2014-09-09,13.5,14.84000015258789,1988.43994140625,1246.800048828125,2.5,84.27999877929688
2014-09-10,12.880000114440918,14.630000114440918,1995.68994140625,1243.5,2.5339999198913574,84.25
2014-09-11,12.800000190734863,14.680000305175781,1997.449951171875,1237.4000244140625,2.5309998989105225,84.30000305175781
2014-09-12,13.3100004196167,15.039999961853027,1985.5400390625,1229.9000244140625,2.614000082015991,84.23999786376953
2014-09-15,14.119999885559082,15.579999923706055,1984.1300048828125,1233.5999755859375,2.5910000801086426,84.26000213623047
2014-09-16,12.729999542236328,14.850000381469727,1998.97998046875,1235.199951171875,2.5889999866485596,84.06999969482422
2014-09-17,12.649999618530273,14.619999885559082,2001.5699462890625,1234.4000244140625,2.5999999046325684,84.69999694824219
2014-09-18,12.029999732971191,14.229999542236328,2011.3599853515625,1225.699951171875,2.628999948501587,84.31999969482422
2014-09-19,12.109999656677246,14.380000114440918,2010.4000244140625,1215.300048828125,2.5869998931884766,84.80000305175781
2014-09-22,13.6899995803833,15.260000228881836,1994.2900390625,1216.800048828125,2.565999984741211,84.66999816894531
2014-09-23,14.930000305175781,16.06999969482422,1982.77001953125,1221.0,2.5350000858306885,84.66000366210938
2014-09-24,13.270000457763672,15.220000267028809,1998.300048828125,1218.5999755859375,2.569000005722046,85.05000305175781
2014-09-25,15.640000343322754,16.59000015258789,1965.989990234375,1221.199951171875,2.510999917984009,85.19999694824219
2014-09-26,14.850000381469727,16.020000457763672,1982.8499755859375,1214.0999755859375,2.5350000858306885,85.63999938964844
2014-09-29,15.979999542236328,16.81999969482422,1977.800048828125,1217.5,2.490999937057495,85.58999633789062
2014-09-30,16.309999465942383,17.079999923706055,1972.2900390625,1210.5,2.507999897003174,85.94000244140625
2014-10-01,16.709999084472656,17.6200008392334,1946.1600341796875,1214.5999755859375,2.4030001163482666,85.97000122070312
2014-10-02,16.15999984741211,17.239999771118164,1946.1700439453125,1214.199951171875,2.437999963760376,85.5999984741211
2014-10-03,14.550000190734863,16.040000915527344,1967.9000244140625,1192.199951171875,2.447000026702881,86.69000244140625
2014-10-06,15.460000038146973,16.549999237060547,1964.8199462890625,1206.699951171875,2.424999952316284,85.70999908447266
2014-10-07,17.200000762939453,17.68000030517578,1935.0999755859375,1211.699951171875,2.3499999046325684,85.66999816894531
2014-10-08,15.109999656677246,16.280000686645508,1968.8900146484375,1205.300048828125,2.3299999237060547,85.30000305175781
2014-10-09,18.760000228881836,18.09000015258789,1928.2099609375,1224.5999755859375,2.3269999027252197,85.5199966430664
2014-10-10,21.239999771118164,19.93000030517578,1906.1300048828125,1221.0,2.306999921798706,85.91000366210938
2014-10-13,24.639999389648438,22.1200008392334,1874.739990234375,1229.300048828125,2.2860000133514404,85.43000030517578
2014-10-14,22.790000915527344,21.3700008392334,1877.699951171875,1233.5999755859375,2.2060000896453857,85.81999969482422
2014-10-15,25.270000457763672,22.770000457763672,1862.489990234375,1244.0999755859375,2.0899999141693115,85.1500015258789
2014-10-16,25.200000762939453,22.850000381469727,1862.760009765625,1240.5,2.1530001163482666,85.0
2014-10-17,21.989999771118164,21.25,1886.760009765625,1238.300048828125,2.1989998817443848,85.19000244140625
2014-10-20,18.56999969482422,19.670000076293945,1904.010009765625,1244.0,2.180999994277954,84.94999694824219
2014-10-21,16.079999923706055,17.8700008392334,1941.280029296875,1251.0,2.2079999446868896,85.30999755859375
2014-10-22,17.8700008392334,19.059999465942383,1927.1099853515625,1244.800048828125,2.2290000915527344,85.73999786376953
2014-10-23,16.530000686645508,18.219999313354492,1950.8199462890625,1228.5,2.2750000953674316,85.83999633789062
2014-10-24,16.110000610351562,17.920000076293945,1964.5799560546875,1231.199951171875,2.2730000019073486,85.7300033569336
2014-10-27,16.040000915527344,17.860000610351562,1961.6300048828125,1229.0999755859375,2.256999969482422,85.5
2014-10-28,14.390000343322754,16.459999084472656,1985.050048828125,1229.199951171875,2.2839999198913574,85.41000366210938
2014-10-29,15.149999618530273,16.889999389648438,1982.300048828125,1224.300048828125,2.322999954223633,85.94999694824219
2014-10-30,14.520000457763672,16.739999771118164,1994.6500244140625,1198.0999755859375,2.305000066757202,86.1500015258789
2014-10-31,14.029999732971191,16.510000228881836,2018.050048828125,1171.0999755859375,2.3350000381469727,86.87999725341797
2014-11-03,14.729999542236328,16.809999465942383,2017.81005859375,1169.4000244140625,2.3480000495910645,87.30999755859375
2014-11-04,14.890000343322754,16.93000030517578,2012.0999755859375,1167.4000244140625,2.3420000076293945,86.9800033569336
2014-11-05,14.170000076293945,16.56999969482422,2023.5699462890625,1145.4000244140625,2.3499999046325684,87.44000244140625
2014-11-06,13.670000076293945,16.260000228881836,2031.2099609375,1142.300048828125,2.375,88.01000213623047
2014-11-07,13.119999885559082,15.829999923706055,2031.9200439453125,1169.5999755859375,2.312000036239624,87.63999938964844
2014-11-10,12.670000076293945,15.039999961853027,2038.260009765625,1159.5999755859375,2.3589999675750732,87.80999755859375
2014-11-11,12.920000076293945,15.359999656677246,2039.6800537109375,1162.800048828125,2.359999895095825,87.52999877929688
2014-11-12,13.020000457763672,15.739999771118164,2038.25,1158.9000244140625,2.3589999675750732,87.81999969482422
2014-11-13,13.789999961853027,15.890000343322754,2039.3299560546875,1161.0999755859375,2.3469998836517334,87.66999816894531
2014-11-14,13.3100004196167,15.960000038146973,2039.8199462890625,1185.0,2.319999933242798,87.52999877929688
2014-11-17,13.989999771118164,15.930000305175781,2041.3199462890625,1183.0,2.3399999141693115,87.93000030517578
2014-11-18,13.859999656677246,15.699999809265137,2051.800048828125,1196.699951171875,2.322000026702881,87.58000183105469
2014-11-19,13.960000038146973,15.970000267028809,2048.719970703125,1193.5999755859375,2.3510000705718994,87.6500015258789
2014-11-20,13.579999923706055,16.010000228881836,2052.75,1190.699951171875,2.3350000381469727,87.58999633789062
2014-11-21,12.899999618530273,15.789999961853027,2063.5,1197.5,2.315000057220459,88.30999755859375
2014-11-24,12.619999885559082,15.550000190734863,2069.409912109375,1195.5,2.309999942779541,88.1500015258789
2014-11-25,12.25,15.40999984741211,2067.030029296875,1197.0999755859375,2.259999990463257,87.91999816894531
2014-11-26,12.069999694824219,15.319999694824219,2072.830078125,1196.5999755859375,2.2339999675750732,87.61000061035156
2014-11-28,13.329999923706055,15.930000305175781,2067.56005859375,1175.199951171875,2.194000005722046,88.36000061035156
2014-12-01,14.15999984741211,16.65999984741211,2053.43994140625,1218.0,2.2179999351501465,87.94999694824219
2014-12-02,12.850000381469727,15.960000038146973,2066.550048828125,1199.199951171875,2.2850000858306885,88.6500015258789
2014-12-03,12.5,15.529999732971191,2074.330078125,1208.5,2.2869999408721924,88.95999908447266
2014-12-04,12.380000114440918,15.640000343322754,2071.919921875,1207.5,2.256999969482422,88.69999694824219
2014-12-05,11.890000343322754,15.300000190734863,2075.3701171875,1190.0999755859375,2.306999921798706,89.33000183105469
2014-12-08,14.210000038146973,16.780000686645508,2060.31005859375,1194.699951171875,2.256999969482422,89.04000091552734
2014-12-09,15.350000381469727,17.229999542236328,2059.820068359375,1231.5,2.2200000286102295,88.69000244140625
2014-12-10,18.530000686645508,19.139999389648438,2026.1400146484375,1228.9000244140625,2.1689999103546143,88.2699966430664
2014-12-11,20.079999923706055,20.719999313354492,2035.3299560546875,1225.0999755859375,2.177999973297119,88.66000366210938
2014-12-12,21.079999923706055,21.0,2002.3299560546875,1222.0,2.1029999256134033,88.36000061035156
2014-12-15,20.420000076293945,21.059999465942383,1989.6300048828125,1207.199951171875,2.115999937057495,88.45999908447266
2014-12-16,23.56999969482422,23.09000015258789,1972.739990234375,1193.9000244140625,2.071000099182129,88.12999725341797
2014-12-17,19.440000534057617,20.43000030517578,2012.8900146484375,1194.300048828125,2.1480000019073486,89.12999725341797
2014-12-18,16.809999465942383,18.479999542236328,2061.22998046875,1194.699951171875,2.2039999961853027,89.23999786376953
2014-12-19,16.489999771118164,18.469999313354492,2070.64990234375,1195.9000244140625,2.1760001182556152,89.5999984741211
2014-12-22,15.25,17.59000015258789,2078.5400390625,1179.699951171875,2.1619999408721924,89.7699966430664
2014-12-23,14.800000190734863,17.940000534057617,2082.169921875,1177.9000244140625,2.256999969482422,90.05999755859375
2014-12-24,14.369999885559082,17.260000228881836,2081.8798828125,1173.5,2.2639999389648438,89.97000122070312
2014-12-26,14.5,17.15999984741211,2088.77001953125,1195.300048828125,2.25,90.02999877929688
2014-12-29,15.0600004196167,17.270000457763672,2090.570068359375,1181.699951171875,2.2070000171661377,90.19000244140625
2014-12-30,15.920000076293945,18.020000457763672,2080.35009765625,1200.199951171875,2.190000057220459,89.98999786376953
2014-12-31,19.200000762939453,19.739999771118164,2058.89990234375,1183.9000244140625,2.1700000762939453,90.2699966430664
2015-01-02,17.790000915527344,19.459999084472656,2058.199951171875,1186.0,2.122999906539917,91.08000183105469
2015-01-05,19.920000076293945,20.790000915527344,2020.5799560546875,1203.9000244140625,2.0390000343322754,91.37999725341797
2015-01-06,21.1200008392334,21.420000076293945,2002.6099853515625,1219.300048828125,1.9630000591278076,91.5
2015-01-07,19.309999465942383,20.079999923706055,2025.9000244140625,1210.5999755859375,1.9539999961853027,91.88999938964844
2015-01-08,17.010000228881836,18.65999984741211,2062.139892578125,1208.4000244140625,2.0160000324249268,92.37000274658203
2015-01-09,17.549999237060547,19.31999969482422,2044.81005859375,1216.0,1.9709999561309814,91.94000244140625
2015-01-12,19.600000381469727,20.479999542236328,2028.260009765625,1232.699951171875,1.9119999408721924,91.9800033569336
2015-01-13,20.559999465942383,21.270000457763672,2023.030029296875,1234.300048828125,1.8899999856948853,92.30999755859375
2015-01-14,21.479999542236328,20.93000030517578,2011.27001953125,1234.4000244140625,1.8370000123977661,92.16000366210938
2015-01-15,22.389999389648438,22.110000610351562,1992.6700439453125,1264.699951171875,1.774999976158142,92.3499984741211
2015-01-16,20.950000762939453,21.149999618530273,2019.4200439453125,1276.9000244140625,1.815000057220459,92.5199966430664
2015-01-20,19.889999389648438,20.8700008392334,2022.550048828125,1294.199951171875,1.8070000410079956,93.05000305175781
2015-01-21,18.850000381469727,20.040000915527344,2032.1199951171875,1293.699951171875,1.8530000448226929,92.9000015258789
2015-01-22,16.399999618530273,18.600000381469727,2063.14990234375,1300.699951171875,1.8960000276565552,94.23999786376953
2015-01-23,16.65999984741211,19.0,2051.820068359375,1292.5999755859375,1.8170000314712524,95.0
2015-01-26,15.520000457763672,18.030000686645508,2057.090087890625,1279.4000244140625,1.8279999494552612,94.80000305175781
2015-01-27,17.219999313354492,19.110000610351562,2029.550048828125,1291.699951171875,1.8250000476837158,94.0199966430664
2015-01-28,20.440000534057617,21.440000534057617,2002.1600341796875,1285.9000244140625,1.7239999771118164,94.47000122070312
2015-01-29,18.760000228881836,20.0,2021.25,1254.5999755859375,1.7510000467300415,94.77999877929688
2015-01-30,20.969999313354492,21.81999969482422,1994.989990234375,1278.5,1.6749999523162842,94.80000305175781
2015-02-02,19.43000030517578,20.90999984741211,2020.8499755859375,1276.199951171875,1.6729999780654907,94.5
2015-02-03,17.329999923706055,19.489999771118164,2050.030029296875,1259.699951171875,1.7799999713897705,93.5999984741211
2015-02-04,18.329999923706055,20.43000030517578,2041.510009765625,1263.800048828125,1.7970000505447388,93.98999786376953
2015-02-05,16.850000381469727,19.270000457763672,2062.52001953125,1262.0,1.815000057220459,94.69999694824219
2015-02-06,17.290000915527344,19.8799991607666,2055.469970703125,1233.9000244140625,1.937999963760376,94.69999694824219
2015-02-09,18.549999237060547,20.670000076293945,2046.739990234375,1240.800048828125,1.9479999542236328,94.44999694824219
2015-02-10,17.229999542236328,19.729999542236328,2068.590087890625,1231.5999755859375,1.9910000562667847,94.76000213623047
2015-02-11,16.959999084472656,19.709999084472656,2068.530029296875,1219.0,1.9880000352859497,94.98999786376953
2015-02-12,15.34000015258789,18.34000015258789,2088.47998046875,1220.0999755859375,1.9859999418258667,94.08999633789062
2015-02-13,14.6899995803833,18.1299991607666,2096.989990234375,1226.5,2.0209999084472656,94.19999694824219
2015-02-17,15.800000190734863,18.3799991607666,2100.340087890625,1208.0999755859375,2.1449999809265137,94.05999755859375
2015-02-18,15.449999809265137,18.65999984741211,2099.679931640625,1199.699951171875,2.065999984741211,94.19999694824219
2015-02-19,15.289999961853027,18.010000228881836,2097.449951171875,1207.0999755859375,2.11299991607666,94.4000015258789
2015-02-20,14.300000190734863,17.290000915527344,2110.300048828125,1204.4000244140625,2.132999897003174,94.25
2015-02-23,14.5600004196167,17.540000915527344,2109.659912109375,1200.300048828125,2.059000015258789,94.56999969482422
2015-02-24,13.6899995803833,16.709999084472656,2115.47998046875,1196.9000244140625,1.9880000352859497,94.48999786376953
2015-02-25,13.84000015258789,16.8700008392334,2113.860107421875,1201.0,1.968999981880188,94.20999908447266
2015-02-26,13.90999984741211,16.850000381469727,2110.739990234375,1209.5999755859375,2.0160000324249268,95.29000091552734
2015-02-27,13.34000015258789,16.889999389648438,2104.5,1212.5999755859375,2.002000093460083,95.25
2015-03-02,13.039999961853027,16.459999084472656,2117.389892578125,1207.699951171875,2.0840001106262207,95.45999908447266
2015-03-03,13.859999656677246,16.780000686645508,2107.780029296875,1204.0,2.121999979019165,95.37999725341797
2015-03-04,14.229999542236328,16.90999984741211,2098.530029296875,1200.5999755859375,2.122999906539917,95.97000122070312
2015-03-05,14.039999961853027,16.639999389648438,2101.0400390625,1195.9000244140625,2.111999988555908,96.37999725341797
2015-03-06,15.199999809265137,17.510000228881836,2071.260009765625,1164.0999755859375,2.240000009536743,97.62000274658203
2015-03-09,15.0600004196167,17.309999465942383,2079.429931640625,1166.4000244140625,2.194999933242798,97.58999633789062
2015-03-10,16.690000534057617,18.260000228881836,2044.1600341796875,1160.0999755859375,2.125999927520752,98.62000274658203
2015-03-11,16.8700008392334,18.530000686645508,2040.239990234375,1150.699951171875,2.1089999675750732,99.80000305175781
2015-03-12,15.420000076293945,17.389999389648438,2065.949951171875,1152.0999755859375,2.0959999561309814,99.1500015258789
2015-03-13,16.0,17.889999389648438,2053.39990234375,1152.5999755859375,2.111999988555908,100.33000183105469
2015-03-16,15.609999656677246,17.399999618530273,2081.18994140625,1153.300048828125,2.0980000495910645,99.5999984741211
2015-03-17,15.65999984741211,17.479999542236328,2074.280029296875,1148.300048828125,2.058000087738037,99.58999633789062
2015-03-18,13.970000267028809,16.43000030517578,2099.5,1151.4000244140625,1.9509999752044678,98.55000305175781
2015-03-19,14.069999694824219,16.969999313354492,2089.27001953125,1169.0999755859375,1.9769999980926514,99.0999984741211
2015-03-20,13.020000457763672,16.709999084472656,2108.10009765625,1184.800048828125,1.9299999475479126,97.91000366210938
2015-03-23,13.40999984741211,16.530000686645508,2104.419921875,1188.0,1.9149999618530273,97.02999877929688
2015-03-24,13.619999885559082,16.59000015258789,2091.5,1191.699951171875,1.878000020980835,97.19000244140625
2015-03-25,15.4399995803833,17.56999969482422,2061.050048828125,1197.300048828125,1.9199999570846558,96.9800033569336
2015-03-26,15.800000190734863,17.56999969482422,2056.14990234375,1205.0999755859375,2.006999969482422,97.44000244140625
2015-03-27,15.069999694824219,17.389999389648438,2061.02001953125,1199.800048828125,1.9479999542236328,97.29000091552734
2015-03-30,14.510000228881836,16.920000076293945,2086.239990234375,1184.800048828125,1.9630000591278076,97.9800033569336
2015-03-31,15.289999961853027,17.540000915527344,2067.889892578125,1183.0999755859375,1.934000015258789,98.36000061035156
2015-04-01,15.109999656677246,17.34000015258789,2059.68994140625,1208.0999755859375,1.8680000305175781,98.19000244140625
2015-04-02,14.670000076293945,17.219999313354492,2066.9599609375,1200.9000244140625,1.9040000438690186,97.44000244140625
2015-04-06,14.739999771118164,16.81999969482422,2080.6201171875,1218.5999755859375,1.9040000438690186,97.11000061035156
2015-04-07,14.779999732971191,16.799999237060547,2076.330078125,1210.5999755859375,1.8930000066757202,97.83000183105469
2015-04-08,13.979999542236328,16.399999618530273,2081.89990234375,1203.0999755859375,1.8949999809265137,98.06999969482422
2015-04-09,13.09000015258789,16.020000457763672,2091.179931640625,1193.5999755859375,1.9579999446868896,99.16000366210938
2015-04-10,12.579999923706055,15.460000038146973,2102.06005859375,1204.5999755859375,1.9509999752044678,99.38999938964844
2015-04-13,13.9399995803833,16.31999969482422,2092.429931640625,1199.300048828125,1.9390000104904175,99.48999786376953
2015-04-14,13.670000076293945,15.850000381469727,2095.840087890625,1192.800048828125,1.9040000438690186,98.76000213623047
2015-04-15,12.84000015258789,15.6899995803833,2106.6298828125,1201.5,1.899999976158142,98.33000183105469
2015-04-16,12.600000381469727,15.329999923706055,2104.989990234375,1198.0,1.878000020980835,97.41999816894531
2015-04-17,13.890000343322754,16.139999389648438,2081.179931640625,1202.9000244140625,1.850000023841858,97.5199966430664
2015-04-20,13.300000190734863,15.579999923706055,2100.39990234375,1193.5,1.8949999809265137,97.94000244140625
2015-04-21,13.25,15.520000457763672,2097.2900390625,1202.9000244140625,1.9160000085830688,97.9800033569336
2015-04-22,12.710000038146973,15.460000038146973,2107.9599609375,1186.9000244140625,1.972000002861023,98.0199966430664
2015-04-23,12.479999542236328,15.170000076293945,2112.929931640625,1194.4000244140625,1.9470000267028809,97.27999877929688
2015-04-24,12.289999961853027,15.260000228881836,2117.68994140625,1175.199951171875,1.9170000553131104,96.91999816894531
2015-04-27,13.119999885559082,15.930000305175781,2108.919921875,1203.300048828125,1.9240000247955322,96.7699966430664
2015-04-28,12.40999984741211,15.3100004196167,2114.760009765625,1214.0,1.9730000495910645,96.08999633789062
2015-04-29,13.390000343322754,15.970000267028809,2106.85009765625,1209.800048828125,2.0350000858306885,95.12000274658203
2015-04-30,14.550000190734863,16.479999542236328,2085.510009765625,1182.4000244140625,2.0460000038146973,94.5999984741211
2015-05-01,12.699999809265137,15.380000114440918,2108.2900390625,1174.5,2.117000102996826,95.30000305175781
2015-05-04,12.850000381469727,15.430000305175781,2114.489990234375,1186.800048828125,2.134999990463257,95.4800033569336
2015-05-05,14.3100004196167,16.31999969482422,2089.4599609375,1193.199951171875,2.1760001182556152,95.12999725341797
2015-05-06,15.149999618530273,16.719999313354492,2080.14990234375,1190.300048828125,2.240000009536743,94.12999725341797
2015-05-07,15.130000114440918,16.739999771118164,2088.0,1182.4000244140625,2.184000015258789,94.62000274658203
2015-05-08,12.859999656677246,15.5600004196167,2116.10009765625,1189.0999755859375,2.1500000953674316,94.79000091552734
2015-05-11,13.850000381469727,16.100000381469727,2105.330078125,1183.199951171875,2.2739999294281006,95.01000213623047
2015-05-12,13.859999656677246,16.399999618530273,2099.1201171875,1192.5999755859375,2.259999990463257,94.52999877929688
2015-05-13,13.760000228881836,16.290000915527344,2098.47998046875,1218.4000244140625,2.2820000648498535,93.62000274658203
2015-05-14,12.739999771118164,15.90999984741211,2121.10009765625,1225.4000244140625,2.239000082015991,93.36000061035156
2015-05-15,12.380000114440918,15.569999694824219,2122.72998046875,1225.5,2.1410000324249268,93.13999938964844
2015-05-18,12.729999542236328,15.229999542236328,2129.199951171875,1227.800048828125,2.2279999256134033,94.19000244140625
2015-05-19,12.850000381469727,15.279999732971191,2127.830078125,1206.9000244140625,2.26200008392334,95.2699966430664
2015-05-20,12.880000114440918,15.149999618530273,2125.85009765625,1208.9000244140625,2.250999927520752,95.44999694824219
2015-05-21,12.109999656677246,14.609999656677246,2130.820068359375,1204.4000244140625,2.184999942779541,95.26000213623047
2015-05-22,12.130000114440918,14.479999542236328,2126.06005859375,1204.300048828125,2.2149999141693115,96.01000213623047
2015-05-26,14.0600004196167,15.479999542236328,2104.199951171875,1187.199951171875,2.13700008392334,97.30000305175781
2015-05-27,13.270000457763672,14.989999771118164,2123.47998046875,1185.9000244140625,2.134999990463257,97.37000274658203
2015-05-28,13.3100004196167,15.010000228881836,2120.7900390625,1188.0999755859375,2.130000114440918,96.97000122070312
2015-05-29,13.84000015258789,15.380000114440918,2107.389892578125,1189.4000244140625,2.0950000286102295,96.91000366210938
2015-06-01,13.970000267028809,15.40999984741211,2111.72998046875,1188.300048828125,2.191999912261963,97.38999938964844
2015-06-02,14.239999771118164,15.710000038146973,2109.60009765625,1194.0999755859375,2.2660000324249268,95.83999633789062
2015-06-03,13.65999984741211,15.359999656677246,2114.070068359375,1184.699951171875,2.365999937057495,95.47000122070312
2015-06-04,14.710000038146973,16.280000686645508,2095.840087890625,1174.9000244140625,2.306999921798706,95.45999908447266
2015-06-05,14.210000038146973,15.960000038146973,2092.830078125,1167.800048828125,2.4019999504089355,96.30999755859375
2015-06-08,15.289999961853027,16.600000381469727,2079.280029296875,1173.199951171875,2.38100004196167,95.30000305175781
2015-06-09,14.470000267028809,16.25,2080.14990234375,1177.300048828125,2.4170000553131104,95.16999816894531
2015-06-10,13.220000267028809,15.329999923706055,2105.199951171875,1186.0999755859375,2.4779999256134033,94.6500015258789
2015-06-11,12.850000381469727,15.100000381469727,2108.860107421875,1179.9000244140625,2.382999897003174,94.9800033569336
2015-06-12,13.779999732971191,15.609999656677246,2094.110107421875,1178.800048828125,2.384999990463257,94.97000122070312
2015-06-15,15.390000343322754,16.6200008392334,2084.429931640625,1185.300048828125,2.3580000400543213,94.80999755859375
2015-06-16,14.8100004196167,16.200000762939453,2096.2900390625,1180.5,2.318000078201294,95.0
2015-06-17,14.5,16.219999313354492,2100.43994140625,1176.4000244140625,2.305999994277954,94.30000305175781
2015-06-18,13.1899995803833,15.4399995803833,2121.239990234375,1201.5,2.3510000705718994,94.04000091552734
2015-06-19,13.960000038146973,15.90999984741211,2109.989990234375,1201.5,2.2669999599456787,94.08999633789062
2015-06-22,12.739999771118164,14.989999771118164,2122.85009765625,1183.699951171875,2.359999895095825,94.33000183105469
2015-06-23,12.109999656677246,14.539999961853027,2124.199951171875,1176.199951171875,2.4089999198913574,95.43000030517578
2015-06-24,13.260000228881836,15.180000305175781,2108.580078125,1172.5999755859375,2.371000051498413,95.26000213623047
2015-06-25,14.010000228881836,15.520000457763672,2102.31005859375,1171.5,2.3929998874664307,95.19000244140625
2015-06-26,14.020000457763672,15.460000038146973,2101.489990234375,1172.9000244140625,2.4760000705718994,95.47000122070312
2015-06-29,18.850000381469727,18.719999313354492,2057.639892578125,1178.5,2.3310000896453857,94.79000091552734
2015-06-30,18.229999542236328,18.469999313354492,2063.110107421875,1171.5,2.3350000381469727,95.48999786376953
2015-07-01,16.09000015258789,16.790000915527344,2077.419921875,1169.0,2.4179999828338623,96.30999755859375
2015-07-02,16.790000915527344,17.68000030517578,2076.780029296875,1163.0,2.3929998874664307,96.11000061035156
2015-07-06,17.010000228881836,18.040000915527344,2068.760009765625,1172.9000244140625,2.2780001163482666,96.30000305175781
2015-07-07,16.09000015258789,17.020000457763672,2081.340087890625,1152.4000244140625,2.2309999465942383,96.87000274658203
2015-07-08,19.65999984741211,19.25,2046.6800537109375,1163.300048828125,2.2060000896453857,96.29000091552734
2015-07-09,19.969999313354492,19.780000686645508,2051.31005859375,1159.0,2.3010001182556152,96.61000061035156
2015-07-10,16.829999923706055,17.729999542236328,2076.6201171875,1157.699951171875,2.4170000553131104,96.02999877929688
2015-07-13,13.899999618530273,15.9399995803833,2099.60009765625,1155.199951171875,2.430000066757202,96.86000061035156
2015-07-14,13.369999885559082,15.460000038146973,2108.949951171875,1153.300048828125,2.3989999294281006,96.63999938964844
2015-07-15,13.229999542236328,15.600000381469727,2107.39990234375,1147.199951171875,2.3499999046325684,97.12999725341797
2015-07-16,12.109999656677246,14.729999542236328,2124.2900390625,1143.800048828125,2.3519999980926514,97.66000366210938
2015-07-17,11.949999809265137,14.609999656677246,2126.639892578125,1131.800048828125,2.3489999771118164,97.86000061035156
2015-07-20,12.25,14.850000381469727,2128.280029296875,1106.699951171875,2.371999979019165,98.02999877929688
2015-07-21,12.220000267028809,14.75,2119.2099609375,1103.4000244140625,2.3399999141693115,97.33000183105469
2015-07-22,12.119999885559082,14.8100004196167,2114.14990234375,1091.4000244140625,2.322000026702881,97.5999984741211
2015-07-23,12.640000343322754,14.920000076293945,2102.14990234375,1094.0,2.2769999504089355,97.12000274658203
2015-07-24,13.739999771118164,15.649999618530273,2079.64990234375,1085.5999755859375,2.2709999084472656,97.23999786376953
2015-07-27,15.600000381469727,16.780000686645508,2067.639892578125,1096.5,2.2279999256134033,96.5
2015-07-28,13.4399995803833,15.430000305175781,2093.25,1096.300048828125,2.25,96.7699966430664
2015-07-29,12.5,14.920000076293945,2108.570068359375,1092.699951171875,2.2790000438690186,96.9800033569336
2015-07-30,12.130000114440918,14.710000038146973,2108.6298828125,1088.4000244140625,2.2679998874664307,97.55999755859375
2015-07-31,12.119999885559082,14.899999618530273,2103.840087890625,1094.9000244140625,2.2049999237060547,97.37000274658203
2015-08-03,12.5600004196167,14.84000015258789,2098.0400390625,1089.4000244140625,2.1500000953674316,97.48999786376953
2015-08-04,13.0,15.130000114440918,2093.320068359375,1090.699951171875,2.2109999656677246,97.93000030517578
2015-08-05,12.510000228881836,14.880000114440918,2099.840087890625,1085.699951171875,2.2679998874664307,97.95999908447266
2015-08-06,13.770000457763672,15.550000190734863,2083.56005859375,1090.199951171875,2.2339999675750732,97.83000183105469
2015-08-07,13.390000343322754,15.420000076293945,2077.570068359375,1094.0999755859375,2.174999952316284,97.55999755859375
2015-08-10,12.229999542236328,14.989999771118164,2104.179931640625,1104.199951171875,2.23799991607666,97.16000366210938
2015-08-11,13.710000038146973,15.9399995803833,2084.070068359375,1107.5999755859375,2.13700008392334,97.29000091552734
2015-08-12,13.609999656677246,15.869999885559082,2086.050048828125,1123.199951171875,2.130000114440918,96.26000213623047
2015-08-13,13.489999771118164,15.75,2083.389892578125,1115.699951171875,2.188999891281128,96.44999694824219
2015-08-14,12.829999923706055,15.510000228881836,2091.5400390625,1112.9000244140625,2.196000099182129,96.56999969482422
2015-08-17,13.020000457763672,15.210000038146973,2102.43994140625,1118.5999755859375,2.1500000953674316,96.81999969482422
2015-08-18,13.789999961853027,15.609999656677246,2096.919921875,1117.0999755859375,2.196000099182129,96.97000122070312
2015-08-19,15.25,16.5,2079.610107421875,1128.0999755859375,2.128999948501587,96.45999908447266
2015-08-20,19.139999389648438,18.829999923706055,2035.72998046875,1153.0,2.0840001106262207,95.75
2015-08-21,28.030000686645508,23.469999313354492,1970.8900146484375,1159.5999755859375,2.053999900817871,94.83000183105469
2015-08-24,40.7400016784668,31.139999389648438,1893.2099609375,1153.4000244140625,1.996999979019165,93.30999755859375
2015-08-25,36.02000045776367,29.579999923706055,1867.6099853515625,1138.199951171875,2.132999897003174,94.52999877929688
2015-08-26,30.31999969482422,25.649999618530273,1940.510009765625,1124.5999755859375,2.171999931335449,95.0999984741211
2015-08-27,26.100000381469727,24.860000610351562,1987.6600341796875,1122.4000244140625,2.1679999828338623,95.61000061035156
2015-08-28,26.049999237060547,25.34000015258789,1988.8699951171875,1133.0999755859375,2.186000108718872,96.11000061035156
2015-08-31,28.43000030517578,26.530000686645508,1972.1800537109375,1131.5999755859375,2.200000047683716,95.94999694824219
2015-09-01,31.399999618530273,29.530000686645508,1913.8499755859375,1138.699951171875,2.171999931335449,95.44999694824219
2015-09-02,26.09000015258789,26.190000534057617,1948.8599853515625,1132.5,2.193000078201294,95.83000183105469
2015-09-03,25.610000610351562,26.200000762939453,1951.1300048828125,1123.699951171875,2.1679999828338623,96.41000366210938
2015-09-04,27.799999237060547,28.06999969482422,1921.219970703125,1120.5999755859375,2.128000020980835,96.2300033569336
2015-09-08,24.899999618530273,25.690000534057617,1969.4100341796875,1120.4000244140625,2.194000005722046,95.87999725341797
2015-09-09,26.229999542236328,26.309999465942383,1942.0400390625,1102.199951171875,2.180999994277954,96.01000213623047
2015-09-10,24.3700008392334,25.649999618530273,1952.2900390625,1109.5,2.2219998836517334,95.45999908447266
2015-09-11,23.200000762939453,24.68000030517578,1961.050048828125,1103.5,2.183000087738037,95.19000244140625
2015-09-14,24.25,23.700000762939453,1953.030029296875,1107.699951171875,2.180000066757202,95.25
2015-09-15,22.540000915527344,23.1200008392334,1978.0899658203125,1102.800048828125,2.2809998989105225,95.61000061035156
2015-09-16,21.350000381469727,22.329999923706055,1995.31005859375,1119.199951171875,2.302999973297119,95.41999816894531
2015-09-17,21.139999389648438,21.139999389648438,1990.199951171875,1117.300048828125,2.2170000076293945,94.55000305175781
2015-09-18,22.280000686645508,23.200000762939453,1958.030029296875,1138.0999755859375,2.130000114440918,94.86000061035156
2015-09-21,20.139999389648438,21.59000015258789,1966.969970703125,1133.0999755859375,2.2139999866485596,95.88999938964844
2015-09-22,22.440000534057617,23.280000686645508,1942.739990234375,1125.0,2.125,96.27999877929688
2015-09-23,22.1299991607666,22.8799991607666,1938.760009765625,1131.5999755859375,2.1440000534057617,96.06999969482422
2015-09-24,23.469999313354492,23.459999084472656,1932.239990234375,1153.800048828125,2.119999885559082,95.98999786376953
2015-09-25,23.6200008392334,24.399999618530273,1931.3399658203125,1146.0,2.1679999828338623,96.2699966430664
2015-09-28,27.6299991607666,26.3799991607666,1881.77001953125,1132.0,2.0950000286102295,96.02999877929688
2015-09-29,26.829999923706055,26.0,1884.0899658203125,1127.0999755859375,2.053999900817871,95.88999938964844
2015-09-30,24.5,24.75,1920.030029296875,1115.5,2.059999942779541,96.3499984741211
2015-10-01,22.549999237060547,23.829999923706055,1923.8199462890625,1114.199951171875,2.0420000553131104,96.19000244140625
2015-10-02,20.940000534057617,22.600000381469727,1951.3599853515625,1137.0999755859375,1.9889999628067017,95.83000183105469
2015-10-05,19.540000915527344,21.329999923706055,1987.050048828125,1138.0999755859375,2.055999994277954,96.11000061035156
2015-10-06,19.399999618530273,21.59000015258789,1979.9200439453125,1146.800048828125,2.0350000858306885,95.45999908447266
2015-10-07,18.399999618530273,20.709999084472656,1995.8299560546875,1149.0,2.062000036239624,95.5
2015-10-08,17.420000076293945,20.09000015258789,2013.4300537109375,1144.699951171875,2.1080000400543213,95.31999969482422
2015-10-09,17.079999923706055,19.850000381469727,2014.8900146484375,1156.300048828125,2.0989999771118164,94.80999755859375
2015-10-12,16.170000076293945,19.260000228881836,2017.4599609375,1164.9000244140625,2.0899999141693115,94.83999633789062
2015-10-13,17.670000076293945,20.5,2003.68994140625,1165.800048828125,2.055000066757202,94.76000213623047
2015-10-14,18.030000686645508,20.809999465942383,1994.239990234375,1180.0999755859375,1.9809999465942383,93.93000030517578
2015-10-15,16.049999237060547,19.43000030517578,2023.8599853515625,1187.9000244140625,2.0230000019073486,94.37000274658203
2015-10-16,15.050000190734863,18.670000076293945,2033.1099853515625,1183.5999755859375,2.0230000019073486,94.54000091552734
2015-10-19,14.979999542236328,17.860000610351562,2033.6600341796875,1173.300048828125,2.0280001163482666,94.95999908447266
2015-10-20,15.75,18.600000381469727,2030.77001953125,1178.0,2.071000099182129,94.8499984741211
2015-10-21,16.700000762939453,19.459999084472656,2018.93994140625,1167.5999755859375,2.0299999713897705,95.05000305175781
2015-10-22,14.449999809265137,17.15999984741211,2052.510009765625,1166.5999755859375,2.0250000953674316,96.33999633789062
2015-10-23,14.460000038146973,17.479999542236328,2075.14990234375,1163.300048828125,2.0829999446868896,97.06999969482422
2015-10-26,15.289999961853027,17.989999771118164,2071.179931640625,1167.0,2.058000087738037,96.86000061035156
2015-10-27,15.430000305175781,18.139999389648438,2065.889892578125,1166.800048828125,2.0280001163482666,96.91000366210938
2015-10-28,14.329999923706055,17.489999771118164,2090.35009765625,1177.0999755859375,2.0920000076293945,97.77999877929688
2015-10-29,14.609999656677246,17.809999465942383,2089.409912109375,1147.199951171875,2.1730000972747803,97.27999877929688
2015-10-30,15.069999694824219,18.399999618530273,2079.360107421875,1141.5,2.1510000228881836,96.94999694824219
2015-11-02,14.149999618530273,17.420000076293945,2104.050048828125,1135.800048828125,2.187000036239624,96.93000030517578
2015-11-03,14.539999961853027,17.469999313354492,2109.7900390625,1114.199951171875,2.2200000286102295,97.16000366210938
2015-11-04,15.510000228881836,18.309999465942383,2102.31005859375,1106.5,2.2300000190734863,97.94999694824219
2015-11-05,15.050000190734863,17.809999465942383,2099.929931640625,1104.4000244140625,2.244999885559082,97.94000244140625
2015-11-06,14.329999923706055,17.450000762939453,2099.199951171875,1087.5999755859375,2.3329999446868896,99.16000366210938
2015-11-09,16.520000457763672,18.850000381469727,2078.580078125,1087.9000244140625,2.3420000076293945,98.9800033569336
2015-11-10,15.289999961853027,18.020000457763672,2081.719970703125,1088.199951171875,2.322000026702881,99.29000091552734
2015-11-11,16.059999465942383,18.450000762939453,2075.0,1084.699951171875,2.3380000591278076,99.01000213623047
2015-11-12,18.3700008392334,20.170000076293945,2045.969970703125,1080.800048828125,2.319000005722046,98.6500015258789
2015-11-13,20.079999923706055,21.579999923706055,2023.0400390625,1080.800048828125,2.2799999713897705,98.98999786376953
2015-11-16,18.15999984741211,19.979999542236328,2053.18994140625,1083.699951171875,2.2730000019073486,99.44000244140625
2015-11-17,18.84000015258789,20.43000030517578,2050.43994140625,1068.699951171875,2.260999917984009,99.62999725341797
2015-11-18,16.850000381469727,19.219999313354492,2083.580078125,1068.800048828125,2.2690000534057617,99.6500015258789
2015-11-19,16.989999771118164,19.639999389648438,2081.239990234375,1078.0,2.247999906539917,98.98999786376953
2015-11-20,15.470000267028809,18.940000534057617,2089.169921875,1076.4000244140625,2.26200008392334,99.56999969482422
2015-11-23,15.619999885559082,18.6299991607666,2086.590087890625,1066.800048828125,2.25,99.80000305175781
2015-11-24,15.930000305175781,18.709999084472656,2089.139892578125,1074.300048828125,2.243000030517578,99.52999877929688
2015-11-25,15.1899995803833,18.190000534057617,2088.8701171875,1070.5,2.2320001125335693,99.80000305175781
2015-11-27,15.119999885559082,17.350000381469727,2090.110107421875,1056.199951171875,2.2249999046325684,100.0199966430664
2015-11-30,16.1299991607666,18.489999771118164,2080.409912109375,1065.800048828125,2.2179999351501465,100.16999816894531
2015-12-01,14.670000076293945,17.579999923706055,2102.6298828125,1063.800048828125,2.1549999713897705,99.80000305175781
2015-12-02,15.90999984741211,18.329999923706055,2079.510009765625,1054.199951171875,2.177999973297119,99.98999786376953
2015-12-03,18.110000610351562,20.110000610351562,2049.6201171875,1061.699951171875,2.3299999237060547,97.62000274658203
2015-12-04,14.8100004196167,18.170000076293945,2091.68994140625,1084.5,2.2750000953674316,98.3499984741211
2015-12-07,15.84000015258789,18.649999618530273,2077.070068359375,1076.4000244140625,2.2249999046325684,98.66000366210938
2015-12-08,17.600000381469727,20.059999465942383,2063.590087890625,1076.300048828125,2.23799991607666,98.47000122070312
2015-12-09,19.610000610351562,21.049999237060547,2047.6199951171875,1077.5999755859375,2.2079999446868896,97.3499984741211
2015-12-10,19.34000015258789,20.760000228881836,2052.22998046875,1073.0999755859375,2.239000082015991,97.94000244140625
2015-12-11,24.389999389648438,24.3799991607666,2012.3699951171875,1076.9000244140625,2.1389999389648438,97.56999969482422
2015-12-14,22.729999542236328,23.299999237060547,2021.93994140625,1064.699951171875,2.2249999046325684,97.5999984741211
2015-12-15,20.950000762939453,21.860000610351562,2043.4100341796875,1062.9000244140625,2.2679998874664307,98.22000122070312
2015-12-16,17.860000610351562,19.56999969482422,2073.070068359375,1078.0,2.2869999408721924,97.87000274658203
2015-12-17,18.940000534057617,20.3700008392334,2041.8900146484375,1050.800048828125,2.23799991607666,99.2699966430664
2015-12-18,20.700000762939453,21.260000228881836,2005.550048828125,1066.199951171875,2.1989998817443848,98.69999694824219
2015-12-21,18.700000762939453,21.110000610351562,2021.1500244140625,1081.9000244140625,2.197000026702881,98.45999908447266
2015-12-22,16.600000381469727,19.84000015258789,2038.969970703125,1074.800048828125,2.239000082015991,98.23999786376953
2015-12-23,15.569999694824219,19.329999923706055,2064.2900390625,1069.4000244140625,2.2639999389648438,98.33999633789062
2015-12-24,15.739999771118164,19.690000534057617,2060.989990234375,1077.199951171875,2.243000030517578,97.9800033569336
2015-12-28,16.90999984741211,19.68000030517578,2056.5,1070.5,2.2249999046325684,97.91999816894531
2015-12-29,16.079999923706055,19.100000381469727,2078.360107421875,1077.5,2.306999921798706,98.0999984741211
2015-12-30,17.290000915527344,19.59000015258789,2063.360107421875,1060.0999755859375,2.302999973297119,98.2699966430664
2015-12-31,18.209999084472656,19.799999237060547,2043.93994140625,1060.300048828125,2.2690000534057617,98.62999725341797
2016-01-04,20.700000762939453,22.010000228881836,2012.6600341796875,1075.0999755859375,2.244999885559082,98.87000274658203
2016-01-05,19.34000015258789,20.520000457763672,2016.7099609375,1078.4000244140625,2.247999906539917,99.4000015258789
2016-01-06,20.59000015258789,21.270000457763672,1990.260009765625,1091.9000244140625,2.177000045776367,99.18000030517578
2016-01-07,24.989999771118164,24.6200008392334,1943.0899658203125,1107.699951171875,2.1530001163482666,98.22000122070312
2016-01-08,27.010000228881836,26.229999542236328,1922.030029296875,1097.800048828125,2.130000114440918,98.54000091552734
2016-01-11,24.299999237060547,24.729999542236328,1923.6700439453125,1096.5,2.1579999923706055,98.7300033569336
2016-01-12,22.469999313354492,22.530000686645508,1938.6800537109375,1085.5999755859375,2.1019999980926514,98.97000122070312
2016-01-13,25.219999313354492,24.889999389648438,1890.280029296875,1087.5,2.065999984741211,98.93000030517578
2016-01-14,23.950000762939453,23.530000686645508,1921.8399658203125,1073.9000244140625,2.0980000495910645,99.08999633789062
2016-01-15,27.020000457763672,26.8799991607666,1880.3299560546875,1091.5,2.0329999923706055,98.95999908447266
2016-01-19,26.049999237060547,26.440000534057617,1881.3299560546875,1089.9000244140625,2.0350000858306885,98.98999786376953
2016-01-20,27.59000015258789,27.809999465942383,1859.3299560546875,1107.0999755859375,1.9839999675750732,99.08999633789062
2016-01-21,26.690000534057617,26.709999084472656,1868.989990234375,1099.0999755859375,2.0190000534057617,99.05999755859375
2016-01-22,22.34000015258789,24.280000686645508,1906.9000244140625,1097.199951171875,2.0480000972747803,99.56999969482422
2016-01-25,24.149999618530273,25.25,1877.0799560546875,1106.199951171875,2.0220000743865967,99.36000061035156
2016-01-26,22.5,23.290000915527344,1903.6300048828125,1121.699951171875,1.99399995803833,99.36000061035156
2016-01-27,23.110000610351562,24.469999313354492,1882.949951171875,1116.0999755859375,2.000999927520752,98.9000015258789
2016-01-28,22.420000076293945,24.020000457763672,1893.3599853515625,1115.5999755859375,1.9850000143051147,98.51000213623047
2016-01-29,20.200000762939453,22.65999984741211,1940.239990234375,1116.4000244140625,1.930999994277954,99.61000061035156
2016-02-01,19.979999542236328,22.010000228881836,1939.3800048828125,1127.9000244140625,1.965999960899353,99.0
2016-02-02,21.979999542236328,23.40999984741211,1903.030029296875,1127.300048828125,1.8639999628067017,98.87000274658203
2016-02-03,21.649999618530273,23.200000762939453,1912.530029296875,1141.300048828125,1.88100004196167,97.29000091552734
2016-02-04,21.84000015258789,23.65999984741211,1915.449951171875,1157.5999755859375,1.8639999628067017,96.47000122070312
2016-02-05,23.3799991607666,24.479999542236328,1880.050048828125,1157.800048828125,1.8480000495910645,97.02999877929688
2016-02-08,26.0,25.979999542236328,1853.43994140625,1197.9000244140625,1.7350000143051147,96.56999969482422
2016-02-09,26.540000915527344,26.799999237060547,1852.2099609375,1198.699951171875,1.7289999723434448,96.06999969482422
2016-02-10,26.290000915527344,26.719999313354492,1851.8599853515625,1194.699951171875,1.7050000429153442,95.88999938964844
2016-02-11,28.139999389648438,27.719999313354492,1829.0799560546875,1247.9000244140625,1.6440000534057617,95.55999755859375
2016-02-12,25.399999618530273,26.229999542236328,1864.780029296875,1239.0999755859375,1.7480000257492065,95.9800033569336
2016-02-16,24.110000610351562,25.010000228881836,1895.5799560546875,1207.9000244140625,1.777999997138977,96.87000274658203
2016-02-17,22.309999465942383,23.549999237060547,1926.8199462890625,1211.0999755859375,1.819000005722046,96.79000091552734
2016-02-18,21.639999389648438,23.200000762939453,1917.8299560546875,1226.0999755859375,1.7589999437332153,96.94999694824219
2016-02-19,20.530000686645508,22.799999237060547,1917.780029296875,1230.4000244140625,1.7480000257492065,96.5999984741211
2016-02-22,19.3799991607666,21.6200008392334,1945.5,1209.5,1.7660000324249268,97.37999725341797
2016-02-23,20.979999542236328,22.440000534057617,1921.27001953125,1222.300048828125,1.7450000047683716,97.4800033569336
2016-02-24,20.719999313354492,22.34000015258789,1929.800048828125,1238.699951171875,1.7419999837875366,97.45999908447266
2016-02-25,19.110000610351562,21.239999771118164,1951.699951171875,1238.199951171875,1.6970000267028809,97.29000091552734
2016-02-26,19.809999465942383,21.860000610351562,1948.050048828125,1219.800048828125,1.7619999647140503,98.1500015258789
2016-02-29,20.549999237060547,22.389999389648438,1932.22998046875,1233.9000244140625,1.7400000095367432,98.20999908447266
2016-03-01,17.700000762939453,20.280000686645508,1978.3499755859375,1230.300048828125,1.8339999914169312,98.3499984741211
2016-03-02,17.09000015258789,19.920000076293945,1986.449951171875,1241.0999755859375,1.8480000495910645,98.20999908447266
2016-03-03,16.700000762939453,19.489999771118164,1993.4000244140625,1257.4000244140625,1.8300000429153442,97.56999969482422
2016-03-04,16.860000610351562,19.6299991607666,1999.989990234375,1269.9000244140625,1.8830000162124634,97.33999633789062
2016-03-07,17.350000381469727,19.899999618530273,2001.760009765625,1263.199951171875,1.9019999504089355,97.06999969482422
2016-03-08,18.670000076293945,21.040000915527344,1979.260009765625,1262.0999755859375,1.8320000171661377,97.20999908447266
2016-03-09,18.34000015258789,20.75,1989.260009765625,1256.5999755859375,1.8919999599456787,97.16999816894531
2016-03-10,18.049999237060547,20.709999084472656,1989.5699462890625,1272.0,1.9290000200271606,96.06999969482422
2016-03-11,16.5,19.469999313354492,2022.18994140625,1258.699951171875,1.9769999980926514,96.16999816894531
2016-03-14,16.920000076293945,19.420000076293945,2019.6400146484375,1244.4000244140625,1.9630000591278076,96.62000274658203
2016-03-15,16.84000015258789,19.329999923706055,2015.9300537109375,1230.4000244140625,1.9589999914169312,96.62999725341797
2016-03-16,14.989999771118164,18.479999542236328,2027.219970703125,1229.300048828125,1.937999963760376,95.88999938964844
2016-03-17,14.4399995803833,18.139999389648438,2040.5899658203125,1264.5,1.902999997138977,94.76000213623047
2016-03-18,14.020000457763672,17.93000030517578,2049.580078125,1253.800048828125,1.871000051498413,94.98999786376953
2016-03-21,13.789999961853027,17.59000015258789,2051.60009765625,1243.800048828125,1.9229999780654907,95.29000091552734
2016-03-22,14.170000076293945,17.75,2049.800048828125,1248.199951171875,1.934999942779541,95.6500015258789
2016-03-23,14.9399995803833,18.299999237060547,2036.7099609375,1223.699951171875,1.875,96.05000305175781
2016-03-24,14.739999771118164,18.270000457763672,2035.93994140625,1221.4000244140625,1.899999976158142,96.13999938964844
2016-03-28,15.239999771118164,18.299999237060547,2037.050048828125,1219.9000244140625,1.8700000047683716,95.94000244140625
2016-03-29,13.819999694824219,17.239999771118164,2055.010009765625,1235.5999755859375,1.8140000104904175,95.16000366210938
2016-03-30,13.5600004196167,16.920000076293945,2063.949951171875,1226.9000244140625,1.8300000429153442,94.83999633789062
2016-03-31,13.949999809265137,17.079999923706055,2059.739990234375,1234.199951171875,1.7860000133514404,94.58999633789062
2016-04-01,13.100000381469727,16.5,2072.780029296875,1222.199951171875,1.7920000553131104,94.62000274658203
2016-04-04,14.119999885559082,17.229999542236328,2066.1298828125,1218.0,1.7790000438690186,94.51000213623047
2016-04-05,15.420000076293945,18.3799991607666,2045.1700439453125,1228.4000244140625,1.7269999980926514,94.62999725341797
2016-04-06,14.09000015258789,17.280000686645508,2066.659912109375,1222.5,1.7549999952316284,94.43000030517578
2016-04-07,16.15999984741211,18.860000610351562,2041.9100341796875,1236.199951171875,1.690999984741211,94.4800033569336
2016-04-08,15.359999656677246,18.31999969482422,2047.5999755859375,1242.5,1.7200000286102295,94.23999786376953
2016-04-11,16.260000228881836,18.889999389648438,2041.989990234375,1256.699951171875,1.7239999771118164,93.94999694824219
2016-04-12,14.850000381469727,17.969999313354492,2061.719970703125,1259.4000244140625,1.781000018119812,93.95999908447266
2016-04-13,13.84000015258789,17.260000228881836,2082.419921875,1246.800048828125,1.7619999647140503,94.73999786376953
2016-04-14,13.720000267028809,17.239999771118164,2082.780029296875,1225.0,1.781000018119812,94.9000015258789
2016-04-15,13.619999885559082,17.15999984741211,2080.72998046875,1233.0999755859375,1.7519999742507935,94.69999694824219
2016-04-18,13.350000381469727,16.510000228881836,2094.340087890625,1233.5999755859375,1.7730000019073486,94.48999786376953
2016-04-19,13.239999771118164,16.469999313354492,2100.800048828125,1253.0,1.7829999923706055,93.9800033569336
2016-04-20,13.279999732971191,16.600000381469727,2102.39990234375,1253.199951171875,1.8539999723434448,94.48999786376953
2016-04-21,13.949999809265137,17.139999389648438,2091.47998046875,1249.0,1.8700000047683716,94.5999984741211
2016-04-22,13.220000267028809,16.639999389648438,2091.580078125,1228.699951171875,1.8880000114440918,95.12000274658203
2016-04-25,14.079999923706055,17.219999313354492,2087.7900390625,1238.9000244140625,1.9019999504089355,94.83999633789062
2016-04-26,13.960000038146973,16.920000076293945,2091.699951171875,1242.199951171875,1.930999994277954,94.56999969482422
2016-04-27,13.770000457763672,16.770000457763672,2095.14990234375,1249.199951171875,1.8600000143051147,94.38999938964844
2016-04-28,15.220000267028809,17.780000686645508,2075.81005859375,1265.5,1.8380000591278076,93.76000213623047
2016-04-29,15.699999809265137,18.450000762939453,2065.300048828125,1289.199951171875,1.819000005722046,93.08000183105469
2016-05-02,14.680000305175781,17.780000686645508,2081.429931640625,1294.699951171875,1.8650000095367432,92.62999725341797
2016-05-03,15.600000381469727,18.56999969482422,2063.3701171875,1290.699951171875,1.7999999523162842,92.94000244140625
2016-05-04,16.049999237060547,18.90999984741211,2051.1201171875,1273.300048828125,1.784000039100647,93.18000030517578
2016-05-05,15.90999984741211,18.920000076293945,2050.6298828125,1271.4000244140625,1.746999979019165,93.77999877929688
2016-05-06,14.720000267028809,18.270000457763672,2057.139892578125,1292.9000244140625,1.7790000438690186,93.88999938964844
2016-05-09,14.569999694824219,18.049999237060547,2058.68994140625,1265.5999755859375,1.7599999904632568,94.1500015258789
2016-05-10,13.630000114440918,17.18000030517578,2084.389892578125,1263.9000244140625,1.7599999904632568,94.29000091552734
2016-05-11,14.6899995803833,18.020000457763672,2064.4599609375,1274.5999755859375,1.7369999885559082,93.81999969482422
2016-05-12,14.40999984741211,17.75,2064.110107421875,1270.300048828125,1.7569999694824219,94.13999938964844
2016-05-13,15.039999961853027,18.25,2046.6099853515625,1271.9000244140625,1.7050000429153442,94.61000061035156
2016-05-16,14.680000305175781,17.700000762939453,2066.659912109375,1273.4000244140625,1.753000020980835,94.56999969482422
2016-05-17,15.569999694824219,18.43000030517578,2047.2099609375,1276.199951171875,1.7589999437332153,94.55000305175781
2016-05-18,15.949999809265137,18.540000915527344,2047.6300048828125,1273.699951171875,1.8799999952316284,95.08000183105469
2016-05-19,16.329999923706055,18.770000457763672,2040.0400390625,1254.199951171875,1.8450000286102295,95.29000091552734
2016-05-20,15.199999809265137,18.049999237060547,2052.320068359375,1252.4000244140625,1.8489999771118164,95.30999755859375
2016-05-23,15.819999694824219,18.149999618530273,2048.0400390625,1251.0999755859375,1.8380000591278076,95.2300033569336
2016-05-24,14.420000076293945,17.079999923706055,2076.06005859375,1228.9000244140625,1.8589999675750732,95.56999969482422
2016-05-25,13.899999618530273,16.770000457763672,2090.5400390625,1223.5,1.8700000047683716,95.3499984741211
2016-05-26,13.430000305175781,16.559999465942383,2090.10009765625,1220.0999755859375,1.8229999542236328,95.16999816894531
2016-05-27,13.119999885559082,16.309999465942383,2099.06005859375,1213.800048828125,1.8509999513626099,95.5199966430664
2016-05-31,14.1899995803833,16.6299991607666,2096.949951171875,1214.800048828125,1.8339999914169312,95.88999938964844
2016-06-01,14.199999809265137,16.700000762939453,2099.330078125,1211.9000244140625,1.8459999561309814,95.45999908447266
2016-06-02,13.630000114440918,16.3700008392334,2105.260009765625,1209.800048828125,1.8109999895095825,95.55999755859375
2016-06-03,13.470000267028809,16.489999771118164,2099.1298828125,1240.0999755859375,1.7039999961853027,94.02999877929688
2016-06-06,13.649999618530273,16.440000534057617,2109.409912109375,1244.5999755859375,1.7230000495910645,93.9000015258789
2016-06-07,14.050000190734863,16.6299991607666,2112.1298828125,1244.4000244140625,1.7130000591278076,93.83000183105469
2016-06-08,14.079999923706055,16.790000915527344,2119.1201171875,1259.800048828125,1.7059999704360962,93.58999633789062
2016-06-09,14.640000343322754,17.31999969482422,2115.47998046875,1270.199951171875,1.6799999475479126,94.0999984741211
2016-06-10,17.030000686645508,18.940000534057617,2096.070068359375,1273.4000244140625,1.6390000581741333,94.5999984741211
2016-06-13,20.969999313354492,21.8700008392334,2079.06005859375,1284.4000244140625,1.6160000562667847,94.37000274658203
2016-06-14,20.5,21.940000534057617,2075.320068359375,1285.5999755859375,1.6109999418258667,94.93000030517578
2016-06-15,20.139999389648438,21.809999465942383,2071.5,1285.800048828125,1.5959999561309814,94.61000061035156
2016-06-16,19.3700008392334,21.15999984741211,2077.989990234375,1296.0999755859375,1.5640000104904175,94.56999969482422
2016-06-17,19.40999984741211,21.309999465942383,2071.219970703125,1292.5,1.6180000305175781,94.20999908447266
2016-06-20,18.3700008392334,19.809999465942383,2083.25,1290.0,1.6699999570846558,93.61000061035156
2016-06-21,18.479999542236328,19.690000534057617,2088.89990234375,1270.5,1.6970000267028809,94.0199966430664
2016-06-22,21.170000076293945,21.079999923706055,2085.449951171875,1268.0,1.684999942779541,93.72000122070312
2016-06-23,17.25,18.420000076293945,2113.320068359375,1261.199951171875,1.7389999628067017,93.52999877929688
2016-06-24,25.760000228881836,23.93000030517578,2037.4100341796875,1320.0,1.5789999961853027,95.44999694824219
2016-06-27,23.850000381469727,23.68000030517578,2000.5400390625,1322.5,1.4600000381469727,96.54000091552734
2016-06-28,18.75,20.260000228881836,2036.0899658203125,1315.300048828125,1.4609999656677246,96.25
2016-06-29,16.639999389648438,18.729999542236328,2070.77001953125,1323.9000244140625,1.4769999980926514,95.7699966430664
2016-06-30,15.630000114440918,18.09000015258789,2098.860107421875,1318.4000244140625,1.4880000352859497,96.13999938964844
2016-07-01,14.770000457763672,17.649999618530273,2102.949951171875,1336.699951171875,1.4559999704360962,95.6500015258789
2016-07-05,15.579999923706055,18.239999771118164,2088.550048828125,1356.4000244140625,1.3669999837875366,96.16999816894531
2016-07-06,14.960000038146973,17.739999771118164,2099.72998046875,1364.9000244140625,1.3849999904632568,96.05999755859375
2016-07-07,14.760000228881836,17.760000228881836,2097.89990234375,1360.0999755859375,1.3869999647140503,96.33000183105469
2016-07-08,13.199999809265137,16.489999771118164,2129.89990234375,1356.5999755859375,1.3660000562667847,96.30000305175781
2016-07-11,13.539999961853027,16.489999771118164,2137.159912109375,1355.0,1.434000015258789,96.56999969482422
2016-07-12,13.550000190734863,16.170000076293945,2152.139892578125,1334.0999755859375,1.5130000114440918,96.44000244140625
2016-07-13,13.039999961853027,15.970000267028809,2152.429931640625,1342.4000244140625,1.468000054359436,96.22000122070312
2016-07-14,12.819999694824219,15.859999656677246,2163.75,1331.300048828125,1.531000018119812,96.08000183105469
2016-07-15,12.670000076293945,15.989999771118164,2161.739990234375,1326.5,1.593999981880188,96.58000183105469
2016-07-18,12.4399995803833,15.770000457763672,2166.889892578125,1328.4000244140625,1.5870000123977661,96.55999755859375
2016-07-19,11.970000267028809,15.739999771118164,2163.780029296875,1331.5,1.5579999685287476,97.05000305175781
2016-07-20,11.770000457763672,15.4399995803833,2173.02001953125,1318.800048828125,1.5800000429153442,97.19999694824219
2016-07-21,12.739999771118164,16.100000381469727,2165.169921875,1330.5,1.565000057220459,97.0
2016-07-22,12.020000457763672,15.800000190734863,2175.030029296875,1323.0999755859375,1.5700000524520874,97.47000122070312
2016-07-25,12.869999885559082,16.270000457763672,2168.47998046875,1319.300048828125,1.5709999799728394,97.29000091552734
2016-07-26,13.050000190734863,16.31999969482422,2169.179931640625,1320.699951171875,1.562999963760376,97.16000366210938
2016-07-27,12.829999923706055,16.100000381469727,2166.580078125,1326.5999755859375,1.5149999856948853,97.05000305175781
2016-07-28,12.720000267028809,16.0,2170.06005859375,1332.300048828125,1.5110000371932983,96.73999786376953
2016-07-29,11.869999885559082,15.420000076293945,2173.60009765625,1349.0,1.4579999446868896,95.52999877929688
2016-08-01,12.4399995803833,15.699999809265137,2170.840087890625,1351.4000244140625,1.496000051498413,95.70999908447266
2016-08-02,13.369999885559082,16.389999389648438,2157.030029296875,1364.4000244140625,1.5369999408721924,95.05999755859375
2016-08-03,12.859999656677246,16.079999923706055,2163.7900390625,1356.0999755859375,1.5420000553131104,95.55999755859375
2016-08-04,12.420000076293945,15.710000038146973,2164.25,1358.800048828125,1.503000020980835,95.76000213623047
2016-08-05,11.390000343322754,15.140000343322754,2182.8701171875,1336.4000244140625,1.5820000171661377,96.19000244140625
2016-08-08,11.5,15.15999984741211,2180.889892578125,1333.4000244140625,1.5829999446868896,96.4000015258789
2016-08-09,11.65999984741211,15.109999656677246,2181.739990234375,1339.0,1.5449999570846558,96.18000030517578
2016-08-10,12.050000190734863,15.40999984741211,2175.489990234375,1344.300048828125,1.5089999437332153,95.6500015258789
2016-08-11,11.680000305175781,15.300000190734863,2185.7900390625,1342.5,1.5729999542236328,95.86000061035156
2016-08-12,11.550000190734863,15.260000228881836,2184.050048828125,1335.800048828125,1.5149999856948853,95.72000122070312
2016-08-15,11.8100004196167,15.380000114440918,2190.14990234375,1340.300048828125,1.5529999732971191,95.62999725341797
2016-08-16,12.640000343322754,16.020000457763672,2178.14990234375,1350.5,1.5759999752044678,94.79000091552734
2016-08-17,12.1899995803833,15.520000457763672,2182.219970703125,1342.699951171875,1.5609999895095825,94.72000122070312
2016-08-18,11.430000305175781,15.15999984741211,2187.02001953125,1351.199951171875,1.5360000133514404,94.16000366210938
2016-08-19,11.34000015258789,15.130000114440918,2183.8701171875,1340.4000244140625,1.5779999494552612,94.51000213623047
2016-08-22,12.270000457763672,15.5,2182.639892578125,1337.699951171875,1.5390000343322754,94.5199966430664
2016-08-23,12.380000114440918,15.420000076293945,2186.89990234375,1340.5999755859375,1.5529999732971191,94.54000091552734
2016-08-24,13.449999809265137,16.0,2175.43994140625,1324.4000244140625,1.559000015258789,94.79000091552734
2016-08-25,13.630000114440918,16.1299991607666,2172.469970703125,1320.0999755859375,1.5770000219345093,94.7699966430664
2016-08-26,13.649999618530273,16.239999771118164,2169.0400390625,1321.5,1.6349999904632568,95.56999969482422
2016-08-29,12.9399995803833,15.930000305175781,2180.3798828125,1322.9000244140625,1.565999984741211,95.58000183105469
2016-08-30,13.119999885559082,16.030000686645508,2176.1201171875,1311.699951171875,1.5700000524520874,96.05000305175781
2016-08-31,13.420000076293945,16.139999389648438,2170.949951171875,1306.9000244140625,1.5679999589920044,96.0199966430664
2016-09-01,13.479999542236328,16.309999465942383,2170.860107421875,1312.199951171875,1.5700000524520874,95.6500015258789
2016-09-02,11.979999542236328,15.649999618530273,2179.97998046875,1322.0999755859375,1.5959999561309814,95.87999725341797
2016-09-06,12.020000457763672,15.5600004196167,2186.47998046875,1349.4000244140625,1.5429999828338623,94.81999969482422
2016-09-07,11.9399995803833,15.489999771118164,2186.159912109375,1344.300048828125,1.5410000085830688,94.95999908447266
2016-09-08,12.510000228881836,15.8100004196167,2181.300048828125,1336.800048828125,1.6160000562667847,95.02999877929688
2016-09-09,17.5,18.829999923706055,2127.81005859375,1330.0999755859375,1.6720000505447388,95.33999633789062
2016-09-12,15.15999984741211,17.270000457763672,2159.0400390625,1321.0,1.6720000505447388,95.0999984741211
2016-09-13,17.850000381469727,19.049999237060547,2127.02001953125,1319.0,1.7339999675750732,95.62999725341797
2016-09-14,18.139999389648438,19.350000381469727,2125.77001953125,1321.5,1.6890000104904175,95.33000183105469
2016-09-15,16.299999237060547,18.190000534057617,2147.260009765625,1313.5,1.7029999494552612,95.29000091552734
2016-09-16,15.369999885559082,17.8799991607666,2139.159912109375,1305.800048828125,1.7009999752044678,96.11000061035156
2016-09-19,15.529999732971191,17.780000686645508,2139.1201171875,1313.5,1.6959999799728394,95.83999633789062
2016-09-20,15.920000076293945,17.989999771118164,2139.760009765625,1313.699951171875,1.687999963760376,96.0199966430664
2016-09-21,13.300000190734863,16.65999984741211,2163.1201171875,1326.9000244140625,1.6679999828338623,95.66000366210938
2016-09-22,12.020000457763672,15.9399995803833,2177.179931640625,1340.4000244140625,1.6319999694824219,95.44999694824219
2016-09-23,12.289999961853027,16.049999237060547,2164.68994140625,1337.199951171875,1.6150000095367432,95.4800033569336
2016-09-26,14.5,17.280000686645508,2146.10009765625,1339.699951171875,1.5889999866485596,95.30999755859375
2016-09-27,13.100000381469727,16.450000762939453,2159.929931640625,1325.9000244140625,1.555999994277954,95.44000244140625
2016-09-28,12.390000343322754,16.010000228881836,2171.3701171875,1319.4000244140625,1.5670000314712524,95.43000030517578
2016-09-29,14.020000457763672,16.8700008392334,2151.1298828125,1321.699951171875,1.5570000410079956,95.54000091552734
2016-09-30,13.289999961853027,16.3700008392334,2168.27001953125,1313.300048828125,1.6080000400543213,95.45999908447266
2016-10-03,13.569999694824219,16.399999618530273,2161.199951171875,1309.0,1.621999979019165,95.75
2016-10-04,13.630000114440918,16.469999313354492,2150.489990234375,1266.300048828125,1.6829999685287476,96.12000274658203
2016-10-05,12.989999771118164,16.219999313354492,2159.72998046875,1265.199951171875,1.715999960899353,96.12999725341797
2016-10-06,12.84000015258789,16.06999969482422,2160.77001953125,1249.800048828125,1.7419999837875366,96.66000366210938
2016-10-07,13.479999542236328,16.440000534057617,2153.739990234375,1248.9000244140625,1.7359999418258667,96.5199966430664
2016-10-10,13.380000114440918,15.949999809265137,2163.659912109375,1248.9000244140625,1.7230000495910645,96.5199966430664
2016-10-11,15.359999656677246,16.940000534057617,2136.72998046875,1253.0,1.7589999437332153,97.69999694824219
2016-10-12,15.90999984741211,17.020000457763672,2139.179931640625,1251.0999755859375,1.777999997138977,97.97000122070312
2016-10-13,16.690000534057617,17.59000015258789,2132.550048828125,1255.0,1.7380000352859497,97.5199966430664
2016-10-14,16.1200008392334,17.420000076293945,2132.97998046875,1253.0999755859375,1.7940000295639038,98.0199966430664
2016-10-17,16.209999084472656,17.469999313354492,2126.5,1254.4000244140625,1.7660000324249268,97.88999938964844
2016-10-18,15.279999732971191,16.920000076293945,2139.60009765625,1260.800048828125,1.7489999532699585,97.9000015258789
2016-10-19,14.40999984741211,16.459999084472656,2144.2900390625,1267.9000244140625,1.7519999742507935,97.87000274658203
2016-10-20,13.75,16.229999542236328,2141.340087890625,1265.5999755859375,1.746999979019165,98.31999969482422
2016-10-21,13.34000015258789,16.040000915527344,2141.159912109375,1265.9000244140625,1.7400000095367432,98.69999694824219
2016-10-24,13.020000457763672,15.609999656677246,2151.330078125,1262.0,1.7630000114440918,98.66999816894531
2016-10-25,13.460000038146973,15.8100004196167,2143.159912109375,1271.9000244140625,1.7580000162124634,98.72000122070312
2016-10-26,14.239999771118164,16.25,2139.429931640625,1264.800048828125,1.7899999618530273,98.62999725341797
2016-10-27,15.359999656677246,16.93000030517578,2133.0400390625,1267.9000244140625,1.843000054359436,98.88999938964844
2016-10-28,16.190000534057617,17.3700008392334,2126.409912109375,1275.5,1.8450000286102295,98.3499984741211
2016-10-31,17.059999465942383,17.850000381469727,2126.14990234375,1271.5,1.8339999914169312,98.44999694824219
2016-11-01,18.559999465942383,18.739999771118164,2111.719970703125,1286.4000244140625,1.8200000524520874,97.69999694824219
2016-11-02,19.31999969482422,19.18000030517578,2097.93994140625,1306.800048828125,1.7990000247955322,97.4000015258789
2016-11-03,22.079999923706055,20.700000762939453,2088.659912109375,1302.0999755859375,1.812000036239624,97.16000366210938
2016-11-04,22.510000228881836,21.1299991607666,2085.179931640625,1303.300048828125,1.7829999923706055,97.06999969482422
2016-11-07,18.709999084472656,18.149999618530273,2131.52001953125,1278.300048828125,1.8279999494552612,97.77999877929688
2016-11-08,18.739999771118164,18.100000381469727,2139.56005859375,1273.4000244140625,1.8619999885559082,97.86000061035156
2016-11-09,14.380000114440918,16.280000686645508,2163.260009765625,1272.5999755859375,2.072000026702881,98.5
2016-11-10,14.739999771118164,16.75,2167.47998046875,1265.5,2.117000102996826,98.79000091552734
2016-11-11,14.170000076293945,16.489999771118164,2164.449951171875,1265.5,2.117000102996826,98.79000091552734
2016-11-14,14.479999542236328,16.700000762939453,2164.199951171875,1221.199951171875,2.2219998836517334,100.11000061035156
2016-11-15,13.369999885559082,15.75,2180.389892578125,1224.0,2.23799991607666,100.19000244140625
2016-11-16,13.720000267028809,16.06999969482422,2176.93994140625,1223.4000244140625,2.2230000495910645,100.41000366210938
2016-11-17,13.350000381469727,15.640000343322754,2187.1201171875,1216.5,2.2760000228881836,100.88999938964844
2016-11-18,12.850000381469727,15.520000457763672,2181.89990234375,1208.5,2.3350000381469727,101.20999908447266
2016-11-21,12.420000076293945,15.319999694824219,2198.179931640625,1209.5999755859375,2.3389999866485596,101.05000305175781
2016-11-22,12.40999984741211,15.350000381469727,2202.93994140625,1211.0,2.321000099182129,101.04000091552734
2016-11-23,12.430000305175781,15.430000305175781,2204.719970703125,1189.0999755859375,2.3570001125335693,101.69999694824219
2016-11-25,12.34000015258789,15.510000228881836,2213.35009765625,1178.199951171875,2.371999979019165,101.48999786376953
2016-11-28,13.149999618530273,16.020000457763672,2201.719970703125,1190.5999755859375,2.319999933242798,101.33000183105469
2016-11-29,12.899999618530273,15.899999618530273,2204.659912109375,1187.9000244140625,2.302000045776367,100.93000030517578
2016-11-30,13.329999923706055,16.100000381469727,2198.81005859375,1170.800048828125,2.368000030517578,101.5
2016-12-01,14.069999694824219,16.670000076293945,2191.080078125,1166.9000244140625,2.440999984741211,101.04000091552734
2016-12-02,14.119999885559082,16.780000686645508,2191.949951171875,1175.0999755859375,2.390000104904175,100.7699966430664
2016-12-05,12.140000343322754,15.770000457763672,2204.7099609375,1174.0,2.38700008392334,100.13999938964844
2016-12-06,11.789999961853027,15.479999542236328,2212.22998046875,1167.5999755859375,2.3959999084472656,100.48999786376953
2016-12-07,12.220000267028809,15.479999542236328,2241.35009765625,1175.0,2.3469998836517334,100.2300033569336
2016-12-08,12.640000343322754,15.720000267028809,2246.18994140625,1169.800048828125,2.38700008392334,101.06999969482422
2016-12-09,11.75,15.220000267028809,2259.530029296875,1159.4000244140625,2.4639999866485596,101.56999969482422
2016-12-12,12.640000343322754,15.729999542236328,2256.9599609375,1163.5,2.4790000915527344,100.95999908447266
2016-12-13,12.720000267028809,15.699999809265137,2271.719970703125,1156.699951171875,2.4809999465942383,101.02999877929688
2016-12-14,13.1899995803833,15.869999885559082,2253.280029296875,1161.300048828125,2.5250000953674316,102.0
2016-12-15,12.789999961853027,15.75,2262.030029296875,1127.800048828125,2.5799999237060547,103.12999725341797
2016-12-16,12.199999809265137,15.569999694824219,2258.070068359375,1135.300048828125,2.5969998836517334,102.94999694824219
2016-12-19,11.710000038146973,15.3100004196167,2262.530029296875,1140.5,2.5420000553131104,103.13999938964844
2016-12-20,11.449999809265137,15.140000343322754,2270.760009765625,1131.5,2.568000078201294,103.29000091552734
2016-12-21,11.270000457763672,15.09000015258789,2265.179931640625,1131.0999755859375,2.5460000038146973,103.0199966430664
2016-12-22,11.430000305175781,15.289999961853027,2260.9599609375,1128.800048828125,2.552999973297119,103.08999633789062
2016-12-23,11.4399995803833,15.25,2263.7900390625,1131.9000244140625,2.5429999828338623,103.01000213623047
2016-12-27,11.989999771118164,15.359999656677246,2268.8798828125,1137.300048828125,2.562999963760376,103.0199966430664
2016-12-28,12.949999809265137,15.930000305175781,2249.919921875,1139.4000244140625,2.50600004196167,103.26000213623047
2016-12-29,13.369999885559082,16.15999984741211,2249.260009765625,1156.4000244140625,2.4769999980926514,102.68000030517578
2016-12-30,14.039999961853027,16.540000915527344,2238.830078125,1150.0,2.446000099182129,102.38999938964844
2017-01-03,12.850000381469727,15.5600004196167,2257.830078125,1160.4000244140625,2.450000047683716,103.20999908447266
2017-01-04,11.850000381469727,14.84000015258789,2270.75,1163.800048828125,2.4519999027252197,102.69999694824219
2017-01-05,11.670000076293945,14.699999809265137,2269.0,1179.699951171875,2.368000030517578,101.5199966430664
2017-01-06,11.319999694824219,14.5600004196167,2276.97998046875,1171.9000244140625,2.4179999828338623,102.22000122070312
2017-01-09,11.5600004196167,14.630000114440918,2268.89990234375,1183.5,2.375999927520752,101.93000030517578
2017-01-10,11.489999771118164,14.65999984741211,2268.89990234375,1184.199951171875,2.378999948501587,102.01000213623047
2017-01-11,11.260000228881836,14.470000267028809,2275.320068359375,1195.5999755859375,2.369999885559082,101.77999877929688
2017-01-12,11.539999961853027,14.579999923706055,2270.43994140625,1198.9000244140625,2.3610000610351562,101.3499984741211
2017-01-13,11.229999542236328,14.539999961853027,2274.639892578125,1195.300048828125,2.380000114440918,101.18000030517578
2017-01-17,11.869999885559082,14.890000343322754,2267.889892578125,1212.0,2.3269999027252197,100.33000183105469
2017-01-18,12.479999542236328,14.9399995803833,2271.889892578125,1211.300048828125,2.3889999389648438,100.93000030517578
2017-01-19,12.779999732971191,15.020000457763672,2263.68994140625,1200.9000244140625,2.4590001106262207,101.1500015258789
2017-01-20,11.539999961853027,14.489999771118164,2271.31005859375,1204.300048828125,2.4670000076293945,100.73999786376953
2017-01-23,11.770000457763672,14.539999961853027,2265.199951171875,1215.0,2.4030001163482666,100.16000366210938
2017-01-24,11.069999694824219,13.869999885559082,2280.070068359375,1210.300048828125,2.4709999561309814,100.3499984741211
2017-01-25,10.8100004196167,13.609999656677246,2298.3701171875,1197.300048828125,2.5230000019073486,100.02999877929688
2017-01-26,10.630000114440918,13.630000114440918,2296.679931640625,1189.5,2.507999897003174,100.37999725341797
2017-01-27,10.579999923706055,13.680000305175781,2294.68994140625,1188.0999755859375,2.4809999465942383,100.52999877929688
2017-01-30,11.880000114440918,14.40999984741211,2280.89990234375,1193.199951171875,2.4830000400543213,100.43000030517578
2017-01-31,11.989999771118164,14.479999542236328,2278.8701171875,1208.5999755859375,2.4509999752044678,99.51000213623047
2017-02-01,11.8100004196167,14.289999961853027,2279.550048828125,1205.5999755859375,2.4739999771118164,99.63999938964844
2017-02-02,11.930000305175781,14.59000015258789,2280.85009765625,1216.699951171875,2.4700000286102295,99.8499984741211
2017-02-03,10.970000267028809,14.050000190734863,2297.419921875,1218.5,2.490999937057495,99.87000274658203
2017-02-06,11.369999885559082,14.239999771118164,2292.56005859375,1230.0,2.4130001068115234,99.91000366210938
2017-02-07,11.289999961853027,14.350000381469727,2293.080078125,1234.199951171875,2.3889999389648438,100.26000213623047
2017-02-08,11.449999809265137,14.5600004196167,2294.669921875,1237.5999755859375,2.3510000705718994,100.27999877929688
2017-02-09,10.880000114440918,14.170000076293945,2307.8701171875,1235.0999755859375,2.3949999809265137,100.6500015258789
2017-02-10,10.850000381469727,13.90999984741211,2316.10009765625,1234.4000244140625,2.4089999198913574,100.80000305175781
2017-02-13,11.069999694824219,13.680000305175781,2328.25,1224.4000244140625,2.434000015258789,100.95999908447266
2017-02-14,10.739999771118164,13.1899995803833,2337.580078125,1223.9000244140625,2.4700000286102295,101.25
2017-02-15,11.970000267028809,13.40999984741211,2349.25,1231.699951171875,2.502000093460083,101.18000030517578
2017-02-16,11.760000228881836,13.630000114440918,2347.219970703125,1240.0,2.450000047683716,100.44000244140625
2017-02-17,11.489999771118164,13.720000267028809,2351.159912109375,1237.5999755859375,2.424999952316284,100.94999694824219
2017-02-21,11.569999694824219,14.039999961853027,2365.3798828125,1237.5,2.427000045776367,101.37000274658203
2017-02-22,11.739999771118164,14.390000343322754,2362.820068359375,1232.0,2.4179999828338623,101.33000183105469
2017-02-23,11.710000038146973,14.739999771118164,2363.81005859375,1250.199951171875,2.388000011444092,101.05000305175781
2017-02-24,11.470000267028809,14.760000228881836,2367.340087890625,1256.9000244140625,2.316999912261963,101.08999633789062
2017-02-27,12.09000015258789,14.90999984741211,2369.75,1257.4000244140625,2.36899995803833,101.12999725341797
2017-02-28,12.920000076293945,15.279999732971191,2363.639892578125,1252.5999755859375,2.3580000400543213,101.12000274658203
2017-03-01,12.539999961853027,14.859999656677246,2395.9599609375,1248.9000244140625,2.4630000591278076,101.77999877929688
2017-03-02,11.8100004196167,14.770000457763672,2381.919921875,1231.9000244140625,2.489000082015991,102.19999694824219
2017-03-03,10.960000038146973,14.260000228881836,2383.1201171875,1225.5,2.492000102996826,101.54000091552734
2017-03-06,11.239999771118164,14.34000015258789,2375.31005859375,1224.5,2.49399995803833,101.63999938964844
2017-03-07,11.449999809265137,14.40999984741211,2368.389892578125,1215.0999755859375,2.510999917984009,101.80999755859375
2017-03-08,11.859999656677246,14.539999961853027,2362.97998046875,1208.5,2.552000045776367,102.06999969482422
2017-03-09,12.300000190734863,14.779999732971191,2364.8701171875,1202.4000244140625,2.5980000495910645,101.8499984741211
2017-03-10,11.65999984741211,14.380000114440918,2372.60009765625,1200.699951171875,2.5820000171661377,101.25
2017-03-13,11.350000381469727,14.359999656677246,2373.469970703125,1202.4000244140625,2.6080000400543213,101.37999725341797
2017-03-14,12.300000190734863,14.630000114440918,2365.449951171875,1201.9000244140625,2.5950000286102295,101.69999694824219
2017-03-15,11.630000114440918,14.199999809265137,2385.260009765625,1200.0999755859375,2.507999897003174,100.73999786376953
2017-03-16,11.210000038146973,13.779999732971191,2381.3798828125,1226.5,2.5220000743865967,100.2699966430664
2017-03-17,11.279999732971191,13.920000076293945,2378.25,1229.800048828125,2.500999927520752,100.30000305175781
2017-03-20,11.34000015258789,13.899999618530273,2373.469970703125,1233.5999755859375,2.4730000495910645,100.41000366210938
2017-03-21,12.470000267028809,14.619999885559082,2344.02001953125,1246.0999755859375,2.436000108718872,99.80999755859375
2017-03-22,12.8100004196167,14.680000305175781,2348.449951171875,1249.300048828125,2.3959999084472656,99.68000030517578
2017-03-23,13.119999885559082,14.90999984741211,2345.9599609375,1246.9000244140625,2.4179999828338623,99.76000213623047
2017-03-24,12.960000038146973,14.550000190734863,2343.97998046875,1248.199951171875,2.4000000953674316,99.62999725341797
2017-03-27,12.5,14.229999542236328,2341.590087890625,1255.4000244140625,2.372999906539917,99.16999816894531
2017-03-28,11.529999732971191,13.680000305175781,2358.570068359375,1255.300048828125,2.4089999198913574,99.70999908447266
2017-03-29,11.420000076293945,13.430000305175781,2361.1298828125,1253.4000244140625,2.385999917984009,100.0
2017-03-30,11.539999961853027,13.369999885559082,2368.06005859375,1245.0,2.4159998893737793,100.41000366210938
2017-03-31,12.369999885559082,13.600000381469727,2362.719970703125,1247.300048828125,2.3959999084472656,100.3499984741211
2017-04-03,12.380000114440918,13.670000076293945,2358.840087890625,1250.800048828125,2.3499999046325684,100.54000091552734
2017-04-04,11.789999961853027,13.369999885559082,2360.159912109375,1255.0,2.3499999046325684,100.54000091552734
2017-04-05,12.890000343322754,14.119999885559082,2352.949951171875,1245.4000244140625,2.3570001125335693,100.55999755859375
2017-04-06,12.390000343322754,13.65999984741211,2357.489990234375,1250.300048828125,2.3429999351501465,100.66999816894531
2017-04-07,12.869999885559082,14.0600004196167,2355.5400390625,1254.300048828125,2.372999906539917,101.18000030517578
2017-04-10,14.050000190734863,14.579999923706055,2357.159912109375,1251.0999755859375,2.3610000610351562,101.0199966430664
2017-04-11,15.069999694824219,15.15999984741211,2353.780029296875,1271.199951171875,2.2980000972747803,100.70999908447266
2017-04-12,15.770000457763672,15.279999732971191,2344.929931640625,1275.300048828125,2.2960000038146973,100.77999877929688
2017-04-13,15.960000038146973,15.75,2328.949951171875,1285.9000244140625,2.2320001125335693,100.55999755859375
2017-04-17,14.65999984741211,14.859999656677246,2349.010009765625,1289.4000244140625,2.252000093460083,100.30000305175781
2017-04-18,14.420000076293945,14.760000228881836,2342.18994140625,1291.699951171875,2.178999900817871,99.5
2017-04-19,14.930000305175781,15.079999923706055,2338.169921875,1281.4000244140625,2.2019999027252197,99.73999786376953
2017-04-20,14.149999618530273,14.529999732971191,2355.840087890625,1281.9000244140625,2.240999937057495,99.77999877929688
2017-04-21,14.630000114440918,14.75,2348.68994140625,1287.4000244140625,2.236999988555908,99.9800033569336
2017-04-24,10.84000015258789,12.899999618530273,2374.14990234375,1275.800048828125,2.2730000019073486,99.08999633789062
2017-04-25,10.760000228881836,12.850000381469727,2388.610107421875,1265.5999755859375,2.3269999027252197,98.81999969482422
2017-04-26,10.850000381469727,12.979999542236328,2387.449951171875,1262.0999755859375,2.311000108718872,98.95999908447266
2017-04-27,10.359999656677246,12.800000190734863,2388.77001953125,1263.699951171875,2.2960000038146973,99.08000183105469
2017-04-28,10.819999694824219,12.930000305175781,2384.199951171875,1266.0999755859375,2.2820000648498535,99.05000305175781
2017-05-01,10.109999656677246,12.630000114440918,2388.330078125,1253.300048828125,2.325000047683716,99.13999938964844
2017-05-02,10.59000015258789,12.829999923706055,2391.169921875,1255.0999755859375,2.2960000038146973,98.9800033569336
2017-05-03,10.680000305175781,13.09000015258789,2388.1298828125,1246.4000244140625,2.309000015258789,99.20999908447266
2017-05-04,10.460000038146973,12.829999923706055,2389.52001953125,1226.5,2.3559999465942383,98.76000213623047
2017-05-05,10.569999694824219,12.850000381469727,2399.2900390625,1224.800048828125,2.3519999980926514,98.6500015258789
2017-05-08,9.770000457763672,12.59000015258789,2399.3798828125,1225.300048828125,2.375999927520752,99.1500015258789
2017-05-09,9.960000038146973,12.710000038146973,2396.919921875,1214.300048828125,2.4070000648498535,99.58999633789062
2017-05-10,10.210000038146973,12.90999984741211,2399.6298828125,1217.300048828125,2.4140000343322754,99.66999816894531
2017-05-11,10.600000381469727,13.010000228881836,2394.43994140625,1222.699951171875,2.4000000953674316,99.62000274658203
2017-05-12,10.399999618530273,12.970000267028809,2390.89990234375,1226.199951171875,2.3350000381469727,99.25
2017-05-15,10.420000076293945,12.779999732971191,2402.320068359375,1228.5999755859375,2.3380000591278076,98.91000366210938
2017-05-16,10.649999618530273,12.649999618530273,2400.669921875,1235.0,2.3289999961853027,98.11000061035156
2017-05-17,15.59000015258789,15.600000381469727,2357.030029296875,1257.5,2.2160000801086426,97.41999816894531
2017-05-18,14.65999984741211,14.970000267028809,2365.719970703125,1251.699951171875,2.2330000400543213,97.87999725341797
2017-05-19,12.039999961853027,13.489999771118164,2381.72998046875,1252.699951171875,2.244999885559082,97.1500015258789
2017-05-22,10.930000305175781,12.960000038146973,2394.02001953125,1260.699951171875,2.253999948501587,96.9800033569336
2017-05-23,10.720000267028809,12.899999618530273,2398.419921875,1254.800048828125,2.2850000858306885,97.3499984741211
2017-05-24,10.020000457763672,12.59000015258789,2404.389892578125,1252.4000244140625,2.2660000324249268,97.23999786376953
2017-05-25,9.989999771118164,12.510000228881836,2415.070068359375,1255.800048828125,2.255000114440918,97.25
2017-05-26,9.8100004196167,12.4399995803833,2415.820068359375,1267.5999755859375,2.25,97.4000015258789
2017-05-30,10.380000114440918,12.739999771118164,2412.909912109375,1262.0999755859375,2.2170000076293945,97.27999877929688
2017-05-31,10.40999984741211,12.630000114440918,2411.800048828125,1272.0,2.196000099182129,96.91999816894531
2017-06-01,9.890000343322754,12.420000076293945,2430.06005859375,1267.0,2.2170000076293945,97.19999694824219
2017-06-02,9.75,12.460000038146973,2439.070068359375,1276.800048828125,2.1589999198913574,96.72000122070312
2017-06-05,10.069999694824219,12.850000381469727,2436.10009765625,1279.300048828125,2.181999921798706,96.80000305175781
2017-06-06,10.449999809265137,13.079999923706055,2429.330078125,1294.4000244140625,2.1470000743865967,96.63999938964844
2017-06-07,10.390000343322754,13.09000015258789,2433.139892578125,1290.0999755859375,2.177999973297119,96.75
2017-06-08,10.15999984741211,12.760000228881836,2433.7900390625,1276.300048828125,2.194000005722046,96.91999816894531
2017-06-09,10.699999809265137,12.960000038146973,2431.77001953125,1268.5,2.1989998817443848,97.2699966430664
2017-06-12,11.460000038146973,13.300000190734863,2429.389892578125,1266.0999755859375,2.2130000591278076,97.13999938964844
2017-06-13,10.420000076293945,12.729999542236328,2440.35009765625,1265.800048828125,2.2070000171661377,96.9800033569336
2017-06-14,10.640000343322754,12.770000457763672,2437.919921875,1272.800048828125,2.138000011444092,96.94000244140625
2017-06-15,10.899999618530273,12.90999984741211,2432.4599609375,1252.199951171875,2.1619999408721924,97.43000030517578
2017-06-16,10.380000114440918,12.710000038146973,2433.14990234375,1254.0,2.1570000648498535,97.16000366210938
2017-06-19,10.369999885559082,12.399999618530273,2453.4599609375,1244.199951171875,2.190000057220459,97.52999877929688
2017-06-20,10.859999656677246,12.6899995803833,2437.030029296875,1241.0,2.1530001163482666,97.75
2017-06-21,10.75,12.760000228881836,2435.610107421875,1243.4000244140625,2.1549999713897705,97.55999755859375
2017-06-22,10.479999542236328,12.619999885559082,2434.5,1247.5999755859375,2.1530001163482666,97.54000091552734
2017-06-23,10.020000457763672,12.359999656677246,2438.300048828125,1256.199951171875,2.1440000534057617,97.30000305175781
2017-06-26,9.899999618530273,12.270000457763672,2439.070068359375,1246.300048828125,2.13700008392334,97.43000030517578
2017-06-27,11.0600004196167,12.960000038146973,2419.3798828125,1246.4000244140625,2.197999954223633,96.47000122070312
2017-06-28,10.029999732971191,12.399999618530273,2440.68994140625,1248.0,2.2209999561309814,96.05000305175781
2017-06-29,11.4399995803833,13.149999618530273,2419.699951171875,1244.199951171875,2.2669999599456787,95.62999725341797
2017-06-30,11.180000305175781,13.140000343322754,2423.409912109375,1240.699951171875,2.302000045776367,95.66000366210938
2017-07-03,11.220000267028809,13.3100004196167,2429.010009765625,1217.9000244140625,2.3459999561309814,96.19999694824219
2017-07-05,11.069999694824219,13.3100004196167,2432.5400390625,1220.4000244140625,2.3340001106262207,96.29000091552734
2017-07-06,12.539999961853027,14.109999656677246,2409.75,1222.199951171875,2.369999885559082,95.81999969482422
2017-07-07,11.1899995803833,13.520000457763672,2425.179931640625,1208.5999755859375,2.3929998874664307,96.01000213623047
2017-07-10,11.109999656677246,13.350000381469727,2427.429931640625,1212.0999755859375,2.371000051498413,96.05000305175781
2017-07-11,10.890000343322754,13.15999984741211,2425.530029296875,1213.5999755859375,2.361999988555908,95.73999786376953
2017-07-12,10.300000190734863,12.779999732971191,2443.25,1218.0999755859375,2.3269999027252197,95.79000091552734
2017-07-13,9.899999618530273,12.550000190734863,2447.830078125,1216.300048828125,2.3480000495910645,95.7300033569336
2017-07-14,9.510000228881836,12.229999542236328,2459.27001953125,1226.5999755859375,2.319000005722046,95.11000061035156
2017-07-17,9.819999694824219,12.279999732971191,2459.139892578125,1232.800048828125,2.309000015258789,95.12999725341797
2017-07-18,9.890000343322754,12.25,2460.610107421875,1241.0999755859375,2.263000011444092,94.66000366210938
2017-07-19,9.789999961853027,12.0,2473.830078125,1241.199951171875,2.2679998874664307,94.80000305175781
2017-07-20,9.579999923706055,12.039999961853027,2473.449951171875,1244.800048828125,2.2660000324249268,94.2699966430664
2017-07-21,9.359999656677246,12.0600004196167,2472.5400390625,1254.300048828125,2.2320001125335693,93.94000244140625
2017-07-24,9.430000305175781,12.039999961853027,2469.909912109375,1253.9000244140625,2.253999948501587,93.9800033569336
2017-07-25,9.430000305175781,12.050000190734863,2477.1298828125,1251.699951171875,2.3259999752044678,94.05000305175781
2017-07-26,9.600000381469727,12.109999656677246,2477.830078125,1249.0,2.2820000648498535,93.66999816894531
2017-07-27,10.109999656677246,12.420000076293945,2475.419921875,1259.5999755859375,2.309999942779541,93.86000061035156
2017-07-28,10.289999961853027,12.579999923706055,2472.10009765625,1268.4000244140625,2.2890000343322754,93.26000213623047
2017-07-31,10.260000228881836,12.470000267028809,2470.300048828125,1266.5999755859375,2.2920000553131104,92.86000061035156
2017-08-01,10.09000015258789,12.399999618530273,2476.35009765625,1272.5999755859375,2.250999927520752,93.02999877929688
2017-08-02,10.279999732971191,12.5600004196167,2477.570068359375,1271.800048828125,2.26200008392334,92.83000183105469
2017-08-03,10.4399995803833,12.739999771118164,2472.159912109375,1267.800048828125,2.2279999256134033,92.80999755859375
2017-08-04,10.029999732971191,12.75,2476.830078125,1258.300048828125,2.2669999599456787,93.54000091552734
2017-08-07,9.930000305175781,12.65999984741211,2480.909912109375,1258.199951171875,2.256999969482422,93.43000030517578
2017-08-08,10.960000038146973,13.199999809265137,2474.919921875,1256.4000244140625,2.2829999923706055,93.63999938964844
2017-08-09,11.109999656677246,13.489999771118164,2474.02001953125,1273.0,2.240999937057495,93.5199966430664
2017-08-10,16.040000915527344,16.209999084472656,2438.2099609375,1283.699951171875,2.2119998931884766,93.4000015258789
2017-08-11,15.510000228881836,16.389999389648438,2441.320068359375,1287.699951171875,2.188999891281128,93.06999969482422
2017-08-14,12.329999923706055,13.920000076293945,2465.840087890625,1284.199951171875,2.2190001010894775,93.45999908447266
2017-08-15,12.039999961853027,13.899999618530273,2464.610107421875,1273.699951171875,2.2660000324249268,93.8499984741211
2017-08-16,11.739999771118164,13.579999923706055,2468.110107421875,1276.9000244140625,2.2260000705718994,93.48999786376953
2017-08-17,15.550000190734863,16.139999389648438,2430.010009765625,1286.4000244140625,2.1989998817443848,93.62000274658203
2017-08-18,14.260000228881836,15.649999618530273,2425.550048828125,1285.699951171875,2.194000005722046,93.43000030517578
2017-08-21,13.1899995803833,14.989999771118164,2428.3701171875,1290.800048828125,2.180000066757202,93.0999984741211
2017-08-22,11.350000381469727,13.630000114440918,2452.510009765625,1285.0999755859375,2.2149999141693115,93.55000305175781
2017-08-23,12.25,14.329999923706055,2444.0400390625,1288.9000244140625,2.1710000038146973,93.1500015258789
2017-08-24,12.229999542236328,14.390000343322754,2438.969970703125,1286.5,2.194000005722046,93.27999877929688
2017-08-25,11.279999732971191,13.989999771118164,2443.050048828125,1292.5,2.1689999103546143,92.73999786376953
2017-08-28,11.319999694824219,13.989999771118164,2444.239990234375,1309.699951171875,2.1589999198913574,92.20999908447266
2017-08-29,11.699999809265137,14.119999885559082,2446.300048828125,1313.0999755859375,2.135999917984009,92.3499984741211
2017-08-30,11.220000267028809,14.140000343322754,2457.590087890625,1308.0999755859375,2.1429998874664307,92.87999725341797
2017-08-31,10.59000015258789,13.800000190734863,2471.64990234375,1316.199951171875,2.121000051498413,92.66999816894531
2017-09-01,10.130000114440918,13.59000015258789,2476.550048828125,1324.5,2.1570000648498535,92.80999755859375
2017-09-05,12.229999542236328,14.579999923706055,2457.85009765625,1339.199951171875,2.069999933242798,92.30999755859375
2017-09-06,11.630000114440918,14.399999618530273,2465.5400390625,1333.9000244140625,2.1080000400543213,92.29000091552734
2017-09-07,11.550000190734863,14.319999694824219,2465.10009765625,1345.0999755859375,2.061000108718872,91.52999877929688
2017-09-08,12.119999885559082,14.6899995803833,2461.429931640625,1346.0,2.061000108718872,91.33000183105469
2017-09-11,10.729999542236328,13.859999656677246,2488.110107421875,1331.0,2.125,91.86000061035156
2017-09-12,10.579999923706055,13.5600004196167,2496.47998046875,1328.0,2.1710000038146973,91.91000366210938
2017-09-13,10.5,13.229999542236328,2498.3701171875,1323.4000244140625,2.194999933242798,92.5199966430664
2017-09-14,10.4399995803833,13.15999984741211,2495.6201171875,1324.699951171875,2.197000026702881,92.12000274658203
2017-09-15,10.170000076293945,12.960000038146973,2500.22998046875,1320.4000244140625,2.2019999027252197,91.87000274658203
2017-09-18,10.149999618530273,12.6899995803833,2503.8701171875,1306.300048828125,2.2290000915527344,92.05000305175781
2017-09-19,10.180000305175781,12.729999542236328,2506.64990234375,1306.199951171875,2.243000030517578,91.79000091552734
2017-09-20,9.779999732971191,12.65999984741211,2508.239990234375,1312.0,2.2769999504089355,92.51000213623047
2017-09-21,9.670000076293945,12.65999984741211,2500.60009765625,1290.5999755859375,2.2780001163482666,92.26000213623047
2017-09-22,9.59000015258789,12.850000381469727,2502.219970703125,1293.300048828125,2.26200008392334,92.16999816894531
2017-09-25,10.210000038146973,13.0600004196167,2496.659912109375,1306.800048828125,2.2200000286102295,92.6500015258789
2017-09-26,10.170000076293945,13.020000457763672,2496.840087890625,1297.0,2.2290000915527344,92.97000122070312
2017-09-27,9.869999885559082,12.90999984741211,2507.0400390625,1283.4000244140625,2.309000015258789,93.36000061035156
2017-09-28,9.550000190734863,12.760000228881836,2510.06005859375,1285.5,2.309000015258789,93.08999633789062
2017-09-29,9.510000228881836,12.489999771118164,2519.360107421875,1281.5,2.3259999752044678,93.08000183105469
2017-10-02,9.449999809265137,12.359999656677246,2529.1201171875,1272.699951171875,2.3369998931884766,93.55999755859375
2017-10-03,9.510000228881836,12.3100004196167,2534.580078125,1271.5,2.3340001106262207,93.56999969482422
2017-10-04,9.630000114440918,12.380000114440918,2537.739990234375,1273.699951171875,2.3299999237060547,93.45999908447266
2017-10-05,9.1899995803833,12.180000305175781,2552.070068359375,1269.9000244140625,2.3499999046325684,93.95999908447266
2017-10-06,9.649999618530273,12.4399995803833,2549.330078125,1271.5999755859375,2.369999885559082,93.80000305175781
2017-10-09,10.329999923706055,12.729999542236328,2544.72998046875,1281.800048828125,2.3610000610351562,93.73999786376953
2017-10-10,10.079999923706055,12.470000267028809,2550.639892578125,1290.5999755859375,2.3450000286102295,93.29000091552734
2017-10-11,9.850000381469727,12.239999771118164,2555.239990234375,1285.800048828125,2.3450000286102295,92.95999908447266
2017-10-12,9.90999984741211,12.260000228881836,2550.929931640625,1293.300048828125,2.322999954223633,93.12000274658203
2017-10-13,9.609999656677246,11.979999542236328,2553.169921875,1301.5,2.2799999713897705,93.08999633789062
2017-10-16,9.90999984741211,11.9399995803833,2557.639892578125,1299.9000244140625,2.306999921798706,93.27999877929688
2017-10-17,10.3100004196167,12.050000190734863,2559.360107421875,1283.0,2.2980000972747803,93.48999786376953
2017-10-18,10.069999694824219,11.920000076293945,2561.260009765625,1279.9000244140625,2.3389999866485596,93.36000061035156
2017-10-19,10.050000190734863,11.960000038146973,2562.10009765625,1286.9000244140625,2.321000099182129,93.2699966430664
2017-10-20,9.970000267028809,11.850000381469727,2575.2099609375,1277.4000244140625,2.38100004196167,93.69999694824219
2017-10-23,11.069999694824219,12.550000190734863,2564.97998046875,1277.699951171875,2.375999927520752,93.94000244140625
2017-10-24,11.15999984741211,12.670000076293945,2569.1298828125,1275.0,2.4059998989105225,93.95999908447266
2017-10-25,11.229999542236328,12.949999809265137,2557.14990234375,1275.4000244140625,2.444000005722046,93.70999908447266
2017-10-26,11.300000190734863,12.930000305175781,2560.39990234375,1266.300048828125,2.4519999027252197,94.61000061035156
2017-10-27,9.800000190734863,12.229999542236328,2581.070068359375,1268.5,2.427999973297119,94.91999816894531
2017-10-30,10.5,12.569999694824219,2572.830078125,1274.0999755859375,2.369999885559082,94.48999786376953
2017-10-31,10.180000305175781,12.380000114440918,2575.260009765625,1267.0,2.375999927520752,94.55000305175781
2017-11-01,10.199999809265137,12.569999694824219,2579.360107421875,1274.0999755859375,2.375999927520752,94.81999969482422
2017-11-02,9.930000305175781,12.680000305175781,2579.85009765625,1274.9000244140625,2.3469998836517334,94.69000244140625
2017-11-03,9.140000343322754,12.420000076293945,2587.840087890625,1266.5,2.3429999351501465,94.94000244140625
2017-11-06,9.399999618530273,12.569999694824219,2591.1298828125,1279.4000244140625,2.319999933242798,94.72000122070312
2017-11-07,9.890000343322754,12.760000228881836,2590.639892578125,1273.699951171875,2.306999921798706,94.91000366210938
2017-11-08,9.779999732971191,12.880000114440918,2594.3798828125,1281.5999755859375,2.325000047683716,94.87000274658203
2017-11-09,10.5,13.140000343322754,2584.6201171875,1285.5999755859375,2.3310000896453857,94.44000244140625
2017-11-10,11.289999961853027,13.609999656677246,2582.300048828125,1272.4000244140625,2.4000000953674316,94.38999938964844
2017-11-13,11.5,13.75,2584.840087890625,1277.300048828125,2.4000000953674316,94.48999786376953
2017-11-14,11.59000015258789,13.930000305175781,2578.8701171875,1281.5,2.38100004196167,93.83000183105469
2017-11-15,13.130000114440918,14.65999984741211,2564.6201171875,1276.5,2.3350000381469727,93.80999755859375
2017-11-16,11.760000228881836,13.960000038146973,2585.639892578125,1277.4000244140625,2.3610000610351562,93.93000030517578
2017-11-17,11.430000305175781,13.800000190734863,2578.85009765625,1295.800048828125,2.3540000915527344,93.66000366210938
2017-11-20,10.649999618530273,13.279999732971191,2582.139892578125,1274.5999755859375,2.371999979019165,94.08000183105469
2017-11-21,9.729999542236328,12.550000190734863,2599.030029296875,1281.0999755859375,2.36299991607666,93.94999694824219
2017-11-22,9.880000114440918,12.4399995803833,2597.080078125,1291.5999755859375,2.322000026702881,93.22000122070312
2017-11-24,9.670000076293945,12.420000076293945,2602.419921875,1286.699951171875,2.3399999141693115,92.76000213623047
2017-11-27,9.869999885559082,12.569999694824219,2601.419921875,1293.800048828125,2.328000068664551,92.9000015258789
2017-11-28,10.029999732971191,12.270000457763672,2627.0400390625,1294.699951171875,2.3380000591278076,93.26000213623047
2017-11-29,10.699999809265137,12.819999694824219,2626.070068359375,1282.0999755859375,2.375999927520752,93.26000213623047
2017-11-30,11.279999732971191,13.039999961853027,2647.580078125,1273.199951171875,2.4170000553131104,93.01000213623047
2017-12-01,11.430000305175781,13.279999732971191,2642.219970703125,1278.800048828125,2.361999988555908,92.9000015258789
2017-12-04,11.680000305175781,13.550000190734863,2639.43994140625,1274.300048828125,2.378999948501587,93.19000244140625
2017-12-05,11.329999923706055,13.539999961853027,2629.570068359375,1261.5999755859375,2.3559999465942383,93.37999725341797
2017-12-06,11.020000457763672,13.449999809265137,2629.27001953125,1262.800048828125,2.3299999237060547,93.61000061035156
2017-12-07,10.15999984741211,12.930000305175781,2636.97998046875,1249.800048828125,2.375999927520752,93.80000305175781
2017-12-08,9.579999923706055,12.460000038146973,2651.5,1245.199951171875,2.382999897003174,93.9000015258789
2017-12-11,9.34000015258789,12.279999732971191,2659.989990234375,1243.699951171875,2.384999990463257,93.87000274658203
2017-12-12,9.920000076293945,12.479999542236328,2664.110107421875,1238.5,2.4030001163482666,94.0999984741211
2017-12-13,10.180000305175781,12.5,2662.85009765625,1245.4000244140625,2.3489999771118164,93.43000030517578
2017-12-14,10.489999771118164,12.800000190734863,2652.010009765625,1253.800048828125,2.3459999561309814,93.48999786376953
2017-12-15,9.420000076293945,12.079999923706055,2675.81005859375,1254.300048828125,2.3550000190734863,93.93000030517578
2017-12-18,9.529999732971191,12.069999694824219,2690.159912109375,1262.199951171875,2.3919999599456787,93.69999694824219
2017-12-19,10.029999732971191,12.510000228881836,2681.469970703125,1260.699951171875,2.4630000591278076,93.47000122070312
2017-12-20,9.720000267028809,12.369999885559082,2679.25,1266.0999755859375,2.496999979019165,93.3499984741211
2017-12-21,9.619999885559082,12.350000381469727,2684.570068359375,1267.300048828125,2.4809999465942383,93.27999877929688
2017-12-22,9.899999618530273,12.489999771118164,2683.340087890625,1275.4000244140625,2.484999895095825,93.3499984741211
2017-12-26,10.25,12.619999885559082,2680.5,1284.0999755859375,2.4670000076293945,93.26000213623047
2017-12-27,10.470000267028809,12.649999618530273,2682.6201171875,1287.0,2.4140000343322754,93.02999877929688
2017-12-28,10.180000305175781,12.760000228881836,2687.5400390625,1294.0999755859375,2.431999921798706,92.5999984741211
2017-12-29,11.039999961853027,13.09000015258789,2673.610107421875,1306.300048828125,2.4049999713897705,92.12000274658203
2018-01-02,9.770000457763672,12.609999656677246,2695.81005859375,1313.699951171875,2.4649999141693115,91.8499984741211
2018-01-03,9.149999618530273,12.319999694824219,2713.06005859375,1316.199951171875,2.447000026702881,92.16000366210938
2018-01-04,9.220000267028809,12.239999771118164,2723.989990234375,1319.4000244140625,2.453000068664551,91.8499984741211
2018-01-05,9.220000267028809,12.0600004196167,2743.14990234375,1320.300048828125,2.4760000705718994,91.94999694824219
2018-01-08,9.520000457763672,12.149999618530273,2747.7099609375,1318.5999755859375,2.4800000190734863,92.33000183105469
2018-01-09,10.079999923706055,12.40999984741211,2751.2900390625,1311.699951171875,2.5460000038146973,92.52999877929688
2018-01-10,9.819999694824219,12.359999656677246,2748.22998046875,1317.4000244140625,2.549999952316284,92.33000183105469
2018-01-11,9.880000114440918,12.15999984741211,2767.56005859375,1320.5999755859375,2.5309998989105225,91.8499984741211
2018-01-12,10.15999984741211,12.199999809265137,2786.239990234375,1333.4000244140625,2.552000045776367,90.97000122070312
2018-01-16,11.65999984741211,13.229999542236328,2776.419921875,1335.4000244140625,2.5439999103546143,90.38999938964844
2018-01-17,11.90999984741211,13.25,2802.56005859375,1338.0,2.578000068664551,90.54000091552734
2018-01-18,12.220000267028809,13.579999923706055,2798.030029296875,1326.0,2.6110000610351562,90.5
2018-01-19,11.270000457763672,13.039999961853027,2810.300048828125,1331.9000244140625,2.63700008392334,90.56999969482422
2018-01-22,11.029999732971191,12.989999771118164,2832.969970703125,1330.9000244140625,2.6649999618530273,90.4000015258789
2018-01-23,11.100000381469727,13.220000267028809,2839.1298828125,1335.699951171875,2.624000072479248,90.12000274658203
2018-01-24,11.470000267028809,13.529999732971191,2837.5400390625,1355.9000244140625,2.6540000438690186,89.20999908447266
2018-01-25,11.579999923706055,13.680000305175781,2839.25,1362.4000244140625,2.621000051498413,89.38999938964844
2018-01-26,11.079999923706055,13.460000038146973,2872.8701171875,1351.5999755859375,2.6619999408721924,89.06999969482422
2018-01-29,13.84000015258789,14.989999771118164,2853.530029296875,1351.5999755859375,2.6989998817443848,89.30999755859375
2018-01-30,14.789999961853027,15.829999923706055,2822.429931640625,1335.4000244140625,2.7260000705718994,89.19000244140625
2018-01-31,13.539999961853027,14.899999618530273,2823.81005859375,1339.0,2.7200000286102295,89.12999725341797
2018-02-01,13.470000267028809,14.720000267028809,2821.97998046875,1344.300048828125,2.7730000019073486,88.66999816894531
2018-02-02,17.309999465942383,17.030000686645508,2762.1298828125,1333.699951171875,2.8540000915527344,89.19999694824219
2018-02-05,37.31999969482422,28.1299991607666,2648.93994140625,1333.0,2.7939999103546143,89.55000305175781
2018-02-06,29.979999542236328,23.75,2695.139892578125,1326.0999755859375,2.7679998874664307,89.58999633789062
2018-02-07,27.729999542236328,23.030000686645508,2681.659912109375,1311.5999755859375,2.8440001010894775,90.26000213623047
2018-02-08,33.459999084472656,27.329999923706055,2581.0,1316.9000244140625,2.8510000705718994,90.2300033569336
2018-02-09,29.059999465942383,24.920000076293945,2619.550048828125,1313.0999755859375,2.8289999961853027,90.44000244140625
2018-02-12,25.610000610351562,22.860000610351562,2656.0,1324.199951171875,2.8570001125335693,90.20999908447266
2018-02-13,24.969999313354492,22.649999618530273,2662.93994140625,1328.0999755859375,2.8399999141693115,89.69999694824219
2018-02-14,19.260000228881836,19.34000015258789,2698.6298828125,1355.5,2.9130001068115234,89.12000274658203
2018-02-15,19.1299991607666,19.079999923706055,2731.199951171875,1352.0999755859375,2.8910000324249268,88.58999633789062
2018-02-16,19.459999084472656,19.170000076293945,2732.219970703125,1353.199951171875,2.877000093460083,89.0999984741211
2018-02-20,20.600000381469727,20.010000228881836,2716.260009765625,1328.800048828125,2.8929998874664307,89.72000122070312
2018-02-21,20.020000457763672,20.030000686645508,2701.330078125,1330.0,2.943000078201294,90.08000183105469
2018-02-22,18.719999313354492,19.059999465942383,2703.9599609375,1330.5999755859375,2.9170000553131104,89.75
2018-02-23,16.489999771118164,17.5,2747.300048828125,1328.199951171875,2.871000051498413,89.87999725341797
2018-02-26,15.800000190734863,16.920000076293945,2779.60009765625,1330.699951171875,2.8589999675750732,89.81999969482422
2018-02-27,18.59000015258789,19.020000457763672,2744.280029296875,1315.5,2.9079999923706055,90.36000061035156
2018-02-28,19.850000381469727,19.889999389648438,2713.830078125,1315.5,2.868000030517578,90.61000061035156
2018-03-01,22.469999313354492,21.420000076293945,2677.669921875,1302.9000244140625,2.803999900817871,90.31999969482422
2018-03-02,19.59000015258789,19.860000610351562,2691.25,1321.0999755859375,2.8570001125335693,89.94000244140625
2018-03-05,18.729999542236328,19.209999084472656,2720.93994140625,1318.0999755859375,2.88100004196167,90.08000183105469
2018-03-06,18.360000610351562,19.239999771118164,2728.1201171875,1333.5999755859375,2.877000093460083,89.62000274658203
2018-03-07,17.760000228881836,18.84000015258789,2726.800048828125,1326.0,2.882999897003174,89.63999938964844
2018-03-08,16.540000915527344,18.18000030517578,2738.969970703125,1319.9000244140625,2.865999937057495,90.12000274658203
2018-03-09,14.640000343322754,17.010000228881836,2786.570068359375,1322.4000244140625,2.8940000534057617,90.08999633789062
2018-03-12,15.779999732971191,17.799999237060547,2783.02001953125,1319.4000244140625,2.869999885559082,89.9000015258789
2018-03-13,16.350000381469727,18.049999237060547,2765.31005859375,1325.9000244140625,2.8480000495910645,89.66000366210938
2018-03-14,17.229999542236328,18.780000686645508,2749.47998046875,1324.4000244140625,2.816999912261963,89.69999694824219
2018-03-15,16.59000015258789,18.209999084472656,2747.330078125,1316.800048828125,2.8259999752044678,90.13999938964844
2018-03-16,15.800000190734863,17.739999771118164,2752.010009765625,1311.300048828125,2.8480000495910645,90.2300033569336
2018-03-19,19.020000457763672,19.3799991607666,2712.919921875,1316.800048828125,2.8450000286102295,89.9000015258789
2018-03-20,18.200000762939453,18.8799991607666,2716.93994140625,1311.0999755859375,2.878999948501587,90.37000274658203
2018-03-21,17.860000610351562,18.709999084472656,2711.929931640625,1320.699951171875,2.9070000648498535,89.77999877929688
2018-03-22,23.34000015258789,21.65999984741211,2643.68994140625,1326.5999755859375,2.8320000171661377,89.86000061035156
2018-03-23,24.8700008392334,22.790000915527344,2588.260009765625,1349.300048828125,2.8299999237060547,89.44000244140625
2018-03-26,21.030000686645508,20.700000762939453,2658.550048828125,1354.4000244140625,2.8429999351501465,89.02999877929688
2018-03-27,22.5,21.940000534057617,2612.6201171875,1341.300048828125,2.7860000133514404,89.37000274658203
2018-03-28,22.8700008392334,22.309999465942383,2605.0,1324.199951171875,2.7750000953674316,90.05999755859375
2018-03-29,19.969999313354492,20.549999237060547,2640.8701171875,1322.800048828125,2.740999937057495,90.1500015258789
2018-04-02,23.6200008392334,22.56999969482422,2581.8798828125,1342.0999755859375,2.7320001125335693,90.05000305175781
2018-04-03,21.100000381469727,21.020000457763672,2614.449951171875,1332.800048828125,2.7839999198913574,90.19999694824219
2018-04-04,20.059999465942383,20.420000076293945,2644.68994140625,1335.800048828125,2.7880001068115234,90.13999938964844
2018-04-05,18.940000534057617,19.610000610351562,2662.840087890625,1324.300048828125,2.8320000171661377,90.45999908447266
2018-04-06,21.489999771118164,21.200000762939453,2604.469970703125,1331.9000244140625,2.7750000953674316,90.11000061035156
2018-04-09,21.770000457763672,21.229999542236328,2613.159912109375,1336.300048828125,2.7860000133514404,89.83999633789062
2018-04-10,20.469999313354492,20.399999618530273,2656.8701171875,1342.0,2.796999931335449,89.58999633789062
2018-04-11,20.239999771118164,20.3700008392334,2642.18994140625,1356.5,2.7899999618530273,89.56999969482422
2018-04-12,18.489999771118164,19.280000686645508,2663.989990234375,1338.4000244140625,2.8340001106262207,89.75
2018-04-13,17.40999984741211,18.549999237060547,2656.300048828125,1344.800048828125,2.8289999961853027,89.80000305175781
2018-04-16,16.559999465942383,17.81999969482422,2677.840087890625,1347.5,2.8320000171661377,89.43000030517578
2018-04-17,15.25,16.799999237060547,2706.389892578125,1347.199951171875,2.813999891281128,89.5199966430664
2018-04-18,15.600000381469727,16.799999237060547,2708.639892578125,1351.199951171875,2.867000102996826,89.62000274658203
2018-04-19,15.960000038146973,17.1200008392334,2693.1298828125,1346.800048828125,2.9140000343322754,89.94000244140625
2018-04-20,16.8799991607666,17.719999313354492,2670.139892578125,1336.699951171875,2.9509999752044678,90.31999969482422
2018-04-23,16.34000015258789,17.350000381469727,2670.2900390625,1322.5,2.9730000495910645,90.94000244140625
2018-04-24,18.020000457763672,18.229999542236328,2634.56005859375,1331.4000244140625,2.9830000400543213,90.7699966430664
2018-04-25,17.84000015258789,18.229999542236328,2639.39990234375,1321.199951171875,3.0239999294281006,91.16999816894531
2018-04-26,16.239999771118164,17.290000915527344,2666.93994140625,1316.300048828125,2.990000009536743,91.55999755859375
2018-04-27,15.40999984741211,17.079999923706055,2669.909912109375,1320.300048828125,2.9570000171661377,91.54000091552734
2018-04-30,15.930000305175781,17.34000015258789,2648.050048828125,1316.199951171875,2.936000108718872,91.83999633789062
2018-05-01,15.489999771118164,16.90999984741211,2654.800048828125,1303.800048828125,2.9760000705718994,92.44999694824219
2018-05-02,15.970000267028809,17.260000228881836,2635.669921875,1302.5999755859375,2.9639999866485596,92.51000213623047
2018-05-03,15.899999618530273,17.030000686645508,2629.72998046875,1310.699951171875,2.946000099182129,92.41000366210938
2018-05-04,14.770000457763672,16.649999618530273,2663.419921875,1312.699951171875,2.944000005722046,92.56999969482422
2018-05-07,14.75,16.649999618530273,2672.6298828125,1312.199951171875,2.950000047683716,92.75
2018-05-08,14.710000038146973,16.479999542236328,2671.919921875,1312.0,2.9690001010894775,93.12000274658203
2018-05-09,13.420000076293945,15.779999732971191,2697.7900390625,1311.300048828125,3.003999948501587,93.04000091552734
2018-05-10,13.229999542236328,15.239999771118164,2723.070068359375,1320.800048828125,2.9709999561309814,92.6500015258789
2018-05-11,12.649999618530273,14.819999694824219,2727.719970703125,1319.0,2.9709999561309814,92.54000091552734
2018-05-14,12.930000305175781,14.529999732971191,2730.1298828125,1316.5,2.994999885559082,92.58999633789062
2018-05-15,14.630000114440918,15.789999961853027,2711.449951171875,1288.9000244140625,3.0799999237060547,93.22000122070312
2018-05-16,13.420000076293945,15.140000343322754,2722.4599609375,1290.199951171875,3.0950000286102295,93.38999938964844
2018-05-17,13.430000305175781,15.020000457763672,2720.1298828125,1288.199951171875,3.1089999675750732,93.47000122070312
2018-05-18,13.420000076293945,15.1899995803833,2712.969970703125,1290.199951171875,3.066999912261963,93.63999938964844
2018-05-21,13.079999923706055,14.6899995803833,2733.010009765625,1290.199951171875,3.065000057220459,93.68000030517578
2018-05-22,13.220000267028809,14.880000114440918,2724.43994140625,1291.699951171875,3.065000057220459,93.61000061035156
2018-05-23,12.579999923706055,14.479999542236328,2733.2900390625,1289.300048828125,3.003000020980835,94.01000213623047
2018-05-24,12.529999732971191,14.430000305175781,2727.760009765625,1303.699951171875,2.9809999465942383,93.77999877929688
2018-05-25,13.220000267028809,14.829999923706055,2721.330078125,1303.300048828125,2.930999994277954,94.19000244140625
2018-05-29,17.020000457763672,17.1299991607666,2689.860107421875,1298.699951171875,2.7679998874664307,94.83000183105469
2018-05-30,14.9399995803833,16.0,2724.010009765625,1301.5,2.8420000076293945,94.1500015258789
2018-05-31,15.430000305175781,16.329999923706055,2705.27001953125,1300.0999755859375,2.822000026702881,93.98999786376953
2018-06-01,13.460000038146973,15.270000457763672,2734.6201171875,1294.800048828125,2.8949999809265137,94.19000244140625
2018-06-04,12.739999771118164,14.899999618530273,2746.8701171875,1293.0999755859375,2.937000036239624,94.0199966430664
2018-06-05,12.399999618530273,14.720000267028809,2748.800048828125,1297.5,2.9189999103546143,93.88999938964844
2018-06-06,11.640000343322754,14.1899995803833,2772.35009765625,1297.0999755859375,2.9749999046325684,93.66000366210938
2018-06-07,12.130000114440918,14.430000305175781,2770.3701171875,1298.699951171875,2.933000087738037,93.4000015258789
2018-06-08,12.180000305175781,14.600000381469727,2779.030029296875,1298.0999755859375,2.937000036239624,93.55000305175781
2018-06-11,12.350000381469727,14.550000190734863,2782.0,1298.9000244140625,2.9570000171661377,93.58000183105469
2018-06-12,12.34000015258789,14.59000015258789,2786.85009765625,1295.0999755859375,2.9570000171661377,93.80000305175781
2018-06-13,12.9399995803833,14.920000076293945,2775.6298828125,1296.9000244140625,2.9769999980926514,93.70999908447266
2018-06-14,12.119999885559082,14.399999618530273,2782.489990234375,1304.0,2.946000099182129,94.7699966430664
2018-06-15,11.979999542236328,14.420000076293945,2779.659912109375,1274.5999755859375,2.9240000247955322,94.79000091552734
2018-06-18,12.3100004196167,14.479999542236328,2773.75,1276.199951171875,2.9260001182556152,94.75
2018-06-19,13.350000381469727,15.170000076293945,2762.590087890625,1275.5999755859375,2.8929998874664307,95.08999633789062
2018-06-20,12.789999961853027,14.789999961853027,2767.320068359375,1271.199951171875,2.927999973297119,95.05999755859375
2018-06-21,14.640000343322754,15.869999885559082,2749.760009765625,1267.199951171875,2.8970000743865967,94.87000274658203
2018-06-22,13.770000457763672,15.5,2754.8798828125,1267.4000244140625,2.9000000953674316,94.5199966430664
2018-06-25,17.329999923706055,17.520000457763672,2717.070068359375,1265.5999755859375,2.875,94.27999877929688
2018-06-26,15.920000076293945,16.8700008392334,2723.06005859375,1256.5999755859375,2.880000114440918,94.68000030517578
2018-06-27,17.90999984741211,18.049999237060547,2699.6298828125,1252.800048828125,2.8269999027252197,95.29000091552734
2018-06-28,16.850000381469727,17.520000457763672,2716.31005859375,1247.800048828125,2.8469998836517334,95.38999938964844
2018-06-29,16.09000015258789,17.139999389648438,2718.3701171875,1251.300048828125,2.8489999771118164,94.62999725341797
2018-07-02,15.600000381469727,16.950000762939453,2726.7099609375,1239.800048828125,2.865999937057495,94.87000274658203
2018-07-03,16.139999389648438,17.350000381469727,2713.219970703125,1251.5999755859375,2.8380000591278076,94.58999633789062
2018-07-05,14.970000267028809,16.530000686645508,2736.610107421875,1257.300048828125,2.8399999141693115,94.47000122070312
2018-07-06,13.369999885559082,15.710000038146973,2759.820068359375,1254.300048828125,2.8310000896453857,94.04000091552734
2018-07-09,12.6899995803833,14.869999885559082,2784.169921875,1258.0999755859375,2.859999895095825,94.08000183105469
2018-07-10,12.640000343322754,14.710000038146973,2793.840087890625,1253.800048828125,2.872999906539917,94.11000061035156
2018-07-11,13.630000114440918,15.380000114440918,2774.02001953125,1242.800048828125,2.8420000076293945,94.72000122070312
2018-07-12,12.579999923706055,14.760000228881836,2798.2900390625,1245.0,2.8529999256134033,94.80999755859375
2018-07-13,12.180000305175781,14.539999961853027,2801.31005859375,1239.5999755859375,2.8310000896453857,94.75
2018-07-16,12.829999923706055,14.850000381469727,2798.429931640625,1238.0999755859375,2.8580000400543213,94.51000213623047
2018-07-17,12.0600004196167,14.399999618530273,2809.550048828125,1225.699951171875,2.864000082015991,94.97000122070312
2018-07-18,12.100000381469727,14.390000343322754,2815.6201171875,1226.300048828125,2.875,95.08000183105469
2018-07-19,12.869999885559082,14.970000267028809,2804.489990234375,1222.4000244140625,2.8469998836517334,95.16999816894531
2018-07-20,12.859999656677246,15.079999923706055,2801.830078125,1229.5,2.8949999809265137,94.45999908447266
2018-07-23,12.619999885559082,14.859999656677246,2806.97998046875,1224.0,2.9649999141693115,94.66999816894531
2018-07-24,12.40999984741211,14.699999809265137,2820.39990234375,1223.9000244140625,2.9489998817443848,94.61000061035156
2018-07-25,12.289999961853027,14.550000190734863,2846.070068359375,1231.4000244140625,2.936000108718872,94.36000061035156
2018-07-26,12.140000343322754,14.399999618530273,2837.43994140625,1225.300048828125,2.9749999046325684,94.75
2018-07-27,13.029999732971191,15.0,2818.820068359375,1222.5999755859375,2.9600000381469727,94.68000030517578
2018-07-30,14.260000228881836,15.65999984741211,2802.60009765625,1221.300048828125,2.9749999046325684,94.36000061035156
2018-07-31,12.829999923706055,14.869999885559082,2816.2900390625,1223.699951171875,2.9639999866485596,94.48999786376953
2018-08-01,13.149999618530273,15.220000267028809,2813.360107421875,1217.9000244140625,3.003000020980835,94.62000274658203
2018-08-02,12.1899995803833,14.760000228881836,2827.219970703125,1210.5999755859375,2.9860000610351562,95.16999816894531
2018-08-03,11.640000343322754,14.489999771118164,2840.35009765625,1214.199951171875,2.953000068664551,95.13999938964844
2018-08-06,11.270000457763672,14.229999542236328,2850.39990234375,1208.5999755859375,2.937999963760376,95.36000061035156
2018-08-07,10.930000305175781,13.930000305175781,2858.449951171875,1209.5999755859375,2.9730000495910645,95.22000122070312
2018-08-08,10.850000381469727,13.960000038146973,2857.699951171875,1212.5999755859375,2.9709999561309814,95.0999984741211
2018-08-09,11.270000457763672,14.130000114440918,2853.580078125,1211.9000244140625,2.934999942779541,95.5
2018-08-10,13.15999984741211,15.220000267028809,2833.280029296875,1211.0999755859375,2.8570001125335693,96.36000061035156
2018-08-13,14.779999732971191,16.209999084472656,2821.929931640625,1191.300048828125,2.877000093460083,96.38999938964844
2018-08-14,13.3100004196167,15.350000381469727,2839.9599609375,1193.0,2.8949999809265137,96.7300033569336
2018-08-15,14.640000343322754,16.190000534057617,2818.3701171875,1177.5,2.8519999980926514,96.69999694824219
2018-08-16,13.449999809265137,15.510000228881836,2840.68994140625,1176.199951171875,2.871000051498413,96.6500015258789
2018-08-17,12.640000343322754,15.170000076293945,2850.1298828125,1176.5,2.872999906539917,96.0999984741211
2018-08-20,12.489999771118164,15.0,2857.050048828125,1186.800048828125,2.822999954223633,95.9000015258789
2018-08-21,12.859999656677246,15.1899995803833,2862.9599609375,1192.5999755859375,2.8440001010894775,95.26000213623047
2018-08-22,12.25,15.079999923706055,2861.820068359375,1196.300048828125,2.822999954223633,95.1500015258789
2018-08-23,12.40999984741211,15.0600004196167,2856.97998046875,1187.0,2.821000099182129,95.62000274658203
2018-08-24,11.989999771118164,14.819999694824219,2874.68994140625,1206.300048828125,2.8259999752044678,95.1500015258789
2018-08-27,12.15999984741211,14.789999961853027,2896.739990234375,1209.0,2.8480000495910645,94.77999877929688
2018-08-28,12.5,15.109999656677246,2897.52001953125,1207.4000244140625,2.884000062942505,94.72000122070312
2018-08-29,12.25,14.949999809265137,2914.0400390625,1204.5,2.884000062942505,94.5999984741211
2018-08-30,13.529999732971191,15.539999961853027,2901.1298828125,1197.699951171875,2.859999895095825,94.72000122070312
2018-08-31,12.859999656677246,15.149999618530273,2901.52001953125,1200.300048828125,2.8529999256134033,95.13999938964844
2018-09-04,13.15999984741211,15.449999809265137,2896.719970703125,1192.699951171875,2.9019999504089355,95.41999816894531
2018-09-05,13.90999984741211,15.920000076293945,2888.60009765625,1194.9000244140625,2.9019999504089355,95.12999725341797
2018-09-06,14.649999618530273,16.34000015258789,2878.050048828125,1197.9000244140625,2.878999948501587,95.0199966430664
2018-09-07,14.880000114440918,16.59000015258789,2871.679931640625,1193.5999755859375,2.941999912261963,95.37000274658203
2018-09-10,14.15999984741211,16.170000076293945,2877.1298828125,1193.0,2.937000036239624,95.1500015258789
2018-09-11,13.220000267028809,15.539999961853027,2887.889892578125,1195.4000244140625,2.9769999980926514,95.05999755859375
2018-09-12,13.140000343322754,15.319999694824219,2888.919921875,1204.699951171875,2.9630000591278076,94.80000305175781
2018-09-13,12.369999885559082,14.770000457763672,2904.179931640625,1202.0,2.9630000591278076,94.54000091552734
2018-09-14,12.069999694824219,14.369999885559082,2904.97998046875,1195.0,2.99399995803833,94.9800033569336
2018-09-17,13.680000305175781,15.279999732971191,2888.800048828125,1199.699951171875,3.000999927520752,94.51000213623047
2018-09-18,12.789999961853027,15.039999961853027,2904.31005859375,1196.800048828125,3.0480000972747803,94.62000274658203
2018-09-19,11.75,14.649999618530273,2907.949951171875,1202.199951171875,3.0829999446868896,94.55000305175781
2018-09-20,11.800000190734863,14.510000228881836,2930.75,1206.199951171875,3.078000068664551,93.91000366210938
2018-09-21,11.680000305175781,14.579999923706055,2929.669921875,1196.199951171875,3.068000078201294,94.22000122070312
2018-09-24,12.199999809265137,14.770000457763672,2919.3701171875,1199.300048828125,3.078000068664551,94.26000213623047
2018-09-25,12.420000076293945,14.920000076293945,2915.56005859375,1200.0,3.1019999980926514,94.12999725341797
2018-09-26,12.890000343322754,15.149999618530273,2905.969970703125,1194.0,3.061000108718872,94.19000244140625
2018-09-27,12.40999984741211,14.890000343322754,2914.0,1182.300048828125,3.055999994277954,95.0
2018-09-28,12.119999885559082,14.770000457763672,2913.97998046875,1191.5,3.055999994277954,95.19000244140625
2018-10-01,12.0,14.739999771118164,2924.590087890625,1187.0999755859375,3.0799999237060547,95.30000305175781
2018-10-02,12.050000190734863,14.84000015258789,2923.429931640625,1202.4000244140625,3.055999994277954,95.51000213623047
2018-10-03,11.609999656677246,14.680000305175781,2925.510009765625,1198.300048828125,3.1610000133514404,95.76000213623047
2018-10-04,14.220000267028809,15.84000015258789,2901.610107421875,1197.199951171875,3.197000026702881,95.75
2018-10-05,14.819999694824219,16.25,2885.570068359375,1201.199951171875,3.2249999046325684,95.62000274658203
2018-10-08,15.6899995803833,16.510000228881836,2884.429931640625,1184.4000244140625,3.2330000400543213,95.7699966430664
2018-10-09,15.949999809265137,16.6299991607666,2880.340087890625,1187.199951171875,3.2079999446868896,95.68000030517578
2018-10-10,22.959999084472656,20.700000762939453,2785.679931640625,1189.300048828125,3.2249999046325684,95.51000213623047
2018-10-11,24.979999542236328,21.559999465942383,2728.3701171875,1223.5,3.132999897003174,95.0199966430664
2018-10-12,21.309999465942383,19.84000015258789,2767.1298828125,1218.0999755859375,3.1410000324249268,95.22000122070312
2018-10-15,21.299999237060547,20.290000915527344,2750.7900390625,1226.4000244140625,3.1630001068115234,95.06999969482422
2018-10-16,17.6200008392334,17.959999084472656,2809.919921875,1227.300048828125,3.1559998989105225,95.05000305175781
2018-10-17,17.399999618530273,18.100000381469727,2809.2099609375,1223.699951171875,3.178999900817871,95.58000183105469
2018-10-18,20.059999465942383,19.860000610351562,2768.780029296875,1226.5,3.174999952316284,95.9000015258789
2018-10-19,19.889999389648438,19.84000015258789,2767.780029296875,1225.300048828125,3.197999954223633,95.70999908447266
2018-10-22,19.639999389648438,19.81999969482422,2755.8798828125,1221.199951171875,3.196000099182129,96.01000213623047
2018-10-23,20.709999084472656,20.280000686645508,2740.68994140625,1233.4000244140625,3.1659998893737793,95.95999908447266
2018-10-24,25.229999542236328,22.6200008392334,2656.10009765625,1227.800048828125,3.124000072479248,96.43000030517578
2018-10-25,24.219999313354492,22.440000534057617,2705.570068359375,1229.0999755859375,3.135999917984009,96.68000030517578
2018-10-26,24.15999984741211,22.479999542236328,2658.68994140625,1232.5,3.0769999027252197,96.36000061035156
2018-10-29,24.700000762939453,23.059999465942383,2641.25,1224.5,3.0869998931884766,96.58000183105469
2018-10-30,23.350000381469727,22.229999542236328,2682.6298828125,1222.5999755859375,3.109999895095825,97.01000213623047
2018-10-31,21.229999542236328,21.149999618530273,2711.739990234375,1212.300048828125,3.1589999198913574,97.12999725341797
2018-11-01,19.34000015258789,20.06999969482422,2740.3701171875,1236.0,3.1440000534057617,96.27999877929688
2018-11-02,19.510000228881836,20.299999237060547,2723.06005859375,1230.9000244140625,3.2139999866485596,96.54000091552734
2018-11-05,19.959999084472656,20.200000762939453,2738.31005859375,1229.800048828125,3.2009999752044678,96.3499984741211
2018-11-06,19.90999984741211,19.579999923706055,2755.449951171875,1223.800048828125,3.2139999866485596,96.31999969482422
2018-11-07,16.360000610351562,17.6200008392334,2813.889892578125,1226.199951171875,3.2130000591278076,96.0
2018-11-08,16.719999313354492,17.68000030517578,2806.830078125,1222.9000244140625,3.2339999675750732,96.63999938964844
2018-11-09,17.360000610351562,18.459999084472656,2781.010009765625,1206.4000244140625,3.188999891281128,96.91000366210938
2018-11-12,20.450000762939453,20.229999542236328,2726.219970703125,1201.300048828125,3.186000108718872,97.54000091552734
2018-11-13,20.020000457763672,20.270000457763672,2722.179931640625,1199.199951171875,3.1449999809265137,97.30000305175781
2018-11-14,21.25,21.219999313354492,2701.580078125,1207.9000244140625,3.119999885559082,96.80000305175781
2018-11-15,19.979999542236328,20.309999465942383,2730.199951171875,1212.800048828125,3.118000030517578,96.93000030517578
2018-11-16,18.139999389648438,19.350000381469727,2736.27001953125,1220.800048828125,3.0739998817443848,96.47000122070312
2018-11-19,20.100000381469727,20.639999389648438,2690.72998046875,1223.0999755859375,3.056999921798706,96.19000244140625
2018-11-20,22.479999542236328,22.270000457763672,2641.889892578125,1219.0,3.0480000972747803,96.80999755859375
2018-11-21,20.799999237060547,21.31999969482422,2649.929931640625,1225.800048828125,3.061000108718872,96.70999908447266
2018-11-23,21.520000457763672,21.75,2632.56005859375,1221.0,3.053999900817871,96.91999816894531
2018-11-26,18.899999618530273,20.110000610351562,2673.449951171875,1220.199951171875,3.072000026702881,97.06999969482422
2018-11-27,19.020000457763672,19.940000534057617,2682.169921875,1211.199951171875,3.055000066757202,97.37000274658203
2018-11-28,18.489999771118164,19.280000686645508,2743.7900390625,1221.4000244140625,3.0439999103546143,96.79000091552734
2018-11-29,18.790000915527344,19.59000015258789,2737.800048828125,1224.0999755859375,3.0350000858306885,96.77999877929688
2018-11-30,18.06999969482422,18.889999389648438,2760.169921875,1220.199951171875,3.013000011444092,97.2699966430664
2018-12-03,16.440000534057617,17.950000762939453,2790.3701171875,1233.9000244140625,2.992000102996826,97.04000091552734
2018-12-04,20.739999771118164,20.75,2700.06005859375,1241.0999755859375,2.9240000247955322,96.97000122070312
2018-12-06,21.190000534057617,21.059999465942383,2695.949951171875,1238.0999755859375,2.875999927520752,96.80999755859375
2018-12-07,23.229999542236328,22.440000534057617,2633.080078125,1246.800048828125,2.8499999046325684,96.51000213623047
2018-12-10,22.639999389648438,22.010000228881836,2637.719970703125,1243.699951171875,2.8559999465942383,97.22000122070312
2018-12-11,21.760000228881836,21.719999313354492,2636.780029296875,1241.9000244140625,2.878999948501587,97.38999938964844
2018-12-12,21.459999084472656,21.59000015258789,2651.070068359375,1244.4000244140625,2.9059998989105225,97.04000091552734
2018-12-13,20.649999618530273,21.350000381469727,2650.5400390625,1242.699951171875,2.9110000133514404,97.05999755859375
2018-12-14,21.6299991607666,21.959999084472656,2599.949951171875,1237.0,2.8910000324249268,97.44000244140625
2018-12-17,24.520000457763672,23.40999984741211,2545.93994140625,1247.4000244140625,2.8570001125335693,97.0999984741211
2018-12-18,25.579999923706055,23.899999618530273,2546.159912109375,1249.199951171875,2.825000047683716,97.13999938964844
2018-12-19,25.579999923706055,24.020000457763672,2506.9599609375,1252.0999755859375,2.7780001163482666,97.04000091552734
2018-12-20,28.3799991607666,25.239999771118164,2467.419921875,1263.5999755859375,2.7890000343322754,96.27999877929688
2018-12-21,30.110000610351562,26.229999542236328,2416.6201171875,1253.800048828125,2.7920000553131104,96.95999908447266
2018-12-24,36.06999969482422,28.84000015258789,2351.10009765625,1267.5,2.749000072479248,96.55000305175781
2018-12-26,30.40999984741211,25.690000534057617,2467.699951171875,1269.199951171875,2.796999931335449,97.05000305175781
2018-12-27,29.959999084472656,25.889999389648438,2488.830078125,1277.300048828125,2.743000030517578,96.4800033569336
2018-12-28,28.34000015258789,25.31999969482422,2485.739990234375,1279.9000244140625,2.7360000610351562,96.38999938964844
2018-12-31,25.420000076293945,23.729999542236328,2506.85009765625,1278.300048828125,2.686000108718872,96.16999816894531
2019-01-02,23.219999313354492,22.75,2510.030029296875,1281.0,2.6610000133514404,96.81999969482422
2019-01-03,25.450000762939453,24.110000610351562,2447.889892578125,1291.800048828125,2.553999900817871,96.30999755859375
2019-01-04,21.3799991607666,21.860000610351562,2531.93994140625,1282.699951171875,2.6589999198913574,96.19000244140625
2019-01-07,21.399999618530273,21.6200008392334,2549.68994140625,1286.800048828125,2.681999921798706,95.70999908447266
2019-01-08,20.469999313354492,21.139999389648438,2574.409912109375,1283.199951171875,2.7160000801086426,95.9000015258789
2019-01-09,19.979999542236328,20.690000534057617,2584.9599609375,1289.300048828125,2.7279999256134033,95.22000122070312
2019-01-10,19.5,20.520000457763672,2596.639892578125,1284.699951171875,2.7309999465942383,95.54000091552734
2019-01-11,18.190000534057617,19.739999771118164,2596.260009765625,1287.0999755859375,2.7009999752044678,95.66999816894531
2019-01-14,19.06999969482422,19.93000030517578,2582.610107421875,1289.0999755859375,2.7100000381469727,95.58999633789062
2019-01-15,18.600000381469727,19.239999771118164,2610.300048828125,1286.199951171875,2.7109999656677246,95.97000122070312
2019-01-16,19.040000915527344,19.530000686645508,2616.10009765625,1291.5999755859375,2.7309999465942383,96.05999755859375
2019-01-17,18.059999465942383,19.170000076293945,2635.9599609375,1291.0,2.749000072479248,96.06999969482422
2019-01-18,17.799999237060547,18.84000015258789,2670.7099609375,1281.300048828125,2.7839999198913574,96.33999633789062
2019-01-22,20.799999237060547,20.690000534057617,2632.89990234375,1282.5,2.7300000190734863,96.30000305175781
2019-01-23,19.520000457763672,20.079999923706055,2638.699951171875,1283.0999755859375,2.755000114440918,96.12000274658203
2019-01-24,18.889999389648438,19.670000076293945,2642.330078125,1279.0999755859375,2.7119998931884766,96.5999984741211
2019-01-25,17.420000076293945,18.81999969482422,2664.760009765625,1297.4000244140625,2.753000020980835,95.79000091552734
2019-01-28,18.8700008392334,19.579999923706055,2643.85009765625,1302.4000244140625,2.74399995803833,95.75
2019-01-29,19.1299991607666,19.600000381469727,2640.0,1308.199951171875,2.7119998931884766,95.81999969482422
2019-01-30,17.65999984741211,18.68000030517578,2681.050048828125,1309.9000244140625,2.694999933242798,95.33999633789062
2019-01-31,16.56999969482422,17.8799991607666,2704.10009765625,1319.699951171875,2.634999990463257,95.58000183105469
2019-02-01,16.139999389648438,17.59000015258789,2706.530029296875,1316.9000244140625,2.690999984741211,95.58000183105469
2019-02-04,15.729999542236328,17.190000534057617,2724.8701171875,1314.300048828125,2.7239999771118164,95.8499984741211
2019-02-05,15.569999694824219,17.06999969482422,2737.699951171875,1314.199951171875,2.7019999027252197,96.0999984741211
2019-02-06,15.380000114440918,16.899999618530273,2731.610107421875,1309.5,2.7019999027252197,96.41999816894531
2019-02-07,16.3700008392334,17.520000457763672,2706.050048828125,1309.4000244140625,2.6519999504089355,96.51000213623047
2019-02-08,15.720000267028809,17.260000228881836,2707.8798828125,1313.699951171875,2.631999969482422,96.63999938964844
2019-02-11,15.970000267028809,17.219999313354492,2709.800048828125,1307.0,2.6610000133514404,97.05999755859375
2019-02-12,15.430000305175781,16.81999969482422,2744.72998046875,1309.199951171875,2.684000015258789,96.70999908447266
2019-02-13,15.649999618530273,16.959999084472656,2753.030029296875,1310.800048828125,2.7079999446868896,97.12999725341797
2019-02-14,16.219999313354492,17.31999969482422,2745.72998046875,1309.800048828125,2.6570000648498535,96.9800033569336
2019-02-15,14.90999984741211,16.479999542236328,2775.60009765625,1318.0999755859375,2.6659998893737793,96.91999816894531
2019-02-19,14.880000114440918,16.450000762939453,2779.760009765625,1340.0999755859375,2.6470000743865967,96.5199966430664
2019-02-20,14.020000457763672,15.819999694824219,2784.699951171875,1343.300048828125,2.6540000438690186,96.44999694824219
2019-02-21,14.460000038146973,16.15999984741211,2774.8798828125,1323.5,2.687999963760376,96.61000061035156
2019-02-22,13.510000228881836,15.460000038146973,2792.669921875,1329.199951171875,2.6549999713897705,96.51000213623047
2019-02-25,14.850000381469727,16.0,2796.110107421875,1325.9000244140625,2.6730000972747803,96.41000366210938
2019-02-26,15.170000076293945,16.299999237060547,2793.89990234375,1325.0999755859375,2.635999917984009,96.0
2019-02-27,14.699999809265137,15.989999771118164,2792.3798828125,1317.699951171875,2.693000078201294,96.1500015258789
2019-02-28,14.779999732971191,16.100000381469727,2784.489990234375,1312.800048828125,2.7109999656677246,96.16000366210938
2019-03-01,13.569999694824219,15.380000114440918,2803.68994140625,1296.4000244140625,2.755000114440918,96.52999877929688
2019-03-04,14.630000114440918,16.030000686645508,2792.81005859375,1284.800048828125,2.7219998836517334,96.68000030517578
2019-03-05,14.739999771118164,16.149999618530273,2789.64990234375,1282.0,2.7219998836517334,96.8499984741211
2019-03-06,15.739999771118164,16.739999771118164,2771.449951171875,1284.9000244140625,2.691999912261963,96.87000274658203
2019-03-07,16.59000015258789,17.299999237060547,2748.929931640625,1283.800048828125,2.635999917984009,97.66999816894531
2019-03-08,16.049999237060547,17.110000610351562,2743.070068359375,1297.0,2.625,97.37000274658203
2019-03-11,14.329999923706055,16.010000228881836,2783.300048828125,1288.800048828125,2.6429998874664307,97.22000122070312
2019-03-12,13.770000457763672,15.649999618530273,2791.52001953125,1296.300048828125,2.6050000190734863,96.94000244140625
2019-03-13,13.40999984741211,15.329999923706055,2810.919921875,1307.5,2.6110000610351562,96.55000305175781
2019-03-14,13.5,15.300000190734863,2808.47998046875,1293.4000244140625,2.630000114440918,96.79000091552734
2019-03-15,12.880000114440918,14.979999542236328,2822.47998046875,1301.800048828125,2.5929999351501465,96.5999984741211
2019-03-18,13.100000381469727,15.239999771118164,2832.93994140625,1300.300048828125,2.6019999980926514,96.5199966430664
2019-03-19,13.5600004196167,15.5600004196167,2832.570068359375,1305.0,2.614000082015991,96.37999725341797
2019-03-20,13.90999984741211,15.789999961853027,2824.22998046875,1300.5,2.5350000858306885,95.76000213623047
2019-03-21,13.630000114440918,15.510000228881836,2854.8798828125,1306.0999755859375,2.5369999408721924,96.5
2019-03-22,16.479999542236328,17.3700008392334,2800.7099609375,1311.5999755859375,2.4549999237060547,96.6500015258789
2019-03-25,16.329999923706055,17.450000762939453,2798.360107421875,1321.9000244140625,2.4200000762939453,96.56999969482422
2019-03-26,14.680000305175781,16.450000762939453,2818.4599609375,1314.300048828125,2.4140000343322754,96.73999786376953
2019-03-27,15.149999618530273,16.780000686645508,2805.3701171875,1309.9000244140625,2.374000072479248,96.7699966430664
2019-03-28,14.430000305175781,16.299999237060547,2815.43994140625,1289.800048828125,2.3889999389648438,97.19999694824219
2019-03-29,13.710000038146973,15.800000190734863,2834.39990234375,1293.0,2.4140000343322754,97.27999877929688
2019-04-01,13.399999618530273,15.460000038146973,2867.18994140625,1288.4000244140625,2.496999979019165,97.25
2019-04-02,13.359999656677246,15.539999961853027,2867.239990234375,1290.0,2.4809999465942383,97.36000061035156
2019-04-03,13.739999771118164,15.630000114440918,2873.39990234375,1289.9000244140625,2.5169999599456787,97.08999633789062
2019-04-04,13.579999923706055,15.479999542236328,2879.389892578125,1289.0,2.51200008392334,97.30999755859375
2019-04-05,12.819999694824219,15.0600004196167,2892.739990234375,1290.4000244140625,2.500999927520752,97.4000015258789
2019-04-08,13.180000305175781,15.279999732971191,2895.77001953125,1297.0999755859375,2.5190000534057617,97.05000305175781
2019-04-09,14.279999732971191,15.989999771118164,2878.199951171875,1303.5,2.499000072479248,97.01000213623047
2019-04-10,13.300000190734863,15.380000114440918,2888.2099609375,1309.0999755859375,2.4769999980926514,96.94999694824219
2019-04-11,13.020000457763672,15.25,2888.320068359375,1288.5999755859375,2.503999948501587,97.18000030517578
2019-04-12,12.010000228881836,14.460000038146973,2907.409912109375,1290.5999755859375,2.559999942779541,96.97000122070312
2019-04-15,12.319999694824219,14.529999732971191,2905.580078125,1286.800048828125,2.552999973297119,96.94000244140625
2019-04-16,12.180000305175781,14.470000267028809,2907.06005859375,1272.5999755859375,2.5920000076293945,97.04000091552734
2019-04-17,12.600000381469727,14.819999694824219,2900.449951171875,1272.199951171875,2.5920000076293945,97.01000213623047
2019-04-18,12.09000015258789,14.569999694824219,2905.030029296875,1271.9000244140625,2.559999942779541,97.47000122070312
2019-04-22,12.420000076293945,14.720000267028809,2907.969970703125,1273.5,2.5899999141693115,97.27999877929688
2019-04-23,12.279999732971191,14.539999961853027,2933.679931640625,1269.300048828125,2.569999933242798,97.56999969482422
2019-04-24,13.140000343322754,15.039999961853027,2927.25,1275.5,2.5220000743865967,98.0999984741211
2019-04-25,13.25,15.210000038146973,2926.169921875,1275.800048828125,2.5339999198913574,98.19999694824219
2019-04-26,12.729999542236328,14.890000343322754,2939.8798828125,1284.9000244140625,2.505000114440918,98.01000213623047
2019-04-29,13.109999656677246,15.229999542236328,2943.030029296875,1278.5999755859375,2.5360000133514404,97.86000061035156
2019-04-30,13.119999885559082,15.229999542236328,2945.830078125,1282.800048828125,2.509000062942505,97.4800033569336
2019-05-01,14.800000190734863,16.190000534057617,2923.72998046875,1281.4000244140625,2.510999917984009,97.69000244140625
2019-05-02,14.420000076293945,16.030000686645508,2917.52001953125,1269.699951171875,2.552000045776367,97.83000183105469
2019-05-03,12.869999885559082,15.069999694824219,2945.639892578125,1279.199951171875,2.5309998989105225,97.5199966430664
2019-05-06,15.4399995803833,16.399999618530273,2932.469970703125,1281.699951171875,2.5,97.5199966430664
2019-05-07,19.31999969482422,18.780000686645508,2884.050048828125,1283.5,2.447999954223633,97.62999725341797
2019-05-08,19.399999618530273,18.75,2879.419921875,1279.4000244140625,2.4820001125335693,97.62000274658203
2019-05-09,19.100000381469727,18.440000534057617,2870.719970703125,1283.5,2.4570000171661377,97.37000274658203
2019-05-10,16.040000915527344,16.899999618530273,2881.39990234375,1285.699951171875,2.4549999237060547,97.33000183105469
2019-05-13,20.549999237060547,19.790000915527344,2811.8701171875,1300.0999755859375,2.4049999713897705,97.31999969482422
2019-05-14,18.059999465942383,18.290000915527344,2834.409912109375,1294.699951171875,2.4189999103546143,97.52999877929688
2019-05-15,16.440000534057617,17.489999771118164,2850.9599609375,1296.300048828125,2.378999948501587,97.56999969482422
2019-05-16,15.289999961853027,16.739999771118164,2876.320068359375,1285.0,2.4049999713897705,97.83999633789062
2019-05-17,15.960000038146973,17.059999465942383,2859.530029296875,1274.5,2.3929998874664307,98.0
2019-05-20,16.309999465942383,17.290000915527344,2840.22998046875,1276.0999755859375,2.4159998893737793,97.93000030517578
2019-05-21,14.949999809265137,16.420000076293945,2864.360107421875,1272.0,2.4260001182556152,98.05999755859375
2019-05-22,14.75,16.420000076293945,2856.27001953125,1273.5999755859375,2.3929998874664307,98.11000061035156
2019-05-23,16.920000076293945,17.690000534057617,2822.239990234375,1284.800048828125,2.2960000038146973,97.8499984741211
2019-05-24,15.850000381469727,17.09000015258789,2826.06005859375,1283.0,2.3239998817443848,97.61000061035156
2019-05-28,17.5,17.899999618530273,2802.389892578125,1276.5,2.2679998874664307,97.95999908447266
2019-05-29,17.899999618530273,18.239999771118164,2783.02001953125,1280.5999755859375,2.2360000610351562,98.13999938964844
2019-05-30,17.299999237060547,17.959999084472656,2788.860107421875,1287.0999755859375,2.2269999980926514,98.13999938964844
2019-05-31,18.709999084472656,18.829999923706055,2752.06005859375,1305.800048828125,2.1419999599456787,97.75
2019-06-03,18.860000610351562,18.770000457763672,2744.449951171875,1322.699951171875,2.0810000896453857,97.13999938964844
2019-06-04,16.969999313354492,17.59000015258789,2803.27001953125,1323.4000244140625,2.11899995803833,97.06999969482422
2019-06-05,16.09000015258789,17.1299991607666,2826.14990234375,1328.300048828125,2.122999906539917,97.37000274658203
2019-06-06,15.930000305175781,16.920000076293945,2843.489990234375,1337.5999755859375,2.124000072479248,97.02999877929688
2019-06-07,16.299999237060547,17.149999618530273,2873.340087890625,1341.199951171875,2.0840001106262207,96.61000061035156
2019-06-10,15.9399995803833,16.8799991607666,2886.72998046875,1324.699951171875,2.1429998874664307,96.76000213623047
2019-06-11,15.989999771118164,16.989999771118164,2885.719970703125,1326.4000244140625,2.140000104904175,96.69000244140625
2019-06-12,15.90999984741211,17.049999237060547,2879.840087890625,1331.9000244140625,2.127000093460083,97.0
2019-06-13,15.819999694824219,16.860000610351562,2891.639892578125,1339.199951171875,2.0910000801086426,97.01000213623047
2019-06-14,15.279999732971191,16.600000381469727,2886.97998046875,1340.0999755859375,2.0929999351501465,97.56999969482422
2019-06-17,15.350000381469727,16.610000610351562,2889.669921875,1338.699951171875,2.0859999656677246,97.55999755859375
2019-06-18,15.149999618530273,16.5,2917.75,1346.5999755859375,2.059999942779541,97.63999938964844
2019-06-19,14.329999923706055,16.100000381469727,2926.4599609375,1344.5999755859375,2.0290000438690186,97.12000274658203
2019-06-20,14.75,16.139999389648438,2954.179931640625,1392.9000244140625,2.000999927520752,96.62999725341797
2019-06-21,15.399999618530273,16.670000076293945,2950.4599609375,1396.199951171875,2.068000078201294,96.22000122070312
2019-06-24,15.260000228881836,16.469999313354492,2945.35009765625,1414.300048828125,2.0209999084472656,95.9800033569336
2019-06-25,16.280000686645508,17.1200008392334,2917.3798828125,1414.9000244140625,1.99399995803833,96.16000366210938
2019-06-26,16.209999084472656,17.049999237060547,2913.780029296875,1411.5999755859375,2.0490000247955322,96.20999908447266
2019-06-27,15.819999694824219,16.760000228881836,2924.919921875,1408.4000244140625,2.005000114440918,96.19000244140625
2019-06-28,15.079999923706055,16.059999465942383,2941.760009765625,1409.699951171875,2.0,96.12999725341797
2019-07-01,14.0600004196167,15.430000305175781,2964.330078125,1385.5999755859375,2.0339999198913574,96.83999633789062
2019-07-02,12.930000305175781,14.720000267028809,2973.010009765625,1404.5999755859375,1.9759999513626099,96.7300033569336
2019-07-03,12.569999694824219,14.529999732971191,2995.820068359375,1417.699951171875,1.9529999494552612,96.7699966430664
2019-07-05,13.279999732971191,14.979999542236328,2990.409912109375,1396.699951171875,2.0480000972747803,97.25
2019-07-08,13.960000038146973,15.479999542236328,2975.949951171875,1397.0,2.0339999198913574,97.37999725341797
2019-07-09,14.09000015258789,15.569999694824219,2979.6298828125,1397.5,2.053999900817871,97.48999786376953
2019-07-10,13.029999732971191,15.1899995803833,2993.070068359375,1410.0999755859375,2.061000108718872,97.0999984741211
2019-07-11,12.930000305175781,14.979999542236328,2999.909912109375,1404.300048828125,2.119999885559082,97.05000305175781
2019-07-12,12.390000343322754,14.800000190734863,3013.77001953125,1409.9000244140625,2.1059999465942383,96.80999755859375
2019-07-15,12.680000305175781,15.039999961853027,3014.300048828125,1411.4000244140625,2.0920000076293945,96.93000030517578
2019-07-16,12.859999656677246,15.220000267028809,3004.0400390625,1409.199951171875,2.121999979019165,97.4000015258789
2019-07-17,13.970000267028809,15.819999694824219,2984.419921875,1421.300048828125,2.061000108718872,97.22000122070312
2019-07-18,13.529999732971191,15.539999961853027,2995.110107421875,1426.0999755859375,2.0380001068115234,96.79000091552734
2019-07-19,14.449999809265137,15.930000305175781,2976.610107421875,1425.0999755859375,2.0480000972747803,97.1500015258789
2019-07-22,13.529999732971191,15.470000267028809,2985.030029296875,1425.300048828125,2.0429999828338623,97.26000213623047
2019-07-23,12.609999656677246,14.930000305175781,3005.469970703125,1420.0999755859375,2.0739998817443848,97.70999908447266
2019-07-24,12.069999694824219,14.5600004196167,3019.56005859375,1422.800048828125,2.049999952316284,97.7300033569336
2019-07-25,12.739999771118164,15.050000190734863,3003.669921875,1413.9000244140625,2.0739998817443848,97.81999969482422
2019-07-26,12.15999984741211,14.6899995803833,3025.860107421875,1418.5,2.0810000896453857,98.01000213623047
2019-07-29,12.829999923706055,15.0,3020.969970703125,1419.5999755859375,2.055000066757202,98.04000091552734
2019-07-30,13.9399995803833,15.699999809265137,3013.179931640625,1429.699951171875,2.061000108718872,98.05000305175781
2019-07-31,16.1200008392334,16.90999984741211,2980.3798828125,1426.0999755859375,2.0209999084472656,98.5199966430664
2019-08-01,17.8700008392334,17.989999771118164,2953.56005859375,1420.9000244140625,1.8940000534057617,98.38999938964844
2019-08-02,17.610000610351562,17.889999389648438,2932.050048828125,1445.5999755859375,1.8550000190734863,98.0999984741211
2019-08-05,24.59000015258789,21.899999618530273,2844.739990234375,1464.5999755859375,1.7350000143051147,97.5
2019-08-06,20.170000076293945,19.690000534057617,2881.77001953125,1472.4000244140625,1.7389999628067017,97.62999725341797
2019-08-07,19.489999771118164,19.5,2883.97998046875,1507.300048828125,1.684000015258789,97.54000091552734
2019-08-08,16.90999984741211,17.860000610351562,2938.090087890625,1497.699951171875,1.715999960899353,97.62000274658203
2019-08-09,17.969999313354492,18.559999465942383,2918.64990234375,1496.5999755859375,1.7339999675750732,97.48999786376953
2019-08-12,21.09000015258789,20.5,2882.699951171875,1505.300048828125,1.6390000581741333,97.37999725341797
2019-08-13,17.520000457763672,18.530000686645508,2926.320068359375,1502.199951171875,1.6799999475479126,97.80999755859375
2019-08-14,22.100000381469727,21.299999237060547,2840.60009765625,1515.9000244140625,1.5809999704360962,97.98999786376953
2019-08-15,21.18000030517578,21.06999969482422,2847.60009765625,1519.5999755859375,1.5290000438690186,98.13999938964844
2019-08-16,18.469999313354492,19.700000762939453,2888.679931640625,1512.5,1.5390000343322754,98.13999938964844
2019-08-19,16.8799991607666,18.360000610351562,2923.64990234375,1500.4000244140625,1.5980000495910645,98.3499984741211
2019-08-20,17.5,18.8700008392334,2900.510009765625,1504.5999755859375,1.5609999895095825,98.19000244140625
2019-08-21,15.800000190734863,17.719999313354492,2924.429931640625,1504.5999755859375,1.5770000219345093,98.30000305175781
2019-08-22,16.68000030517578,18.229999542236328,2922.949951171875,1497.300048828125,1.6100000143051147,98.16999816894531
2019-08-23,19.8700008392334,20.360000610351562,2847.110107421875,1526.5999755859375,1.527999997138977,97.63999938964844
2019-08-26,19.31999969482422,19.81999969482422,2878.3798828125,1526.300048828125,1.5449999570846558,98.08000183105469
2019-08-27,20.309999465942383,20.639999389648438,2869.159912109375,1541.0,1.4900000095367432,98.0
2019-08-28,19.350000381469727,20.049999237060547,2887.93994140625,1537.800048828125,1.465999960899353,98.20999908447266
2019-08-29,17.8799991607666,19.030000686645508,2924.580078125,1526.5,1.5160000324249268,98.51000213623047
2019-08-30,18.979999542236328,19.540000915527344,2926.4599609375,1519.0999755859375,1.50600004196167,98.91999816894531
2019-09-03,19.65999984741211,20.1200008392334,2906.27001953125,1545.9000244140625,1.465999960899353,98.94999694824219
2019-09-04,17.329999923706055,18.809999465942383,2937.780029296875,1550.300048828125,1.4589999914169312,98.44999694824219
2019-09-05,16.270000457763672,18.079999923706055,2976.0,1515.4000244140625,1.565000057220459,98.41000366210938
2019-09-06,15.0,17.459999084472656,2978.7099609375,1506.199951171875,1.5499999523162842,98.38999938964844
2019-09-09,15.270000457763672,17.549999237060547,2978.429931640625,1502.199951171875,1.621999979019165,98.27999877929688
2019-09-10,15.199999809265137,17.40999984741211,2979.389892578125,1490.300048828125,1.7020000219345093,98.33000183105469
2019-09-11,14.609999656677246,17.100000381469727,3000.929931640625,1494.4000244140625,1.7330000400543213,98.6500015258789
2019-09-12,14.220000267028809,16.809999465942383,3009.570068359375,1498.699951171875,1.7910000085830688,98.30999755859375
2019-09-13,13.739999771118164,16.670000076293945,3007.389892578125,1490.9000244140625,1.902999997138977,98.26000213623047
2019-09-16,14.670000076293945,17.200000762939453,2997.9599609375,1503.0999755859375,1.840999960899353,98.6500015258789
2019-09-17,14.4399995803833,17.229999542236328,3005.699951171875,1505.0999755859375,1.812000036239624,98.26000213623047
2019-09-18,13.949999809265137,16.860000610351562,3006.72998046875,1507.5,1.7860000133514404,98.5999984741211
2019-09-19,14.050000190734863,16.790000915527344,3006.7900390625,1498.4000244140625,1.7740000486373901,98.2699966430664
2019-09-20,15.319999694824219,17.709999084472656,2992.070068359375,1507.300048828125,1.7549999952316284,98.51000213623047
2019-09-23,14.90999984741211,17.8700008392334,2991.780029296875,1523.699951171875,1.7079999446868896,98.5999984741211
2019-09-24,17.049999237060547,18.549999237060547,2966.60009765625,1532.0999755859375,1.6349999904632568,98.33999633789062
2019-09-25,15.960000038146973,18.0,2984.8701171875,1504.5999755859375,1.7319999933242798,99.04000091552734
2019-09-26,16.06999969482422,18.1200008392334,2977.6201171875,1507.5,1.684999942779541,99.20999908447266
2019-09-27,17.219999313354492,18.75,2961.7900390625,1499.0999755859375,1.6749999523162842,99.11000061035156
2019-09-30,16.239999771118164,17.959999084472656,2976.739990234375,1465.699951171875,1.6749999523162842,99.37999725341797
2019-10-01,18.559999465942383,19.350000381469727,2940.25,1482.0,1.6440000534057617,99.12999725341797
2019-10-02,20.559999465942383,20.739999771118164,2887.610107421875,1501.0,1.5959999561309814,99.04000091552734
2019-10-03,19.1200008392334,19.780000686645508,2910.6298828125,1507.0999755859375,1.5360000133514404,98.86000061035156
2019-10-04,17.040000915527344,18.59000015258789,2952.010009765625,1506.199951171875,1.5149999856948853,98.80999755859375
2019-10-07,17.860000610351562,18.90999984741211,2938.7900390625,1497.699951171875,1.5529999732971191,98.98999786376953
2019-10-08,20.280000686645508,20.389999389648438,2893.06005859375,1497.199951171875,1.5369999408721924,99.13999938964844
2019-10-09,18.639999389648438,19.510000228881836,2919.39990234375,1506.0999755859375,1.5889999866485596,99.12000274658203
2019-10-10,17.56999969482422,18.790000915527344,2938.1298828125,1494.800048828125,1.6579999923706055,98.70999908447266
2019-10-11,15.579999923706055,17.549999237060547,2970.27001953125,1482.699951171875,1.7519999742507935,98.30000305175781
2019-10-14,14.569999694824219,17.1200008392334,2966.14990234375,1491.699951171875,1.7330000400543213,98.44999694824219
2019-10-15,13.539999961853027,16.479999542236328,2995.679931640625,1477.5999755859375,1.7710000276565552,98.29000091552734
2019-10-16,13.680000305175781,16.479999542236328,2989.68994140625,1488.0,1.7480000257492065,98.01000213623047
2019-10-17,13.789999961853027,16.440000534057617,2997.949951171875,1492.300048828125,1.7569999694824219,97.61000061035156
2019-10-18,14.25,16.649999618530273,2986.199951171875,1488.199951171875,1.746999979019165,97.27999877929688
2019-10-21,14.0,16.280000686645508,3006.719970703125,1482.4000244140625,1.7920000553131104,97.33000183105469
2019-10-22,14.460000038146973,16.549999237060547,2995.989990234375,1481.699951171875,1.7680000066757202,97.52999877929688
2019-10-23,14.010000228881836,16.290000915527344,3004.52001953125,1489.9000244140625,1.7589999437332153,97.47000122070312
2019-10-24,13.710000038146973,16.25,3010.2900390625,1498.9000244140625,1.7660000324249268,97.62999725341797
2019-10-25,12.649999618530273,15.710000038146973,3022.550048828125,1499.5,1.8009999990463257,97.83000183105469
2019-10-28,13.109999656677246,15.989999771118164,3039.419921875,1490.0,1.8530000448226929,97.76000213623047
2019-10-29,13.199999809265137,16.09000015258789,3036.889892578125,1487.0,1.8350000381469727,97.69000244140625
2019-10-30,12.329999923706055,15.6899995803833,3046.77001953125,1493.199951171875,1.7979999780654907,97.6500015258789
2019-10-31,13.220000267028809,16.049999237060547,3037.56005859375,1511.4000244140625,1.690999984741211,97.3499984741211
2019-11-01,12.300000190734863,15.420000076293945,3066.909912109375,1508.0,1.7280000448226929,97.23999786376953
2019-11-04,12.829999923706055,15.619999885559082,3078.27001953125,1508.0,1.7860000133514404,97.51000213623047
2019-11-05,13.100000381469727,15.90999984741211,3074.6201171875,1480.800048828125,1.8660000562667847,97.9800033569336
2019-11-06,12.619999885559082,15.829999923706055,3076.780029296875,1490.199951171875,1.8140000104904175,97.94999694824219
2019-11-07,12.729999542236328,15.800000190734863,3085.179931640625,1464.199951171875,1.9259999990463257,98.13999938964844
2019-11-08,12.069999694824219,15.529999732971191,3093.080078125,1461.300048828125,1.9329999685287476,98.3499984741211
2019-11-11,12.6899995803833,15.600000381469727,3087.010009765625,1455.5,1.9429999589920044,98.19999694824219
2019-11-12,12.680000305175781,15.489999771118164,3091.840087890625,1452.0999755859375,1.909000039100647,98.30999755859375
2019-11-13,13.0,15.619999885559082,3094.0400390625,1461.699951171875,1.8700000047683716,98.37000274658203
2019-11-14,13.050000190734863,15.600000381469727,3096.6298828125,1471.800048828125,1.815000057220459,98.16000366210938
2019-11-15,12.050000190734863,14.989999771118164,3120.4599609375,1467.300048828125,1.8339999914169312,98.0
2019-11-18,12.460000038146973,15.170000076293945,3122.030029296875,1470.9000244140625,1.8079999685287476,97.79000091552734
2019-11-19,12.859999656677246,15.5,3120.179931640625,1473.300048828125,1.7860000133514404,97.86000061035156
2019-11-20,12.779999732971191,15.640000343322754,3108.4599609375,1473.300048828125,1.7380000352859497,97.93000030517578
2019-11-21,13.130000114440918,15.819999694824219,3103.5400390625,1463.0999755859375,1.7719999551773071,97.98999786376953
2019-11-22,12.34000015258789,15.399999618530273,3110.2900390625,1463.0999755859375,1.7740000486373901,98.2699966430664
2019-11-25,11.869999885559082,14.989999771118164,3133.639892578125,1456.5999755859375,1.7640000581741333,98.31999969482422
2019-11-26,11.539999961853027,14.850000381469727,3140.52001953125,1459.800048828125,1.7400000095367432,98.25
2019-11-27,11.75,14.960000038146973,3153.6298828125,1453.4000244140625,1.7669999599456787,98.41000366210938
2019-11-29,12.619999885559082,15.510000228881836,3140.97998046875,1465.5999755859375,1.7760000228881836,98.2699966430664
2019-12-02,14.90999984741211,16.84000015258789,3113.8701171875,1462.300048828125,1.8359999656677246,97.86000061035156
2019-12-03,15.960000038146973,17.6299991607666,3093.199951171875,1478.199951171875,1.7089999914169312,97.73999786376953
2019-12-04,14.800000190734863,16.979999542236328,3112.760009765625,1474.0,1.781000018119812,97.6500015258789
2019-12-05,14.520000457763672,16.780000686645508,3117.429931640625,1476.9000244140625,1.7970000505447388,97.41000366210938
2019-12-06,13.619999885559082,16.209999084472656,3145.909912109375,1459.0999755859375,1.8420000076293945,97.69999694824219
2019-12-09,15.859999656677246,17.299999237060547,3135.9599609375,1459.300048828125,1.8289999961853027,97.63999938964844
2019-12-10,15.680000305175781,17.1299991607666,3132.52001953125,1462.5999755859375,1.8329999446868896,97.41000366210938
2019-12-11,14.989999771118164,16.90999984741211,3141.6298828125,1469.4000244140625,1.7899999618530273,97.16000366210938
2019-12-12,13.9399995803833,16.09000015258789,3168.570068359375,1466.699951171875,1.8969999551773071,97.4000015258789
2019-12-13,12.630000114440918,15.279999732971191,3168.800048828125,1475.5999755859375,1.819000005722046,97.16999816894531
2019-12-16,12.140000343322754,14.979999542236328,3191.449951171875,1475.0,1.8919999599456787,97.06999969482422
2019-12-17,12.289999961853027,15.149999618530273,3192.52001953125,1474.5999755859375,1.8890000581741333,97.20999908447266
2019-12-18,12.579999923706055,15.199999809265137,3191.139892578125,1472.5999755859375,1.9240000247955322,97.41000366210938
2019-12-19,12.5,15.140000343322754,3205.3701171875,1478.199951171875,1.9079999923706055,97.41999816894531
2019-12-20,12.510000228881836,15.319999694824219,3221.219970703125,1474.699951171875,1.9170000553131104,97.70999908447266
2019-12-23,12.609999656677246,15.5,3224.010009765625,1482.5,1.934999942779541,97.66000366210938
2019-12-24,12.670000076293945,15.520000457763672,3223.3798828125,1499.0999755859375,1.909999966621399,97.6500015258789
2019-12-26,12.649999618530273,15.520000457763672,3239.909912109375,1509.300048828125,1.9049999713897705,97.58999633789062
2019-12-27,13.430000305175781,15.949999809265137,3240.02001953125,1513.800048828125,1.8739999532699585,96.91999816894531
2019-12-30,14.819999694824219,16.68000030517578,3221.2900390625,1514.5,1.8949999809265137,96.73999786376953
2019-12-31,13.779999732971191,15.869999885559082,3230.780029296875,1519.5,1.9190000295639038,96.38999938964844
2020-01-02,12.470000267028809,15.1899995803833,3257.85009765625,1524.5,1.8819999694824219,96.8499984741211
2020-01-03,14.020000457763672,16.010000228881836,3234.85009765625,1549.199951171875,1.7879999876022339,96.83999633789062
2020-01-06,13.850000381469727,15.920000076293945,3246.280029296875,1566.199951171875,1.8109999895095825,96.66999816894531
2020-01-07,13.789999961853027,15.859999656677246,3237.179931640625,1571.800048828125,1.8270000219345093,96.9800033569336
2020-01-08,13.449999809265137,15.399999618530273,3253.050048828125,1557.4000244140625,1.8739999532699585,97.30000305175781
2020-01-09,12.539999961853027,14.949999809265137,3274.699951171875,1551.699951171875,1.8580000400543213,97.44999694824219
2020-01-10,12.5600004196167,14.949999809265137,3265.35009765625,1557.5,1.8250000476837158,97.36000061035156
2020-01-13,12.319999694824219,14.640000343322754,3288.1298828125,1548.4000244140625,1.8480000495910645,97.3499984741211
2020-01-14,12.390000343322754,14.640000343322754,3283.14990234375,1542.4000244140625,1.8179999589920044,97.37000274658203
2020-01-15,12.420000076293945,14.630000114440918,3289.2900390625,1552.0999755859375,1.7879999876022339,97.2300033569336
2020-01-16,12.319999694824219,14.449999809265137,3316.81005859375,1549.0,1.809000015258789,97.31999969482422
2020-01-17,12.100000381469727,14.40999984741211,3329.6201171875,1558.800048828125,1.8359999656677246,97.61000061035156
2020-01-21,12.850000381469727,14.869999885559082,3320.7900390625,1556.4000244140625,1.7690000534057617,97.52999877929688
2020-01-22,12.90999984741211,14.979999542236328,3321.75,1555.300048828125,1.7690000534057617,97.52999877929688
2020-01-23,12.979999542236328,14.989999771118164,3325.5400390625,1564.5999755859375,1.7400000095367432,97.69000244140625
2020-01-24,14.5600004196167,16.06999969482422,3295.469970703125,1571.0999755859375,1.680999994277954,97.8499984741211
2020-01-27,18.229999542236328,18.15999984741211,3243.6298828125,1576.800048828125,1.6050000190734863,97.95999908447266
2020-01-28,16.280000686645508,17.030000686645508,3276.239990234375,1569.199951171875,1.6410000324249268,98.0199966430664
2020-01-29,16.389999389648438,17.030000686645508,3273.39990234375,1569.800048828125,1.593999981880188,97.98999786376953
2020-01-30,15.489999771118164,16.59000015258789,3283.659912109375,1583.5,1.5579999685287476,97.87000274658203
2020-01-31,18.84000015258789,18.6299991607666,3225.52001953125,1582.9000244140625,1.5199999809265137,97.38999938964844
2020-02-03,17.969999313354492,18.040000915527344,3248.919921875,1577.199951171875,1.5199999809265137,97.80000305175781
2020-02-04,16.049999237060547,16.700000762939453,3297.590087890625,1550.4000244140625,1.6030000448226929,97.95999908447266
2020-02-05,15.149999618530273,16.110000610351562,3334.68994140625,1557.800048828125,1.6490000486373901,98.2699966430664
2020-02-06,14.960000038146973,15.890000343322754,3345.780029296875,1565.0999755859375,1.6440000534057617,98.5
2020-02-07,15.470000267028809,16.290000915527344,3327.7099609375,1568.5999755859375,1.5779999494552612,98.68000030517578
2020-02-10,15.039999961853027,16.1299991607666,3352.090087890625,1574.699951171875,1.5470000505447388,98.83000183105469
2020-02-11,15.180000305175781,16.139999389648438,3357.75,1565.5999755859375,1.590000033378601,98.72000122070312
2020-02-12,13.739999771118164,15.359999656677246,3379.449951171875,1567.4000244140625,1.6299999952316284,99.05000305175781
2020-02-13,14.149999618530273,15.680000305175781,3373.93994140625,1575.0999755859375,1.6169999837875366,99.06999969482422
2020-02-14,13.680000305175781,15.5,3380.159912109375,1582.699951171875,1.5880000591278076,99.12000274658203
2020-02-18,14.829999923706055,16.100000381469727,3370.2900390625,1600.0,1.555999994277954,99.45999908447266
2020-02-19,14.380000114440918,15.819999694824219,3386.14990234375,1607.5,1.5700000524520874,99.5999984741211
2020-02-20,15.5600004196167,16.600000381469727,3373.22998046875,1616.5999755859375,1.524999976158142,99.87000274658203
2020-02-21,17.079999923706055,17.610000610351562,3337.75,1644.5999755859375,1.4709999561309814,99.26000213623047
2020-02-24,25.030000686645508,21.920000076293945,3225.889892578125,1672.4000244140625,1.3769999742507935,99.29000091552734
2020-02-25,27.850000381469727,23.860000610351562,3128.2099609375,1646.9000244140625,1.3300000429153442,98.97000122070312
2020-02-26,27.559999465942383,23.700000762939453,3116.389892578125,1640.0,1.309999942779541,99.0
2020-02-27,39.15999984741211,29.920000076293945,2978.760009765625,1640.0,1.2990000247955322,98.44000244140625
2020-02-28,40.11000061035156,29.850000381469727,2954.219970703125,1564.0999755859375,1.1269999742507935,98.12999725341797
2020-03-02,33.41999816894531,27.700000762939453,3090.22998046875,1592.300048828125,1.0880000591278076,97.36000061035156
2020-03-03,36.81999969482422,30.170000076293945,3003.3701171875,1642.0999755859375,1.0099999904632568,97.1500015258789
2020-03-04,31.989999771118164,27.510000228881836,3130.1201171875,1641.0999755859375,0.9919999837875366,97.33999633789062
2020-03-05,39.619998931884766,32.56999969482422,3023.93994140625,1666.4000244140625,0.9259999990463257,96.81999969482422
2020-03-06,41.939998626708984,35.459999084472656,2972.3701171875,1670.800048828125,0.7059999704360962,95.94999694824219
2020-03-09,54.459999084472656,43.04999923706055,2746.56005859375,1674.5,0.49900001287460327,94.9000015258789
2020-03-10,47.29999923706055,39.439998626708984,2882.22998046875,1659.0999755859375,0.7480000257492065,96.41000366210938
2020-03-11,53.900001525878906,44.369998931884766,2741.3798828125,1641.4000244140625,0.8199999928474426,96.51000213623047
2020-03-12,75.47000122070312,57.2400016784668,2480.639892578125,1589.300048828125,0.8489999771118164,97.47000122070312
2020-03-13,57.83000183105469,48.310001373291016,2711.02001953125,1515.699951171875,0.9509999752044678,98.75
2020-03-16,82.69000244140625,67.69999694824219,2386.1298828125,1485.9000244140625,0.7279999852180481,98.08999633789062
2020-03-17,75.91000366210938,65.2699966430664,2529.18994140625,1524.9000244140625,0.996999979019165,99.58000183105469
2020-03-18,76.44999694824219,72.9800033569336,2398.10009765625,1477.300048828125,1.2660000324249268,101.16000366210938
2020-03-19,72.0,69.47000122070312,2409.389892578125,1478.5999755859375,1.11899995803833,102.76000213623047
2020-03-20,66.04000091552734,65.58999633789062,2304.919921875,1484.0,0.9380000233650208,102.81999969482422
2020-03-23,61.59000015258789,56.63999938964844,2237.39990234375,1567.0,0.7639999985694885,102.48999786376953
2020-03-24,61.66999816894531,52.11000061035156,2447.330078125,1660.199951171875,0.8159999847412109,101.73999786376953
2020-03-25,63.95000076293945,53.849998474121094,2475.56005859375,1632.300048828125,0.8579999804496765,101.05000305175781
2020-03-26,61.0,49.790000915527344,2630.070068359375,1650.0999755859375,0.8109999895095825,99.41999816894531
2020-03-27,65.54000091552734,55.75,2541.469970703125,1623.9000244140625,0.7490000128746033,98.37000274658203
2020-03-30,57.08000183105469,51.2599983215332,2626.64990234375,1622.0,0.6700000166893005,99.18000030517578
2020-03-31,53.540000915527344,48.31999969482422,2584.590087890625,1583.4000244140625,0.6980000138282776,99.05000305175781
2020-04-01,57.060001373291016,51.16999816894531,2470.5,1578.199951171875,0.6349999904632568,99.66999816894531
2020-04-02,50.90999984741211,47.29999923706055,2526.89990234375,1625.699951171875,0.6269999742507935,100.18000030517578
2020-04-03,46.79999923706055,44.84000015258789,2488.64990234375,1633.699951171875,0.5870000123977661,100.58000183105469
2020-04-06,45.2400016784668,43.09000015258789,2663.679931640625,1677.0,0.6759999990463257,100.69000244140625
2020-04-07,46.70000076293945,43.41999816894531,2659.409912109375,1664.800048828125,0.7360000014305115,99.9800033569336
2020-04-08,43.349998474121094,41.59000015258789,2749.97998046875,1665.4000244140625,0.7639999985694885,100.12000274658203
2020-04-09,41.66999816894531,40.61000061035156,2789.820068359375,1736.199951171875,0.7289999723434448,99.5199966430664
2020-04-13,41.16999816894531,39.970001220703125,2761.6298828125,1744.800048828125,0.7490000128746033,99.3499984741211
2020-04-14,37.7599983215332,36.459999084472656,2846.06005859375,1756.699951171875,0.7519999742507935,98.88999938964844
2020-04-15,40.84000015258789,39.279998779296875,2783.360107421875,1727.199951171875,0.6380000114440918,99.45999908447266
2020-04-16,40.11000061035156,39.209999084472656,2799.550048828125,1720.4000244140625,0.609000027179718,100.02999877929688
2020-04-17,38.150001525878906,37.279998779296875,2874.56005859375,1689.199951171875,0.6539999842643738,99.77999877929688
2020-04-20,43.83000183105469,40.970001220703125,2823.159912109375,1701.5999755859375,0.6259999871253967,99.95999908447266
2020-04-21,45.40999984741211,43.279998779296875,2736.56005859375,1678.199951171875,0.5709999799728394,100.26000213623047
2020-04-22,41.97999954223633,40.91999816894531,2799.31005859375,1728.699951171875,0.6190000176429749,100.38999938964844
2020-04-23,41.380001068115234,40.86000061035156,2797.800048828125,1733.300048828125,0.6129999756813049,100.43000030517578
2020-04-24,35.93000030517578,37.810001373291016,2836.739990234375,1723.5,0.5960000157356262,100.37999725341797
2020-04-27,33.290000915527344,35.33000183105469,2878.47998046875,1711.9000244140625,0.656000018119812,100.04000091552734
2020-04-28,33.56999969482422,35.369998931884766,2863.389892578125,1710.5,0.6100000143051147,99.87000274658203
2020-04-29,31.229999542236328,33.33000183105469,2939.510009765625,1703.4000244140625,0.6269999742507935,99.56999969482422
2020-04-30,34.150001525878906,35.04999923706055,2912.429931640625,1684.199951171875,0.621999979019165,99.0199966430664
2020-05-01,37.189998626708984,37.970001220703125,2830.7099609375,1694.5,0.6420000195503235,98.80000305175781
2020-05-04,35.970001220703125,37.0,2842.739990234375,1706.9000244140625,0.6370000243186951,99.4800033569336
2020-05-05,33.61000061035156,35.52000045776367,2868.43994140625,1704.4000244140625,0.6570000052452087,99.70999908447266
2020-05-06,34.119998931884766,35.68000030517578,2848.419921875,1684.199951171875,0.7110000252723694,100.08999633789062
2020-05-07,31.440000534057617,34.0099983215332,2881.18994140625,1721.800048828125,0.6309999823570251,99.88999938964844
2020-05-08,27.979999542236328,31.639999389648438,2929.800048828125,1709.9000244140625,0.6819999814033508,99.7300033569336
2020-05-11,27.56999969482422,30.389999389648438,2930.18994140625,1695.300048828125,0.7260000109672546,100.23999786376953
2020-05-12,33.040000915527344,34.2599983215332,2870.1201171875,1704.4000244140625,0.6779999732971191,99.93000030517578
2020-05-13,35.279998779296875,36.5099983215332,2820.0,1713.9000244140625,0.6489999890327454,100.23999786376953
2020-05-14,32.61000061035156,34.900001525878906,2852.5,1738.0999755859375,0.6190000176429749,100.47000122070312
2020-05-15,31.889999389648438,34.5099983215332,2863.699951171875,1753.4000244140625,0.6399999856948853,100.4000015258789
2020-05-18,29.299999237060547,31.770000457763672,2953.909912109375,1731.800048828125,0.7440000176429749,99.66999816894531
2020-05-19,30.530000686645508,32.810001373291016,2922.93994140625,1744.199951171875,0.7110000252723694,99.37000274658203
2020-05-20,27.989999771118164,31.110000610351562,2971.610107421875,1750.5999755859375,0.6800000071525574,99.12000274658203
2020-05-21,29.530000686645508,32.380001068115234,2948.510009765625,1720.5,0.6769999861717224,99.37000274658203
2020-05-22,28.15999984741211,31.540000915527344,2955.449951171875,1734.5999755859375,0.6570000052452087,99.86000061035156
2020-05-26,28.010000228881836,30.850000381469727,2991.77001953125,1704.800048828125,0.6980000138282776,98.91000366210938
2020-05-27,27.6200008392334,30.190000534057617,3036.1298828125,1710.300048828125,0.6800000071525574,99.05999755859375
2020-05-28,28.59000015258789,31.209999084472656,3029.72998046875,1713.300048828125,0.7049999833106995,98.37999725341797
2020-05-29,27.510000228881836,30.270000457763672,3044.31005859375,1736.9000244140625,0.6480000019073486,98.33999633789062
2020-06-01,28.229999542236328,30.920000076293945,3055.72998046875,1737.800048828125,0.6620000004768372,97.83000183105469
2020-06-02,26.84000015258789,29.93000030517578,3080.820068359375,1725.199951171875,0.6800000071525574,97.66999816894531
2020-06-03,25.65999984741211,28.90999984741211,3122.8701171875,1697.800048828125,0.7609999775886536,97.27999877929688
2020-06-04,25.809999465942383,28.850000381469727,3112.35009765625,1718.9000244140625,0.8199999928474426,96.68000030517578
2020-06-05,24.520000457763672,27.420000076293945,3193.929931640625,1676.199951171875,0.9039999842643738,96.94000244140625
2020-06-08,25.809999465942383,28.079999923706055,3232.389892578125,1698.300048828125,0.8840000033378601,96.62000274658203
2020-06-09,27.56999969482422,29.670000076293945,3207.179931640625,1714.699951171875,0.8289999961853027,96.31999969482422
2020-06-10,27.56999969482422,29.56999969482422,3190.139892578125,1713.300048828125,0.7480000257492065,95.95999908447266
2020-06-11,40.790000915527344,40.43000030517578,3002.10009765625,1732.0,0.652999997138977,96.7300033569336
2020-06-12,36.09000015258789,38.04999923706055,3041.31005859375,1729.300048828125,0.6990000009536743,97.31999969482422
2020-06-15,34.400001525878906,36.43000030517578,3066.590087890625,1720.300048828125,0.7020000219345093,96.68000030517578
2020-06-16,33.66999816894531,35.79999923706055,3124.739990234375,1729.5999755859375,0.7559999823570251,96.95999908447266
2020-06-17,33.470001220703125,35.720001220703125,3113.489990234375,1729.199951171875,0.7329999804496765,97.16000366210938
2020-06-18,32.939998626708984,35.13999938964844,3115.340087890625,1724.800048828125,0.6940000057220459,97.41999816894531
2020-06-19,35.119998931884766,36.68000030517578,3097.739990234375,1745.9000244140625,0.6970000267028809,97.62000274658203
2020-06-22,31.770000457763672,33.75,3117.860107421875,1756.699951171875,0.7039999961853027,97.04000091552734
2020-06-23,31.3700008392334,33.060001373291016,3131.2900390625,1772.0999755859375,0.7089999914169312,96.69000244140625
2020-06-24,33.84000015258789,35.38999938964844,3050.330078125,1765.800048828125,0.6840000152587891,97.1500015258789
2020-06-25,32.220001220703125,34.09000015258789,3083.760009765625,1762.0999755859375,0.6740000247955322,97.43000030517578
2020-06-26,34.72999954223633,35.79999923706055,3009.050048828125,1772.5,0.6359999775886536,97.5
2020-06-29,31.780000686645508,33.90999984741211,3053.239990234375,1774.800048828125,0.6359999775886536,97.54000091552734
2020-06-30,30.43000030517578,32.52000045776367,3100.2900390625,1793.0,0.652999997138977,97.38999938964844
2020-07-01,28.6200008392334,31.68000030517578,3115.860107421875,1773.199951171875,0.6819999814033508,97.19999694824219
2020-07-02,27.68000030517578,30.8700008392334,3130.010009765625,1784.0,0.6690000295639038,97.31999969482422
2020-07-06,27.940000534057617,30.979999542236328,3179.719970703125,1788.5,0.6840000152587891,96.79000091552734
2020-07-07,29.43000030517578,32.06999969482422,3145.320068359375,1804.199951171875,0.6499999761581421,96.87999725341797
2020-07-08,28.079999923706055,31.190000534057617,3169.93994140625,1815.5,0.652999997138977,96.43000030517578
2020-07-09,29.260000228881836,32.060001373291016,3152.050048828125,1799.199951171875,0.6050000190734863,96.69999694824219
2020-07-10,27.290000915527344,31.020000457763672,3185.0400390625,1798.199951171875,0.6330000162124634,96.6500015258789
2020-07-13,32.189998626708984,34.540000915527344,3155.219970703125,1811.0,0.6399999856948853,96.45999908447266
2020-07-14,29.520000457763672,32.560001373291016,3197.52001953125,1810.5999755859375,0.6150000095367432,96.26000213623047
2020-07-15,27.760000228881836,31.559999465942383,3226.56005859375,1811.4000244140625,0.6299999952316284,96.08000183105469
2020-07-16,28.0,31.549999237060547,3215.570068359375,1798.699951171875,0.6119999885559082,96.3499984741211
2020-07-17,25.68000030517578,30.3700008392334,3224.72998046875,1808.300048828125,0.628000020980835,95.94000244140625
2020-07-20,24.459999084472656,29.100000381469727,3251.840087890625,1815.9000244140625,0.6200000047683716,95.83000183105469
2020-07-21,24.84000015258789,29.469999313354492,3257.300048828125,1842.4000244140625,0.6069999933242798,95.12000274658203
2020-07-22,24.31999969482422,29.049999237060547,3276.02001953125,1864.0999755859375,0.5950000286102295,94.97000122070312
2020-07-23,26.079999923706055,30.25,3235.659912109375,1889.0999755859375,0.5820000171661377,94.69000244140625
2020-07-24,25.84000015258789,30.559999465942383,3215.6298828125,1897.300048828125,0.5889999866485596,94.44000244140625
2020-07-27,24.739999771118164,30.0,3239.409912109375,1931.0,0.609000027179718,93.66999816894531
2020-07-28,25.440000534057617,30.100000381469727,3218.43994140625,1944.699951171875,0.5809999704360962,93.76000213623047
2020-07-29,24.100000381469727,29.290000915527344,3258.43994140625,1953.5,0.5789999961853027,93.26000213623047
2020-07-30,24.760000228881836,29.760000228881836,3246.219970703125,1942.300048828125,0.5410000085830688,93.0199966430664
2020-07-31,24.459999084472656,29.709999084472656,3271.1201171875,1962.800048828125,0.5360000133514404,93.48999786376953
2020-08-03,24.280000686645508,29.65999984741211,3294.610107421875,1966.0,0.5630000233650208,93.5
2020-08-04,23.760000228881836,29.09000015258789,3306.510009765625,2001.199951171875,0.5149999856948853,93.37999725341797
2020-08-05,22.989999771118164,28.600000381469727,3327.77001953125,2031.0999755859375,0.5429999828338623,92.83000183105469
2020-08-06,22.649999618530273,28.200000762939453,3349.159912109375,2051.5,0.5360000133514404,92.79000091552734
2020-08-07,22.209999084472656,28.280000686645508,3351.280029296875,2010.0999755859375,0.5619999766349792,93.44000244140625
2020-08-10,22.1299991607666,28.049999237060547,3360.469970703125,2024.4000244140625,0.5740000009536743,93.58000183105469
2020-08-11,24.030000686645508,29.170000076293945,3333.68994140625,1932.5999755859375,0.6579999923706055,93.62999725341797
2020-08-12,22.280000686645508,28.1200008392334,3380.35009765625,1934.9000244140625,0.6700000166893005,93.44000244140625
2020-08-13,22.1299991607666,28.170000076293945,3373.429931640625,1956.699951171875,0.7160000205039978,93.33999633789062
2020-08-14,22.049999237060547,28.3700008392334,3372.85009765625,1937.0,0.7089999914169312,93.0999984741211
2020-08-17,21.350000381469727,27.450000762939453,3381.989990234375,1985.0,0.6830000281333923,92.8499984741211
2020-08-18,21.510000228881836,27.350000381469727,3389.780029296875,1999.4000244140625,0.6690000295639038,92.2699966430664
2020-08-19,22.540000915527344,28.110000610351562,3374.85009765625,1958.699951171875,0.675000011920929,92.88999938964844
2020-08-20,22.719999313354492,28.1299991607666,3385.510009765625,1933.800048828125,0.6439999938011169,92.79000091552734
2020-08-21,22.540000915527344,28.170000076293945,3397.159912109375,1934.5999755859375,0.6399999856948853,93.25
2020-08-24,22.3700008392334,28.100000381469727,3431.280029296875,1927.699951171875,0.6460000276565552,93.30000305175781
2020-08-25,22.030000686645508,27.90999984741211,3443.6201171875,1911.800048828125,0.6819999814033508,93.0199966430664
2020-08-26,23.270000457763672,28.700000762939453,3478.72998046875,1940.699951171875,0.6869999766349792,93.01000213623047
2020-08-27,24.469999313354492,29.93000030517578,3484.550048828125,1921.5999755859375,0.7459999918937683,93.01000213623047
2020-08-28,22.959999084472656,29.6200008392334,3508.010009765625,1964.5999755859375,0.7289999723434448,92.37000274658203
2020-08-31,26.40999984741211,31.850000381469727,3500.31005859375,1967.5999755859375,0.6930000185966492,92.13999938964844
2020-09-01,26.1200008392334,32.099998474121094,3526.64990234375,1968.199951171875,0.671999990940094,92.33999633789062
2020-09-02,26.56999969482422,32.66999816894531,3580.840087890625,1934.4000244140625,0.6510000228881836,92.8499984741211
2020-09-03,33.599998474121094,37.630001068115234,3455.06005859375,1927.5999755859375,0.621999979019165,92.73999786376953
2020-09-04,30.75,34.75,3426.9599609375,1923.9000244140625,0.7210000157356262,92.72000122070312
2020-09-08,31.459999084472656,34.310001373291016,3331.840087890625,1933.0,0.6840000152587891,93.4800033569336
2020-09-09,28.809999465942383,32.119998931884766,3398.9599609375,1944.699951171875,0.703000009059906,93.26000213623047
2020-09-10,29.709999084472656,32.91999816894531,3339.18994140625,1954.199951171875,0.6850000023841858,93.33999633789062
2020-09-11,26.8700008392334,31.1299991607666,3340.969970703125,1937.800048828125,0.6690000295639038,93.33000183105469
2020-09-14,25.850000381469727,30.479999542236328,3383.5400390625,1953.0999755859375,0.6710000038146973,93.06999969482422
2020-09-15,25.59000015258789,30.270000457763672,3401.199951171875,1956.300048828125,0.6790000200271606,93.05000305175781
2020-09-16,26.040000915527344,30.56999969482422,3385.489990234375,1960.199951171875,0.6869999766349792,93.20999908447266
2020-09-17,26.459999084472656,30.75,3357.010009765625,1940.0,0.6840000152587891,92.97000122070312
2020-09-18,25.829999923706055,30.459999084472656,3319.469970703125,1952.0999755859375,0.6940000057220459,92.93000030517578
2020-09-21,27.780000686645508,31.639999389648438,3281.06005859375,1901.199951171875,0.6710000038146973,93.54000091552734
2020-09-22,26.860000610351562,31.670000076293945,3315.570068359375,1898.5999755859375,0.6639999747276306,93.98999786376953
2020-09-23,28.579999923706055,33.279998779296875,3236.919921875,1859.9000244140625,0.6759999990463257,94.38999938964844
2020-09-24,28.510000228881836,33.060001373291016,3246.590087890625,1868.300048828125,0.6660000085830688,94.3499984741211
2020-09-25,26.3799991607666,32.029998779296875,3298.4599609375,1857.699951171875,0.6589999794960022,94.58000183105469
2020-09-28,26.190000534057617,31.739999771118164,3351.60009765625,1872.800048828125,0.6629999876022339,94.26000213623047
2020-09-29,26.270000457763672,31.09000015258789,3335.469970703125,1894.300048828125,0.6449999809265137,93.88999938964844
2020-09-30,26.3700008392334,31.639999389648438,3363.0,1887.5,0.6769999861717224,93.88999938964844
2020-10-01,26.700000762939453,31.719999313354492,3380.800048828125,1908.4000244140625,0.6769999861717224,93.70999908447266
2020-10-02,27.6299991607666,32.38999938964844,3348.419921875,1900.199951171875,0.6959999799728394,93.83999633789062
2020-10-05,27.959999084472656,31.280000686645508,3408.60009765625,1912.5,0.7620000243186951,93.51000213623047
2020-10-06,29.479999542236328,31.8799991607666,3360.969970703125,1901.0999755859375,0.7419999837875366,93.83000183105469
2020-10-07,28.059999465942383,30.700000762939453,3419.43994140625,1883.5999755859375,0.7850000262260437,93.62999725341797
2020-10-08,26.360000610351562,29.489999771118164,3446.830078125,1888.5999755859375,0.7649999856948853,93.61000061035156
2020-10-09,25.0,28.280000686645508,3477.139892578125,1919.5,0.7749999761581421,93.05999755859375
2020-10-12,25.06999969482422,27.979999542236328,3534.219970703125,1922.5,0.7770000100135803,93.06999969482422
2020-10-13,26.06999969482422,28.350000381469727,3511.929931640625,1888.5,0.7269999980926514,93.52999877929688
2020-10-14,26.399999618530273,28.239999771118164,3488.669921875,1901.300048828125,0.722000002861023,93.37999725341797
2020-10-15,26.969999313354492,28.719999313354492,3483.340087890625,1903.199951171875,0.7310000061988831,93.86000061035156
2020-10-16,27.40999984741211,29.209999084472656,3483.81005859375,1900.800048828125,0.7440000176429749,93.68000030517578
2020-10-19,29.18000030517578,30.399999618530273,3426.919921875,1906.4000244140625,0.7609999775886536,93.43000030517578
2020-10-20,29.350000381469727,30.110000610351562,3443.1201171875,1910.4000244140625,0.796999990940094,93.06999969482422
2020-10-21,28.649999618530273,29.610000610351562,3435.56005859375,1924.5999755859375,0.8159999847412109,92.61000061035156
2020-10-22,28.110000610351562,29.299999237060547,3453.489990234375,1901.0999755859375,0.8479999899864197,92.94999694824219
2020-10-23,27.549999237060547,28.989999771118164,3465.389892578125,1902.0,0.8410000205039978,92.7699966430664
2020-10-26,32.459999084472656,32.06999969482422,3400.969970703125,1902.699951171875,0.8009999990463257,93.05000305175781
2020-10-27,33.349998474121094,32.720001220703125,3390.679931640625,1908.800048828125,0.777999997138977,92.94000244140625
2020-10-28,40.279998779296875,37.75,3271.030029296875,1876.199951171875,0.781000018119812,93.41000366210938
2020-10-29,37.59000015258789,35.84000015258789,3310.110107421875,1865.5999755859375,0.8349999785423279,93.95999908447266
2020-10-30,38.02000045776367,36.27000045776367,3269.9599609375,1877.4000244140625,0.8600000143051147,94.04000091552734
2020-11-02,37.130001068115234,35.060001373291016,3310.239990234375,1890.4000244140625,0.8489999771118164,94.05000305175781
2020-11-03,35.54999923706055,33.52000045776367,3369.159912109375,1908.5,0.8820000290870667,93.55000305175781
2020-11-04,29.56999969482422,29.979999542236328,3443.43994140625,1894.5999755859375,0.7680000066757202,93.41000366210938
2020-11-05,27.579999923706055,29.049999237060547,3510.449951171875,1945.300048828125,0.7760000228881836,92.52999877929688
2020-11-06,24.860000610351562,27.3700008392334,3509.43994140625,1950.300048828125,0.8199999928474426,92.2300033569336
2020-11-09,25.75,26.8799991607666,3550.5,1853.199951171875,0.9580000042915344,92.7300033569336
2020-11-10,24.799999237060547,26.489999771118164,3545.530029296875,1875.4000244140625,0.972000002861023,92.75
2020-11-11,23.450000762939453,25.6200008392334,3572.659912109375,1860.699951171875,0.9580000042915344,93.04000091552734
2020-11-12,25.350000381469727,27.219999313354492,3537.010009765625,1872.5999755859375,0.8849999904632568,92.95999908447266
2020-11-13,23.100000381469727,25.690000534057617,3585.14990234375,1885.699951171875,0.8930000066757202,92.76000213623047
2020-11-16,22.450000762939453,25.350000381469727,3626.909912109375,1887.300048828125,0.906000018119812,92.56999969482422
2020-11-17,22.709999084472656,25.3799991607666,3609.530029296875,1884.5,0.871999979019165,92.41999816894531
2020-11-18,23.84000015258789,26.389999389648438,3567.7900390625,1873.5,0.8820000290870667,92.31999969482422
2020-11-19,23.110000610351562,25.799999237060547,3581.8701171875,1861.0999755859375,0.8539999723434448,92.29000091552734
2020-11-20,23.700000762939453,26.059999465942383,3557.5400390625,1872.5999755859375,0.8289999961853027,92.38999938964844
2020-11-23,22.65999984741211,25.43000030517578,3577.590087890625,1837.800048828125,0.8569999933242798,92.51000213623047
2020-11-24,21.639999389648438,24.84000015258789,3635.409912109375,1804.800048828125,0.8820000290870667,92.2300033569336
2020-11-25,21.25,24.420000076293945,3629.64990234375,1805.699951171875,0.878000020980835,91.98999786376953
2020-11-27,20.84000015258789,24.43000030517578,3638.35009765625,1781.9000244140625,0.8420000076293945,91.79000091552734
2020-11-30,20.56999969482422,24.329999923706055,3621.6298828125,1775.699951171875,0.843999981880188,91.87000274658203
2020-12-01,20.770000457763672,24.489999771118164,3662.449951171875,1814.0999755859375,0.9340000152587891,91.30999755859375
2020-12-02,21.170000076293945,24.540000915527344,3669.010009765625,1825.699951171875,0.9480000138282776,91.12000274658203
2020-12-03,21.280000686645508,24.559999465942383,3666.719970703125,1836.800048828125,0.9200000166893005,90.70999908447266
2020-12-04,20.790000915527344,24.290000915527344,3699.1201171875,1835.9000244140625,0.968999981880188,90.69999694824219
2020-12-07,21.299999237060547,24.520000457763672,3691.9599609375,1861.800048828125,0.9279999732971191,90.79000091552734
2020-12-08,20.68000030517578,23.8700008392334,3702.25,1870.800048828125,0.9129999876022339,90.97000122070312
2020-12-09,22.270000457763672,24.729999542236328,3672.820068359375,1834.5999755859375,0.9409999847412109,91.08999633789062
2020-12-10,22.520000457763672,25.049999237060547,3668.10009765625,1833.5999755859375,0.9079999923706055,90.79000091552734
2020-12-11,23.309999465942383,26.049999237060547,3663.4599609375,1839.800048828125,0.8930000066757202,90.9800033569336
2020-12-14,24.719999313354492,27.110000610351562,3647.489990234375,1828.699951171875,0.8920000195503235,90.70999908447266
2020-12-15,22.889999389648438,25.8700008392334,3694.6201171875,1852.300048828125,0.9229999780654907,90.47000122070312
2020-12-16,22.5,25.469999313354492,3701.169921875,1856.0999755859375,0.9200000166893005,90.44999694824219
2020-12-17,21.93000030517578,25.149999618530273,3722.47998046875,1887.199951171875,0.9300000071525574,89.81999969482422
2020-12-18,21.56999969482422,25.170000076293945,3709.409912109375,1885.699951171875,0.9480000138282776,90.0199966430664
2020-12-21,25.15999984741211,27.579999923706055,3694.919921875,1879.199951171875,0.9409999847412109,90.04000091552734
2020-12-22,24.229999542236328,27.25,3687.260009765625,1866.5999755859375,0.9179999828338623,90.6500015258789
2020-12-23,23.309999465942383,26.260000228881836,3690.010009765625,1874.699951171875,0.9549999833106995,90.41000366210938
2020-12-24,21.530000686645508,25.3700008392334,3703.06005859375,1879.9000244140625,0.9279999732971191,90.33000183105469
2020-12-28,21.700000762939453,25.149999618530273,3735.360107421875,1877.199951171875,0.9330000281333923,90.33999633789062
2020-12-29,23.079999923706055,26.239999771118164,3727.0400390625,1879.699951171875,0.9350000023841858,90.01000213623047
2020-12-30,22.770000457763672,25.440000534057617,3732.0400390625,1891.0,0.9259999990463257,89.62999725341797
2020-12-31,22.75,25.280000686645508,3756.070068359375,1893.0999755859375,0.9169999957084656,89.94000244140625
2021-01-04,26.969999313354492,28.260000228881836,3700.64990234375,1944.699951171875,0.9169999957084656,89.87999725341797
2021-01-05,25.34000015258789,27.25,3726.860107421875,1952.699951171875,0.9549999833106995,89.44000244140625
2021-01-06,25.06999969482422,26.790000915527344,3748.139892578125,1906.9000244140625,1.0420000553131104,89.52999877929688
2021-01-07,22.3700008392334,25.020000457763672,3803.7900390625,1912.300048828125,1.0709999799728394,89.83000183105469
2021-01-08,21.559999465942383,24.899999618530273,3824.679931640625,1834.0999755859375,1.1050000190734863,90.0999984741211
2021-01-11,24.079999923706055,26.700000762939453,3799.610107421875,1849.5999755859375,1.1319999694824219,90.54000091552734
2021-01-12,23.329999923706055,26.200000762939453,3801.18994140625,1842.9000244140625,1.1380000114440918,90.05000305175781
2021-01-13,22.209999084472656,25.549999237060547,3809.840087890625,1853.5999755859375,1.0880000591278076,90.31999969482422
2021-01-14,23.25,26.31999969482422,3795.5400390625,1850.300048828125,1.128999948501587,90.23999786376953
2021-01-15,24.34000015258789,27.260000228881836,3768.25,1829.300048828125,1.097000002861023,90.77999877929688
2021-01-19,23.239999771118164,26.690000534057617,3798.909912109375,1839.5,1.0920000076293945,90.5
2021-01-20,21.579999923706055,25.719999313354492,3851.85009765625,1865.9000244140625,1.090000033378601,90.47000122070312
2021-01-21,21.31999969482422,25.700000762939453,3853.070068359375,1865.300048828125,1.1089999675750732,90.12999725341797
2021-01-22,21.90999984741211,25.989999771118164,3841.469970703125,1855.699951171875,1.090999960899353,90.23999786376953
2021-01-25,23.190000534057617,26.8799991607666,3855.360107421875,1854.9000244140625,1.0399999618530273,90.38999938964844
2021-01-26,23.020000457763672,26.889999389648438,3849.6201171875,1850.699951171875,1.0399999618530273,90.16999816894531
2021-01-27,37.209999084472656,35.72999954223633,3750.77001953125,1844.9000244140625,1.0140000581741333,90.6500015258789
2021-01-28,30.209999084472656,31.770000457763672,3787.3798828125,1837.9000244140625,1.0570000410079956,90.45999908447266
2021-01-29,33.09000015258789,33.880001068115234,3714.239990234375,1847.300048828125,1.093000054359436,90.58000183105469
2021-02-01,30.239999771118164,32.529998779296875,3773.860107421875,1860.800048828125,1.0770000219345093,91.0199966430664
2021-02-02,25.559999465942383,29.360000610351562,3826.31005859375,1830.5,1.1050000190734863,91.19999694824219
2021-02-03,22.90999984741211,27.56999969482422,3830.169921875,1832.199951171875,1.13100004196167,91.12000274658203
2021-02-04,21.770000457763672,26.790000915527344,3871.739990234375,1788.9000244140625,1.1390000581741333,91.52999877929688
2021-02-05,20.8700008392334,26.520000457763672,3886.830078125,1810.9000244140625,1.1699999570846558,91.04000091552734
2021-02-08,21.239999771118164,26.649999618530273,3915.590087890625,1831.9000244140625,1.159999966621399,90.93000030517578
2021-02-09,21.6299991607666,27.110000610351562,3911.22998046875,1835.300048828125,1.156999945640564,90.44000244140625
2021-02-10,21.989999771118164,27.489999771118164,3909.8798828125,1840.5999755859375,1.1330000162124634,90.37000274658203
2021-02-11,21.25,27.219999313354492,3916.3798828125,1824.9000244140625,1.1579999923706055,90.41999816894531
2021-02-12,19.969999313354492,26.5,3934.830078125,1821.5999755859375,1.2000000476837158,90.4800033569336
2021-02-16,21.459999084472656,27.549999237060547,3932.590087890625,1797.199951171875,1.2990000247955322,90.51000213623047
2021-02-17,21.5,27.520000457763672,3931.330078125,1771.0999755859375,1.3009999990463257,90.94999694824219
2021-02-18,22.489999771118164,27.860000610351562,3913.969970703125,1773.4000244140625,1.2869999408721924,90.58999633789062
2021-02-19,22.049999237060547,27.09000015258789,3906.7099609375,1775.800048828125,1.3450000286102295,90.36000061035156
2021-02-22,23.450000762939453,27.809999465942383,3876.5,1806.699951171875,1.3700000047683716,90.01000213623047
2021-02-23,23.110000610351562,27.1200008392334,3881.3701171875,1804.4000244140625,1.3619999885559082,90.16999816894531
2021-02-24,21.34000015258789,25.889999389648438,3925.429931640625,1796.4000244140625,1.3890000581741333,90.18000030517578
2021-02-25,28.889999389648438,30.239999771118164,3829.340087890625,1774.4000244140625,1.5180000066757202,90.12999725341797
2021-02-26,27.950000762939453,29.600000381469727,3811.14990234375,1728.0999755859375,1.4600000381469727,90.93000030517578
2021-03-01,23.350000381469727,26.780000686645508,3901.820068359375,1722.5,1.4459999799728394,91.04000091552734
2021-03-02,24.100000381469727,27.15999984741211,3870.2900390625,1733.0999755859375,1.4149999618530273,90.79000091552734
2021-03-03,26.670000076293945,28.790000915527344,3819.719970703125,1715.300048828125,1.4700000286102295,90.94999694824219
2021-03-04,28.56999969482422,30.079999923706055,3768.469970703125,1700.199951171875,1.5499999523162842,91.62999725341797
2021-03-05,24.65999984741211,27.889999389648438,3841.93994140625,1698.0,1.5540000200271606,91.9800033569336
2021-03-08,25.469999313354492,28.1299991607666,3821.35009765625,1677.699951171875,1.5959999561309814,92.30999755859375
2021-03-09,24.030000686645508,27.280000686645508,3875.43994140625,1716.5999755859375,1.5460000038146973,91.95999908447266
2021-03-10,22.559999465942383,26.68000030517578,3898.81005859375,1721.5,1.5199999809265137,91.79000091552734
2021-03-11,21.90999984741211,26.09000015258789,3939.340087890625,1722.300048828125,1.5269999504089355,91.41999816894531
2021-03-12,20.690000534057617,25.739999771118164,3943.340087890625,1719.5,1.6349999904632568,91.68000030517578
2021-03-15,20.030000686645508,24.889999389648438,3968.93994140625,1728.9000244140625,1.6069999933242798,91.83000183105469
2021-03-16,19.790000915527344,24.709999084472656,3962.7099609375,1730.5999755859375,1.621000051498413,91.87000274658203
2021-03-17,19.229999542236328,23.8799991607666,3974.1201171875,1726.800048828125,1.6410000324249268,91.4000015258789
2021-03-18,21.579999923706055,25.280000686645508,3915.4599609375,1732.199951171875,1.7300000190734863,91.8499984741211
2021-03-19,20.950000762939453,24.989999771118164,3913.10009765625,1741.4000244140625,1.7319999933242798,91.91999816894531
2021-03-22,18.8799991607666,22.940000534057617,3940.590087890625,1737.800048828125,1.684000015258789,91.80000305175781
2021-03-23,20.299999237060547,23.799999237060547,3910.52001953125,1724.699951171875,1.6380000114440918,92.33999633789062
2021-03-24,21.200000762939453,24.399999618530273,3889.139892578125,1732.9000244140625,1.6139999628067017,92.52999877929688
2021-03-25,19.809999465942383,23.3700008392334,3909.52001953125,1724.9000244140625,1.6139999628067017,92.87999725341797
2021-03-26,18.860000610351562,22.31999969482422,3974.5400390625,1732.199951171875,1.659999966621399,92.7699966430664
2021-03-29,20.739999771118164,23.200000762939453,3971.090087890625,1712.0999755859375,1.7209999561309814,92.94000244140625
2021-03-30,19.610000610351562,22.309999465942383,3958.550048828125,1683.9000244140625,1.7259999513626099,93.30000305175781
2021-03-31,19.399999618530273,22.149999618530273,3972.889892578125,1713.800048828125,1.746000051498413,93.2300033569336
2021-04-01,17.329999923706055,20.969999313354492,4019.8701171875,1726.5,1.6790000200271606,92.93000030517578
2021-04-05,17.90999984741211,20.959999084472656,4077.909912109375,1727.0,1.7200000286102295,92.5999984741211
2021-04-06,18.1200008392334,21.15999984741211,4073.93994140625,1741.5,1.656000018119812,92.33999633789062
2021-04-07,17.15999984741211,20.65999984741211,4079.949951171875,1740.0999755859375,1.652999997138977,92.45999908447266
2021-04-08,16.950000762939453,20.59000015258789,4097.169921875,1756.800048828125,1.6319999694824219,92.05999755859375
2021-04-09,16.690000534057617,20.739999771118164,4128.7998046875,1743.300048828125,1.6660000085830688,92.16000366210938
2021-04-12,16.90999984741211,20.81999969482422,4127.990234375,1731.199951171875,1.6749999523162842,92.13999938964844
2021-04-13,16.649999618530273,20.780000686645508,4141.58984375,1746.199951171875,1.6230000257492065,91.8499984741211
2021-04-14,16.989999771118164,21.059999465942383,4124.66015625,1734.9000244140625,1.6380000114440918,91.69000244140625
2021-04-15,16.56999969482422,20.760000228881836,4170.419921875,1765.4000244140625,1.5299999713897705,91.66999816894531
2021-04-16,16.25,20.530000686645508,4185.47021484375,1779.0,1.5729999542236328,91.55999755859375
2021-04-19,17.290000915527344,21.3700008392334,4163.259765625,1769.4000244140625,1.6009999513626099,91.06999969482422
2021-04-20,18.68000030517578,22.350000381469727,4134.93994140625,1777.300048828125,1.562000036239624,91.23999786376953
2021-04-21,17.5,21.489999771118164,4173.419921875,1792.300048828125,1.5640000104904175,91.16000366210938
2021-04-22,18.709999084472656,22.520000457763672,4134.97998046875,1781.199951171875,1.5540000200271606,91.33000183105469
2021-04-23,17.329999923706055,21.56999969482422,4180.169921875,1777.0,1.5670000314712524,90.86000061035156
2021-04-26,17.639999389648438,21.540000915527344,4187.6201171875,1779.199951171875,1.5700000524520874,90.80999755859375
2021-04-27,17.559999465942383,21.31999969482422,4186.72021484375,1778.0,1.621999979019165,90.91000366210938
2021-04-28,17.280000686645508,21.1299991607666,4183.18017578125,1773.199951171875,1.6200000047683716,90.61000061035156
2021-04-29,17.610000610351562,21.309999465942383,4211.47021484375,1768.0999755859375,1.6399999856948853,90.61000061035156
2021-04-30,18.610000610351562,22.06999969482422,4181.169921875,1767.300048828125,1.63100004196167,91.27999877929688
2021-05-03,18.309999465942383,21.739999771118164,4192.66015625,1791.4000244140625,1.6069999933242798,90.94999694824219
2021-05-04,19.479999542236328,22.670000076293945,4164.66015625,1775.800048828125,1.5920000076293945,91.29000091552734
2021-05-05,19.149999618530273,22.260000228881836,4167.58984375,1784.0999755859375,1.5839999914169312,91.30999755859375
2021-05-06,18.389999389648438,21.8799991607666,4201.6201171875,1815.5,1.5609999895095825,90.94999694824219
2021-05-07,16.690000534057617,20.790000915527344,4232.60009765625,1831.0999755859375,1.5770000219345093,90.2300033569336
2021-05-10,19.65999984741211,22.399999618530273,4188.43017578125,1837.5,1.6019999980926514,90.20999908447266
2021-05-11,21.84000015258789,24.229999542236328,4152.10009765625,1835.9000244140625,1.6239999532699585,90.13999938964844
2021-05-12,27.59000015258789,28.18000030517578,4063.0400390625,1822.5999755859375,1.6950000524520874,90.70999908447266
2021-05-13,23.1299991607666,25.260000228881836,4112.5,1823.800048828125,1.6679999828338623,90.75
2021-05-14,18.809999465942383,22.260000228881836,4173.85009765625,1837.9000244140625,1.6349999904632568,90.31999969482422
2021-05-17,19.719999313354492,23.139999389648438,4163.2900390625,1867.5,1.6399999856948853,90.22000122070312
2021-05-18,21.34000015258789,24.219999313354492,4127.830078125,1867.800048828125,1.6419999599456787,89.75
2021-05-19,22.18000030517578,25.270000457763672,4115.68017578125,1881.300048828125,1.6829999685287476,90.19000244140625
2021-05-20,20.670000076293945,23.809999465942383,4159.1201171875,1881.800048828125,1.6339999437332153,89.80999755859375
2021-05-21,20.149999618530273,23.489999771118164,4155.85986328125,1876.699951171875,1.6319999694824219,90.0199966430664
2021-05-24,18.399999618530273,22.229999542236328,4197.0498046875,1884.5999755859375,1.6080000400543213,89.83000183105469
2021-05-25,18.84000015258789,22.399999618530273,4188.1298828125,1898.0999755859375,1.5640000104904175,89.63999938964844
2021-05-26,17.360000610351562,21.299999237060547,4195.990234375,1901.300048828125,1.5740000009536743,90.04000091552734
2021-05-27,16.739999771118164,20.309999465942383,4200.8798828125,1895.699951171875,1.6100000143051147,89.97000122070312
2021-05-28,16.760000228881836,20.479999542236328,4204.10986328125,1902.5,1.5809999704360962,90.02999877929688
2021-06-01,17.899999618530273,21.34000015258789,4202.0400390625,1902.9000244140625,1.6150000095367432,89.83000183105469
2021-06-02,17.479999542236328,21.420000076293945,4208.1201171875,1907.5,1.590999960899353,89.9000015258789
2021-06-03,18.040000915527344,21.81999969482422,4192.85009765625,1871.199951171875,1.625,90.5
2021-06-04,16.420000076293945,20.6200008392334,4229.89013671875,1889.800048828125,1.559999942779541,90.13999938964844
2021-06-07,16.420000076293945,20.549999237060547,4226.52001953125,1896.800048828125,1.569000005722046,89.94999694824219
2021-06-08,17.06999969482422,20.850000381469727,4227.259765625,1892.199951171875,1.527999997138977,90.08000183105469
2021-06-09,17.889999389648438,21.280000686645508,4219.5498046875,1893.199951171875,1.4889999628067017,90.12000274658203
2021-06-10,16.100000381469727,20.079999923706055,4239.18017578125,1894.199951171875,1.4589999914169312,90.08000183105469
2021-06-11,15.649999618530273,19.639999389648438,4247.43994140625,1877.4000244140625,1.4620000123977661,90.55999755859375
2021-06-14,16.389999389648438,20.139999389648438,4255.14990234375,1864.0,1.5010000467300415,90.5199966430664
2021-06-15,17.020000457763672,20.68000030517578,4246.58984375,1854.5,1.4989999532699585,90.54000091552734
2021-06-16,18.149999618530273,21.260000228881836,4223.7001953125,1859.5,1.569000005722046,91.12999725341797
2021-06-17,17.75,20.979999542236328,4221.85986328125,1773.800048828125,1.5110000371932983,91.88999938964844
2021-06-18,20.700000762939453,22.93000030517578,4166.4501953125,1767.9000244140625,1.4500000476837158,92.2300033569336
2021-06-21,17.889999389648438,21.1200008392334,4224.7900390625,1781.800048828125,1.4839999675750732,91.86000061035156
2021-06-22,16.65999984741211,20.06999969482422,4246.43994140625,1776.300048828125,1.472000002861023,91.7300033569336
2021-06-23,16.31999969482422,19.700000762939453,4241.83984375,1782.300048828125,1.4869999885559082,91.80000305175781
2021-06-24,15.970000267028809,19.260000228881836,4266.490234375,1775.5999755859375,1.4869999885559082,91.81999969482422
2021-06-25,15.619999885559082,19.0,4280.7001953125,1776.5999755859375,1.5360000133514404,91.80999755859375
2021-06-28,15.760000228881836,19.020000457763672,4290.60986328125,1779.5999755859375,1.4780000448226929,91.87999725341797
2021-06-29,16.020000457763672,19.489999771118164,4291.7998046875,1762.800048828125,1.4800000190734863,92.05000305175781
2021-06-30,15.829999923706055,19.510000228881836,4297.5,1770.800048828125,1.4429999589920044,92.44000244140625
2021-07-01,15.479999542236328,19.450000762939453,4319.93994140625,1775.9000244140625,1.4800000190734863,92.5999984741211
2021-07-02,15.069999694824219,19.299999237060547,4352.33984375,1782.5999755859375,1.430999994277954,92.2300033569336
2021-07-06,16.440000534057617,20.260000228881836,4343.5400390625,1793.5,1.3700000047683716,92.55000305175781
2021-07-07,16.200000762939453,20.40999984741211,4358.1298828125,1801.5,1.3209999799728394,92.63999938964844
2021-07-08,19.0,21.979999542236328,4320.81982421875,1799.5999755859375,1.2879999876022339,92.36000061035156
2021-07-09,16.18000030517578,20.440000534057617,4369.5498046875,1810.0,1.3559999465942383,92.12999725341797
2021-07-12,16.170000076293945,20.459999084472656,4384.6298828125,1805.5,1.3630000352859497,92.2300033569336
2021-07-13,17.1200008392334,21.1299991607666,4369.2099609375,1809.4000244140625,1.4149999618530273,92.75
2021-07-14,16.329999923706055,20.6200008392334,4374.2998046875,1824.300048828125,1.3559999465942383,92.41000366210938
2021-07-15,17.010000228881836,21.09000015258789,4360.02978515625,1828.4000244140625,1.2970000505447388,92.62000274658203
2021-07-16,18.450000762939453,22.06999969482422,4327.16015625,1814.5,1.2999999523162842,92.69000244140625
2021-07-19,22.5,24.899999618530273,4258.490234375,1808.699951171875,1.180999994277954,92.88999938964844
2021-07-20,19.729999542236328,23.200000762939453,4323.06005859375,1810.9000244140625,1.2089999914169312,92.97000122070312
2021-07-21,17.90999984741211,21.8700008392334,4358.68994140625,1802.9000244140625,1.2799999713897705,92.75
2021-07-22,17.690000534057617,21.860000610351562,4367.47998046875,1805.0,1.2649999856948853,92.81999969482422
2021-07-23,17.200000762939453,21.649999618530273,4411.7900390625,1801.4000244140625,1.2860000133514404,92.91000366210938
2021-07-26,17.579999923706055,21.739999771118164,4422.2998046875,1798.699951171875,1.2760000228881836,92.6500015258789
2021-07-27,19.360000610351562,23.0,4401.4599609375,1799.5,1.2339999675750732,92.43000030517578
2021-07-28,18.309999465942383,22.350000381469727,4400.64013671875,1799.5,1.2610000371932983,92.31999969482422
2021-07-29,17.700000762939453,21.8799991607666,4419.14990234375,1831.199951171875,1.2690000534057617,91.86000061035156
2021-07-30,18.239999771118164,22.18000030517578,4395.259765625,1812.5999755859375,1.2389999628067017,92.16999816894531
2021-08-02,19.459999084472656,23.049999237060547,4387.16015625,1818.0999755859375,1.1740000247955322,92.05000305175781
2021-08-03,18.040000915527344,22.18000030517578,4423.14990234375,1810.0999755859375,1.1759999990463257,92.08000183105469
2021-08-04,17.969999313354492,22.170000076293945,4402.66015625,1810.5,1.184000015258789,92.2699966430664
2021-08-05,17.280000686645508,21.520000457763672,4429.10009765625,1805.0999755859375,1.2170000076293945,92.23999786376953
2021-08-06,16.149999618530273,20.8700008392334,4436.52001953125,1760.0,1.2899999618530273,92.80000305175781
2021-08-09,16.719999313354492,21.270000457763672,4432.35009765625,1723.4000244140625,1.3170000314712524,92.94999694824219
2021-08-10,16.790000915527344,21.209999084472656,4436.75,1728.800048828125,1.3420000076293945,93.05999755859375
2021-08-11,16.170000076293945,20.81999969482422,4442.41015625,1750.4000244140625,1.3289999961853027,92.91000366210938
2021-08-12,15.59000015258789,20.25,4460.830078125,1749.0,1.3669999837875366,93.04000091552734
2021-08-13,15.449999809265137,20.260000228881836,4468.0,1775.199951171875,1.2970000505447388,92.5199966430664
2021-08-16,16.1200008392334,20.639999389648438,4479.7099609375,1786.9000244140625,1.2569999694824219,92.62999725341797
2021-08-17,17.90999984741211,21.700000762939453,4448.080078125,1785.0,1.2580000162124634,93.12999725341797
2021-08-18,21.56999969482422,23.799999237060547,4400.27001953125,1781.5999755859375,1.2730000019073486,93.13999938964844
2021-08-19,21.670000076293945,24.200000762939453,4405.7998046875,1780.199951171875,1.2419999837875366,93.56999969482422
2021-08-20,18.559999465942383,22.40999984741211,4441.669921875,1781.0,1.2599999904632568,93.5
2021-08-23,17.149999618530273,21.200000762939453,4479.52978515625,1803.199951171875,1.2549999952316284,92.95999908447266
2021-08-24,17.219999313354492,21.219999313354492,4486.22998046875,1805.5999755859375,1.2899999618530273,92.88999938964844
2021-08-25,16.790000915527344,20.790000915527344,4496.18994140625,1788.199951171875,1.3420000076293945,92.83000183105469
2021-08-26,18.84000015258789,21.860000610351562,4470.0,1792.199951171875,1.3420000076293945,93.05999755859375
2021-08-27,16.389999389648438,20.610000610351562,4509.3701171875,1816.5999755859375,1.312000036239624,92.69000244140625
2021-08-30,16.190000534057617,20.399999618530273,4528.7900390625,1809.0,1.284999966621399,92.6500015258789
2021-08-31,16.479999542236328,20.420000076293945,4522.68017578125,1815.0,1.3040000200271606,92.62999725341797
2021-09-01,16.110000610351562,20.079999923706055,4524.08984375,1813.0999755859375,1.3020000457763672,92.44999694824219
2021-09-02,16.40999984741211,20.1299991607666,4536.9501953125,1808.699951171875,1.2940000295639038,92.2300033569336
2021-09-03,16.40999984741211,20.31999969482422,4535.43017578125,1830.9000244140625,1.3220000267028809,92.04000091552734
2021-09-07,18.139999389648438,21.530000686645508,4520.02978515625,1795.9000244140625,1.3700000047683716,92.5199966430664
2021-09-08,17.959999084472656,21.59000015258789,4514.06982421875,1790.699951171875,1.3339999914169312,92.6500015258789
2021-09-09,18.799999237060547,22.059999465942383,4493.27978515625,1797.4000244140625,1.2990000247955322,92.4800033569336
2021-09-10,20.950000762939453,23.309999465942383,4458.580078125,1789.5999755859375,1.340999960899353,92.58000183105469
2021-09-13,19.3700008392334,22.469999313354492,4468.72998046875,1792.0,1.3240000009536743,92.62000274658203
2021-09-14,19.459999084472656,22.549999237060547,4443.0498046875,1804.699951171875,1.2769999504089355,92.6500015258789
2021-09-15,18.18000030517578,21.760000228881836,4480.7001953125,1792.4000244140625,1.3040000200271606,92.48999786376953
2021-09-16,18.690000534057617,21.809999465942383,4473.75,1754.5999755859375,1.3309999704360962,92.86000061035156
2021-09-17,20.809999465942383,23.219999313354492,4432.990234375,1749.4000244140625,1.3700000047683716,93.19999694824219
2021-09-20,25.709999084472656,26.399999618530273,4357.72998046875,1761.800048828125,1.309000015258789,93.23999786376953
2021-09-21,24.360000610351562,25.469999313354492,4354.18994140625,1776.0,1.3240000009536743,93.19999694824219
2021-09-22,20.8700008392334,23.049999237060547,4395.64013671875,1776.699951171875,1.3359999656677246,93.45999908447266
2021-09-23,18.6299991607666,21.3700008392334,4448.97998046875,1747.699951171875,1.409999966621399,93.0999984741211
2021-09-24,17.75,20.81999969482422,4455.47998046875,1749.699951171875,1.4600000381469727,93.33000183105469
2021-09-27,18.760000228881836,21.399999618530273,4443.10986328125,1750.0,1.4839999675750732,93.37999725341797
2021-09-28,23.25,24.030000686645508,4352.6298828125,1735.800048828125,1.534000039100647,93.7699966430664
2021-09-29,22.559999465942383,23.719999313354492,4359.4599609375,1721.5,1.5410000085830688,94.33999633789062
2021-09-30,23.139999389648438,23.8700008392334,4307.5400390625,1755.300048828125,1.5290000438690186,94.25
2021-10-01,21.100000381469727,22.950000762939453,4357.0400390625,1757.0,1.4789999723434448,94.04000091552734
2021-10-04,22.959999084472656,24.110000610351562,4300.4599609375,1766.199951171875,1.4809999465942383,93.80999755859375
2021-10-05,21.299999237060547,23.110000610351562,4345.72021484375,1759.5999755859375,1.5290000438690186,93.9800033569336
2021-10-06,21.0,22.84000015258789,4363.5498046875,1760.5,1.5240000486373901,94.2699966430664
2021-10-07,19.540000915527344,22.1200008392334,4399.759765625,1757.9000244140625,1.5709999799728394,94.22000122070312
2021-10-08,18.770000457763672,21.8799991607666,4391.33984375,1756.300048828125,1.6050000190734863,94.06999969482422
2021-10-11,20.0,22.389999389648438,4361.18994140625,1754.5999755859375,1.6139999628067017,94.31999969482422
2021-10-12,19.850000381469727,22.329999923706055,4350.64990234375,1758.300048828125,1.5800000429153442,94.5199966430664
2021-10-13,18.639999389648438,21.540000915527344,4363.7998046875,1793.699951171875,1.5490000247955322,94.08000183105469
2021-10-14,16.860000610351562,20.3700008392334,4438.259765625,1796.699951171875,1.5190000534057617,93.95999908447266
2021-10-15,16.299999237060547,20.299999237060547,4471.3701171875,1767.199951171875,1.5759999752044678,93.94000244140625
2021-10-18,16.309999465942383,20.290000915527344,4486.4599609375,1764.800048828125,1.5839999914169312,93.94999694824219
2021-10-19,15.699999809265137,19.979999542236328,4519.6298828125,1769.699951171875,1.6349999904632568,93.79000091552734
2021-10-20,15.489999771118164,19.8700008392334,4536.18994140625,1784.0999755859375,1.6360000371932983,93.55999755859375
2021-10-21,15.010000228881836,19.479999542236328,4549.77978515625,1781.199951171875,1.6759999990463257,93.7699966430664
2021-10-22,15.430000305175781,20.010000228881836,4544.89990234375,1795.5,1.6549999713897705,93.61000061035156
2021-10-25,15.239999771118164,19.559999465942383,4566.47998046875,1806.0,1.6349999904632568,93.80999755859375
2021-10-26,15.979999542236328,20.110000610351562,4574.7900390625,1792.699951171875,1.61899995803833,93.94999694824219
2021-10-27,16.979999542236328,20.889999389648438,4551.68017578125,1797.9000244140625,1.5290000438690186,93.86000061035156
2021-10-28,16.530000686645508,20.479999542236328,4596.419921875,1801.5999755859375,1.5679999589920044,93.3499984741211
2021-10-29,16.260000228881836,20.3700008392334,4605.3798828125,1783.0,1.5570000410079956,94.12000274658203
2021-11-01,16.40999984741211,20.389999389648438,4613.669921875,1795.0999755859375,1.5750000476837158,93.87999725341797
2021-11-02,16.030000686645508,20.100000381469727,4630.64990234375,1788.699951171875,1.5490000247955322,94.08999633789062
2021-11-03,15.100000381469727,19.5,4660.56982421875,1763.5999755859375,1.5789999961853027,93.86000061035156
2021-11-04,15.4399995803833,19.700000762939453,4680.06005859375,1793.0,1.5240000486373901,94.3499984741211
2021-11-05,16.479999542236328,20.489999771118164,4697.52978515625,1816.4000244140625,1.4529999494552612,94.31999969482422
2021-11-08,17.219999313354492,20.979999542236328,4701.7001953125,1827.4000244140625,1.496999979019165,94.05000305175781
2021-11-09,17.780000686645508,21.40999984741211,4685.25,1830.199951171875,1.4320000410079956,93.95999908447266
2021-11-10,18.729999542236328,22.0,4646.7099609375,1847.5999755859375,1.559999942779541,94.8499984741211
2021-11-11,17.65999984741211,21.3799991607666,4649.27001953125,1863.199951171875,1.559999942779541,95.18000030517578
2021-11-12,16.290000915527344,20.690000534057617,4682.85009765625,1867.9000244140625,1.5820000171661377,95.12999725341797
2021-11-15,16.489999771118164,20.8700008392334,4682.7998046875,1866.0999755859375,1.6230000257492065,95.41000366210938
2021-11-16,16.3700008392334,20.899999618530273,4700.89990234375,1853.5999755859375,1.6339999437332153,95.91999816894531
2021-11-17,17.110000610351562,21.579999923706055,4688.669921875,1869.699951171875,1.6039999723434448,95.83000183105469
2021-11-18,17.59000015258789,21.899999618530273,4704.5400390625,1861.0,1.5889999866485596,95.54000091552734
2021-11-19,17.90999984741211,21.920000076293945,4697.9599609375,1851.199951171875,1.5360000133514404,96.06999969482422
2021-11-22,19.170000076293945,22.6299991607666,4682.93994140625,1806.0,1.625,96.5
2021-11-23,19.3799991607666,22.450000762939453,4690.7001953125,1783.5,1.6670000553131104,96.48999786376953
2021-11-24,18.579999923706055,21.899999618530273,4701.4599609375,1784.0999755859375,1.6449999809265137,96.83999633789062
2021-11-26,28.6200008392334,29.170000076293945,4594.6201171875,1785.300048828125,1.4819999933242798,96.08999633789062
2021-11-29,22.959999084472656,25.040000915527344,4655.27001953125,1782.300048828125,1.5299999713897705,96.33999633789062
2021-11-30,27.190000534057617,28.1299991607666,4567.0,1773.5999755859375,1.4429999589920044,95.98999786376953
2021-12-01,31.1200008392334,30.790000915527344,4513.0400390625,1781.5999755859375,1.434000015258789,96.05000305175781
2021-12-02,27.950000762939453,29.149999618530273,4577.10009765625,1760.699951171875,1.4479999542236328,96.12999725341797
2021-12-03,30.670000076293945,31.780000686645508,4538.43017578125,1782.0,1.343000054359436,96.12000274658203
2021-12-06,27.18000030517578,28.8799991607666,4591.669921875,1777.5,1.434000015258789,96.29000091552734
2021-12-07,21.889999389648438,24.959999084472656,4686.75,1782.5999755859375,1.4800000190734863,96.37000274658203
2021-12-08,19.899999618530273,23.6299991607666,4701.2099609375,1783.4000244140625,1.5089999437332153,95.88999938964844
2021-12-09,21.579999923706055,24.65999984741211,4667.4501953125,1774.5999755859375,1.4869999885559082,96.2699966430664
2021-12-10,18.690000534057617,23.18000030517578,4712.02001953125,1782.9000244140625,1.4889999628067017,96.05000305175781
2021-12-13,20.309999465942383,24.31999969482422,4668.97021484375,1786.300048828125,1.4240000247955322,96.31999969482422
2021-12-14,21.889999389648438,25.350000381469727,4634.08984375,1770.4000244140625,1.437999963760376,96.56999969482422
2021-12-15,19.290000915527344,23.299999237060547,4709.85009765625,1762.5999755859375,1.4630000591278076,96.51000213623047
2021-12-16,20.56999969482422,24.3700008392334,4668.669921875,1796.5999755859375,1.4220000505447388,96.04000091552734
2021-12-17,21.56999969482422,25.3799991607666,4620.64013671875,1803.800048828125,1.4019999504089355,96.56999969482422
2021-12-20,22.8700008392334,26.309999465942383,4568.02001953125,1793.699951171875,1.4190000295639038,96.55000305175781
2021-12-21,21.010000228881836,25.0,4649.22998046875,1787.9000244140625,1.4869999885559082,96.48999786376953
2021-12-22,18.6299991607666,23.559999465942383,4696.56005859375,1801.5999755859375,1.4570000171661377,96.08000183105469
2021-12-23,17.959999084472656,23.239999771118164,4725.7900390625,1811.199951171875,1.4930000305175781,96.0199966430664
2021-12-27,17.68000030517578,22.739999771118164,4791.18994140625,1808.0999755859375,1.4809999465942383,96.08999633789062
2021-12-28,17.540000915527344,22.329999923706055,4786.35009765625,1810.199951171875,1.4809999465942383,96.19999694824219
2021-12-29,16.950000762939453,21.829999923706055,4793.06005859375,1805.0999755859375,1.5429999828338623,95.93000030517578
2021-12-30,17.329999923706055,21.8799991607666,4778.72998046875,1812.699951171875,1.5149999856948853,95.97000122070312
2021-12-31,17.219999313354492,21.8799991607666,4766.18017578125,1827.5,1.5119999647140503,95.66999816894531
2022-01-03,16.600000381469727,21.530000686645508,4796.56005859375,1799.4000244140625,1.628000020980835,96.23999786376953
2022-01-04,16.90999984741211,21.6200008392334,4793.5400390625,1814.0,1.6679999828338623,96.29000091552734
2022-01-05,19.729999542236328,23.469999313354492,4700.580078125,1824.5999755859375,1.7050000429153442,96.19000244140625
2022-01-06,19.610000610351562,23.5,4696.0498046875,1788.699951171875,1.7330000400543213,96.25
2022-01-07,18.760000228881836,22.8700008392334,4677.02978515625,1797.0,1.7710000276565552,95.73999786376953
2022-01-10,19.399999618530273,22.68000030517578,4670.2900390625,1798.4000244140625,1.7799999713897705,95.98999786376953
2022-01-11,18.40999984741211,21.979999542236328,4713.06982421875,1818.5999755859375,1.746000051498413,95.62000274658203
2022-01-12,17.6200008392334,21.579999923706055,4726.35009765625,1827.199951171875,1.725000023841858,95.0
2022-01-13,20.309999465942383,23.40999984741211,4659.02978515625,1821.199951171875,1.7109999656677246,94.79000091552734
2022-01-14,19.190000534057617,22.81999969482422,4662.85009765625,1816.5,1.7719999551773071,95.16999816894531
2022-01-18,22.790000915527344,25.1200008392334,4577.10986328125,1812.300048828125,1.8650000095367432,95.7300033569336
2022-01-19,23.850000381469727,25.809999465942383,4532.759765625,1843.0999755859375,1.8270000219345093,95.51000213623047
2022-01-20,25.59000015258789,27.25,4482.72998046875,1842.5,1.8329999446868896,95.73999786376953
2022-01-21,28.850000381469727,29.950000762939453,4397.93994140625,1831.800048828125,1.746999979019165,95.63999938964844
2022-01-24,29.899999618530273,30.81999969482422,4410.1298828125,1841.699951171875,1.7350000143051147,95.91999816894531
2022-01-25,31.15999984741211,31.760000228881836,4356.4501953125,1852.699951171875,1.7829999923706055,95.94999694824219
2022-01-26,31.959999084472656,31.950000762939453,4349.93017578125,1829.9000244140625,1.8480000495910645,96.48999786376953
2022-01-27,30.489999771118164,30.8700008392334,4326.509765625,1793.300048828125,1.8070000410079956,97.26000213623047
2022-01-28,27.65999984741211,28.81999969482422,4431.85009765625,1784.9000244140625,1.781999945640564,97.2699966430664
2022-01-31,24.829999923706055,26.850000381469727,4515.5498046875,1795.0,1.781999945640564,96.54000091552734
2022-02-01,21.959999084472656,24.760000228881836,4546.5400390625,1800.300048828125,1.7999999523162842,96.38999938964844
2022-02-02,22.09000015258789,25.139999389648438,4589.3798828125,1809.199951171875,1.7660000324249268,95.94000244140625
2022-02-03,24.350000381469727,26.670000076293945,4477.43994140625,1803.0,1.8270000219345093,95.37999725341797
2022-02-04,23.219999313354492,26.25,4500.52978515625,1806.5999755859375,1.9299999475479126,95.4800033569336
2022-02-07,22.860000610351562,25.690000534057617,4483.8701171875,1820.5999755859375,1.9160000085830688,95.4000015258789
2022-02-08,21.440000534057617,24.540000915527344,4521.5400390625,1826.5999755859375,1.9539999961853027,95.63999938964844
2022-02-09,19.959999084472656,23.489999771118164,4587.18017578125,1835.199951171875,1.9290000200271606,95.48999786376953
2022-02-10,23.90999984741211,26.06999969482422,4504.080078125,1836.199951171875,2.0309998989105225,95.55000305175781
2022-02-11,27.360000610351562,28.829999923706055,4418.64013671875,1840.800048828125,1.9550000429153442,96.08000183105469
2022-02-14,28.329999923706055,29.440000534057617,4401.669921875,1868.0,1.996000051498413,96.37000274658203
2022-02-15,25.700000762939453,27.280000686645508,4471.06982421875,1854.800048828125,2.0450000762939453,95.98999786376953
2022-02-16,24.290000915527344,26.260000228881836,4475.009765625,1870.199951171875,2.046999931335449,95.69999694824219
2022-02-17,28.110000610351562,29.31999969482422,4380.259765625,1900.699951171875,1.972000002861023,95.80000305175781
2022-02-18,27.75,29.219999313354492,4348.8701171875,1898.5999755859375,1.9320000410079956,96.04000091552734
2022-02-22,28.809999465942383,29.110000610351562,4304.759765625,1906.0999755859375,1.9479999542236328,96.02999877929688
2022-02-23,31.020000457763672,30.8799991607666,4225.5,1909.199951171875,1.9769999980926514,96.19000244140625
2022-02-24,30.31999969482422,30.049999237060547,4288.7001953125,1925.0999755859375,1.968999981880188,97.13999938964844
2022-02-25,27.59000015258789,28.040000915527344,4384.64990234375,1886.5,1.9859999418258667,96.62000274658203
2022-02-28,30.149999618530273,29.649999618530273,4373.93994140625,1899.4000244140625,1.8389999866485596,96.70999908447266
2022-03-01,33.31999969482422,32.59000015258789,4306.259765625,1942.4000244140625,1.7070000171661377,97.41000366210938
2022-03-02,30.739999771118164,30.969999313354492,4386.5400390625,1920.9000244140625,1.8650000095367432,97.38999938964844
2022-03-03,30.479999542236328,30.799999237060547,4363.490234375,1934.4000244140625,1.843999981880188,97.79000091552734
2022-03-04,31.979999542236328,32.34000015258789,4328.8701171875,1965.0999755859375,1.7239999771118164,98.6500015258789
2022-03-07,36.45000076293945,35.7400016784668,4201.08984375,1993.9000244140625,1.7510000467300415,99.29000091552734
2022-03-08,35.130001068115234,35.0,4170.7001953125,2040.0999755859375,1.871999979019165,99.05999755859375
2022-03-09,32.45000076293945,33.060001373291016,4277.8798828125,1985.9000244140625,1.9479999542236328,97.97000122070312
2022-03-10,30.229999542236328,31.520000457763672,4259.52001953125,1998.0999755859375,2.010999917984009,98.51000213623047
2022-03-11,30.75,32.34000015258789,4204.31005859375,1982.699951171875,2.003999948501587,99.12000274658203
2022-03-14,31.770000457763672,33.31999969482422,4173.10986328125,1959.5999755859375,2.140000104904175,99.05999755859375
2022-03-15,29.829999923706055,31.959999084472656,4262.4501953125,1928.5,2.1600000858306885,99.06999969482422
2022-03-16,26.670000076293945,28.959999084472656,4357.85986328125,1908.0,2.187999963760376,98.37999725341797
2022-03-17,25.670000076293945,28.219999313354492,4411.669921875,1942.0999755859375,2.191999912261963,98.01000213623047
2022-03-18,23.8700008392334,26.549999237060547,4463.1201171875,1928.199951171875,2.1480000019073486,98.2300033569336
2022-03-21,23.530000686645508,26.3799991607666,4461.18017578125,1928.5999755859375,2.315000057220459,98.5
2022-03-22,22.940000534057617,25.850000381469727,4511.60986328125,1920.699951171875,2.372999906539917,98.48999786376953
2022-03-23,23.56999969482422,26.40999984741211,4456.240234375,1936.5999755859375,2.321000099182129,98.62000274658203
2022-03-24,21.670000076293945,25.299999237060547,4520.16015625,1961.5999755859375,2.3410000801086426,98.79000091552734
2022-03-25,20.809999465942383,24.719999313354492,4543.06005859375,1953.800048828125,2.492000102996826,98.80999755859375
2022-03-28,19.6299991607666,24.18000030517578,4575.52001953125,1939.5999755859375,2.4769999980926514,99.08999633789062
2022-03-29,18.899999618530273,23.190000534057617,4631.60009765625,1912.0,2.4000000953674316,98.4000015258789
2022-03-30,19.329999923706055,23.56999969482422,4602.4501953125,1933.5,2.3580000400543213,97.79000091552734
2022-03-31,20.559999465942383,24.459999084472656,4530.41015625,1949.199951171875,2.3269999027252197,98.30999755859375
2022-04-01,19.6299991607666,24.209999084472656,4545.85986328125,1919.0999755859375,2.377000093460083,98.62999725341797
2022-04-04,18.56999969482422,23.030000686645508,4582.64013671875,1929.199951171875,2.4119999408721924,98.98999786376953
2022-04-05,21.030000686645508,24.899999618530273,4525.1201171875,1922.9000244140625,2.555999994277954,99.47000122070312
2022-04-06,22.100000381469727,25.799999237060547,4481.14990234375,1918.4000244140625,2.6089999675750732,99.5999984741211
2022-04-07,21.549999237060547,25.229999542236328,4500.2099609375,1933.800048828125,2.6519999504089355,99.75
2022-04-08,21.15999984741211,25.170000076293945,4488.27978515625,1941.5999755859375,2.7130000591278076,99.80000305175781
2022-04-11,24.3700008392334,27.0,4412.52978515625,1944.300048828125,2.7799999713897705,99.93000030517578
2022-04-12,24.260000228881836,27.170000076293945,4397.4501953125,1972.0999755859375,2.7249999046325684,100.29000091552734
2022-04-13,21.81999969482422,25.540000915527344,4446.58984375,1981.0,2.687000036239624,99.87999725341797
2022-04-14,22.700000762939453,26.030000686645508,4392.58984375,1970.9000244140625,2.828000068664551,100.31999969482422
2022-04-18,22.170000076293945,25.75,4391.68994140625,1982.9000244140625,2.861999988555908,100.77999877929688
2022-04-19,21.3700008392334,25.059999465942383,4462.2099609375,1955.699951171875,2.9130001068115234,100.95999908447266
2022-04-20,20.31999969482422,24.149999618530273,4459.4501953125,1952.300048828125,2.8399999141693115,100.38999938964844
2022-04-21,22.68000030517578,26.110000610351562,4393.66015625,1944.9000244140625,2.9170000553131104,100.58000183105469
2022-04-22,28.209999084472656,29.8700008392334,4271.77978515625,1931.0,2.9059998989105225,101.22000122070312
2022-04-25,27.020000457763672,29.06999969482422,4296.1201171875,1893.199951171875,2.8259999752044678,101.75
2022-04-26,33.52000045776367,33.13999938964844,4175.2001953125,1901.4000244140625,2.7720000743865967,102.30000305175781
2022-04-27,31.600000381469727,32.20000076293945,4183.9599609375,1885.9000244140625,2.818000078201294,102.94999694824219
2022-04-28,29.989999771118164,31.149999618530273,4287.5,1888.699951171875,2.86299991607666,103.62000274658203
2022-04-29,33.400001525878906,33.18000030517578,4131.93017578125,1909.300048828125,2.88700008392334,102.95999908447266
2022-05-02,32.34000015258789,33.0099983215332,4155.3798828125,1861.800048828125,2.996000051498413,103.73999786376953
2022-05-03,29.25,30.809999465942383,4175.47998046875,1868.800048828125,2.9600000381469727,103.47000122070312
2022-05-04,25.420000076293945,28.09000015258789,4300.169921875,1867.0,2.9170000553131104,102.58999633789062
2022-05-05,31.200000762939453,32.68000030517578,4146.8701171875,1874.0,3.065999984741211,103.75
2022-05-06,30.190000534057617,32.310001373291016,4123.33984375,1881.199951171875,3.122999906539917,103.66000366210938
2022-05-09,34.75,35.04999923706055,3991.239990234375,1857.0999755859375,3.0789999961853027,103.6500015258789
2022-05-10,32.9900016784668,33.970001220703125,4001.050048828125,1839.9000244140625,2.993000030517578,103.91999816894531
2022-05-11,32.560001373291016,33.630001068115234,3935.179931640625,1852.5999755859375,2.9210000038146973,103.8499984741211
2022-05-12,31.770000457763672,33.08000183105469,3930.080078125,1823.800048828125,2.816999912261963,104.8499984741211
2022-05-13,28.8700008392334,30.700000762939453,4023.889892578125,1807.4000244140625,2.934999942779541,104.55999755859375
2022-05-16,27.469999313354492,29.510000228881836,4008.010009765625,1813.5,2.877000093460083,104.19000244140625
2022-05-17,26.100000381469727,28.3700008392334,4088.85009765625,1818.199951171875,2.9679999351501465,103.36000061035156
2022-05-18,30.959999084472656,32.79999923706055,3923.679931640625,1815.9000244140625,2.885999917984009,103.80999755859375
2022-05-19,29.350000381469727,30.790000915527344,3900.7900390625,1841.199951171875,2.8550000190734863,102.72000122070312
2022-05-20,29.43000030517578,31.139999389648438,3901.360107421875,1841.800048828125,2.7869999408721924,103.1500015258789
2022-05-23,28.479999542236328,30.290000915527344,3973.75,1847.800048828125,2.8589999675750732,102.08000183105469
2022-05-24,29.450000762939453,30.739999771118164,3941.47998046875,1865.0999755859375,2.759999990463257,101.86000061035156
2022-05-25,28.3700008392334,29.729999542236328,3978.72998046875,1846.199951171875,2.749000072479248,102.05999755859375
2022-05-26,27.5,29.280000686645508,4057.840087890625,1847.4000244140625,2.75600004196167,101.83000183105469
2022-05-27,25.719999313354492,28.020000457763672,4158.240234375,1851.300048828125,2.743000030517578,101.66999816894531
2022-05-31,26.190000534057617,27.989999771118164,4132.14990234375,1842.699951171875,2.8440001010894775,101.75
2022-06-01,25.690000534057617,27.719999313354492,4101.22998046875,1843.300048828125,2.930999994277954,102.55000305175781
2022-06-02,24.719999313354492,27.059999465942383,4176.81982421875,1866.5,2.9130001068115234,101.7699966430664
2022-06-03,24.790000915527344,27.329999923706055,4108.5400390625,1845.4000244140625,2.9570000171661377,102.13999938964844
2022-06-06,25.06999969482422,27.219999313354492,4121.43017578125,1839.199951171875,3.0380001068115234,102.44000244140625
2022-06-07,24.020000457763672,26.520000457763672,4160.68017578125,1847.5,2.9719998836517334,102.31999969482422
2022-06-08,23.959999084472656,26.540000915527344,4115.77001953125,1851.9000244140625,3.0290000438690186,102.54000091552734
2022-06-09,26.09000015258789,28.010000228881836,4017.820068359375,1848.800048828125,3.0439999103546143,103.22000122070312
2022-06-10,27.75,29.719999313354492,3900.860107421875,1871.5,3.1559998989105225,104.1500015258789
2022-06-13,34.02000045776367,34.2400016784668,3749.6298828125,1828.0,3.365999937057495,105.08000183105469
2022-06-14,32.689998626708984,33.279998779296875,3735.47998046875,1809.5,3.4830000400543213,105.5199966430664
2022-06-15,29.6200008392334,30.780000686645508,3789.989990234375,1815.300048828125,3.3949999809265137,105.16000366210938
2022-06-16,32.95000076293945,33.4900016784668,3666.77001953125,1845.699951171875,3.306999921798706,103.62999725341797
2022-06-17,31.1299991607666,32.36000061035156,3674.840087890625,1835.5999755859375,3.239000082015991,104.69999694824219
2022-06-21,30.190000534057617,31.25,3764.7900390625,1834.5999755859375,3.306999921798706,104.44000244140625
2022-06-22,28.950000762939453,30.239999771118164,3759.889892578125,1834.300048828125,3.1559998989105225,104.19999694824219
2022-06-23,29.049999237060547,30.190000534057617,3795.72998046875,1825.699951171875,3.068000078201294,104.43000030517578
2022-06-24,27.229999542236328,28.950000762939453,3911.739990234375,1826.5,3.125,104.19000244140625
2022-06-27,26.950000762939453,28.18000030517578,3900.110107421875,1820.9000244140625,3.194000005722046,103.94000244140625
2022-06-28,28.360000610351562,29.149999618530273,3821.550048828125,1817.5,3.2060000896453857,104.51000213623047
2022-06-29,28.15999984741211,29.0,3818.830078125,1813.699951171875,3.0929999351501465,105.11000061035156
2022-06-30,28.709999084472656,29.709999084472656,3785.3798828125,1804.0999755859375,2.9719998836517334,104.69000244140625
2022-07-01,26.700000762939453,28.520000457763672,3825.330078125,1798.9000244140625,2.8889999389648438,105.13999938964844
2022-07-05,27.540000915527344,28.899999618530273,3831.389892578125,1761.800048828125,2.809000015258789,106.5
2022-07-06,26.729999542236328,28.389999389648438,3845.080078125,1734.9000244140625,2.9130001068115234,107.0999984741211
2022-07-07,26.079999923706055,28.030000686645508,3902.6201171875,1737.9000244140625,3.007999897003174,107.12999725341797
2022-07-08,24.639999389648438,27.299999237060547,3899.3798828125,1740.5999755859375,3.1010000705718994,107.01000213623047
2022-07-11,26.170000076293945,28.25,3854.429931640625,1730.0,2.990999937057495,108.0199966430664
2022-07-12,27.290000915527344,28.81999969482422,3818.800048828125,1723.300048828125,2.9579999446868896,108.06999969482422
2022-07-13,26.81999969482422,28.559999465942383,3801.780029296875,1734.199951171875,2.9040000438690186,107.95999908447266
2022-07-14,26.399999618530273,28.610000610351562,3790.3798828125,1704.5,2.9600000381469727,108.54000091552734
2022-07-15,24.229999542236328,27.079999923706055,3863.159912109375,1702.4000244140625,2.930000066757202,108.05999755859375
2022-07-18,25.299999237060547,27.81999969482422,3830.85009765625,1709.199951171875,2.9600000381469727,107.37000274658203
2022-07-19,24.5,27.309999465942383,3936.68994140625,1710.0,3.0190000534057617,106.68000030517578
2022-07-20,23.8799991607666,26.700000762939453,3959.89990234375,1699.5,3.0360000133514404,107.08000183105469
2022-07-21,23.110000610351562,26.219999313354492,3998.949951171875,1712.699951171875,2.9100000858306885,106.91000366210938
2022-07-22,23.030000686645508,25.969999313354492,3961.6298828125,1727.0999755859375,2.7829999923706055,106.7300033569336
2022-07-25,23.360000610351562,25.799999237060547,3966.840087890625,1719.0,2.819999933242798,106.4800033569336
2022-07-26,24.690000534057617,26.420000076293945,3921.050048828125,1717.699951171875,2.7869999408721924,107.19000244140625
2022-07-27,23.239999771118164,25.309999465942383,4023.610107421875,1719.0999755859375,2.7339999675750732,106.44999694824219
2022-07-28,22.329999923706055,24.329999923706055,4072.429931640625,1750.300048828125,2.680999994277954,106.3499984741211
2022-07-29,21.329999923706055,23.790000915527344,4130.2900390625,1762.9000244140625,2.6419999599456787,105.9000015258789
2022-08-01,22.84000015258789,24.860000610351562,4118.6298828125,1769.0,2.6059999465942383,105.44999694824219
2022-08-02,23.93000030517578,25.65999984741211,4091.18994140625,1771.0999755859375,2.740999937057495,106.23999786376953
2022-08-03,21.950000762939453,24.3700008392334,4155.169921875,1758.0,2.747999906539917,106.51000213623047
2022-08-04,21.440000534057617,24.31999969482422,4151.93994140625,1788.5,2.6760001182556152,105.69000244140625
2022-08-05,21.149999618530273,24.18000030517578,4145.18994140625,1772.9000244140625,2.8399999141693115,106.62000274658203
2022-08-08,21.290000915527344,24.479999542236328,4140.06005859375,1786.800048828125,2.765000104904175,106.44000244140625
2022-08-09,21.770000457763672,24.690000534057617,4122.47021484375,1794.0,2.796999931335449,106.37000274658203
2022-08-10,19.739999771118164,23.459999084472656,4210.240234375,1795.5999755859375,2.7860000133514404,105.19999694824219
2022-08-11,20.200000762939453,23.709999084472656,4207.27001953125,1789.699951171875,2.888000011444092,105.08999633789062
2022-08-12,19.530000686645508,23.309999465942383,4280.14990234375,1798.5999755859375,2.8489999771118164,105.62999725341797
2022-08-15,19.950000762939453,23.31999969482422,4297.14013671875,1781.4000244140625,2.7909998893737793,106.55000305175781
2022-08-16,19.690000534057617,23.31999969482422,4305.2001953125,1773.199951171875,2.8239998817443848,106.5
2022-08-17,19.899999618530273,23.600000381469727,4274.0400390625,1760.300048828125,2.8929998874664307,106.56999969482422
2022-08-18,19.559999465942383,23.389999389648438,4283.740234375,1755.300048828125,2.880000114440918,107.4800033569336
2022-08-19,20.600000381469727,24.31999969482422,4228.47998046875,1747.5999755859375,2.989000082015991,108.16999816894531
2022-08-22,23.799999237060547,26.0,4137.990234375,1734.0,3.0369999408721924,109.05000305175781
2022-08-23,24.110000610351562,25.920000076293945,4128.72998046875,1746.800048828125,3.053999900817871,108.62000274658203
2022-08-24,22.81999969482422,24.889999389648438,4140.77001953125,1747.800048828125,3.1059999465942383,108.68000030517578
2022-08-25,21.780000686645508,24.1299991607666,4199.1201171875,1757.699951171875,3.0260000228881836,108.47000122070312
2022-08-26,25.559999465942383,26.559999465942383,4057.659912109375,1736.0999755859375,3.0350000858306885,108.80000305175781
2022-08-29,26.209999084472656,26.81999969482422,4030.610107421875,1736.5999755859375,3.109999895095825,108.83999633789062
2022-08-30,26.209999084472656,26.90999984741211,3986.159912109375,1723.199951171875,3.109999895095825,108.7699966430664
2022-08-31,25.8700008392334,26.649999618530273,3955.0,1712.800048828125,3.132999897003174,108.69999694824219
2022-09-01,25.559999465942383,26.43000030517578,3966.85009765625,1696.5999755859375,3.265000104904175,109.69000244140625
2022-09-02,25.469999313354492,26.479999542236328,3924.260009765625,1709.800048828125,3.193000078201294,109.52999877929688
2022-09-06,26.90999984741211,27.59000015258789,3908.18994140625,1700.4000244140625,3.3399999141693115,110.20999908447266
2022-09-07,24.639999389648438,26.100000381469727,3979.8701171875,1715.300048828125,3.265000104904175,109.83999633789062
2022-09-08,23.610000610351562,25.520000457763672,4006.179931640625,1708.0,3.2920000553131104,109.70999908447266
2022-09-09,22.790000915527344,25.139999389648438,4067.360107421875,1716.199951171875,3.321000099182129,109.0
2022-09-12,23.8700008392334,25.3700008392334,4110.41015625,1728.0999755859375,3.361999988555908,108.33000183105469
2022-09-13,27.270000457763672,27.950000762939453,3932.68994140625,1705.0,3.421999931335449,109.81999969482422
2022-09-14,26.15999984741211,27.459999084472656,3946.010009765625,1696.5,3.4119999408721924,109.66000366210938
2022-09-15,26.270000457763672,27.600000381469727,3901.35009765625,1665.4000244140625,3.4590001106262207,109.73999786376953
2022-09-16,26.299999237060547,27.6299991607666,3873.330078125,1671.699951171875,3.447999954223633,109.76000213623047
2022-09-19,25.760000228881836,27.010000228881836,3899.889892578125,1666.199951171875,3.490000009536743,109.73999786376953
2022-09-20,27.15999984741211,27.8799991607666,3855.929931640625,1659.699951171875,3.571000099182129,110.22000122070312
2022-09-21,27.989999771118164,28.760000228881836,3789.929931640625,1664.5999755859375,3.509999990463257,110.63999938964844
2022-09-22,27.350000381469727,28.219999313354492,3757.989990234375,1670.800048828125,3.7079999446868896,111.3499984741211
2022-09-23,29.920000076293945,30.31999969482422,3693.22998046875,1645.300048828125,3.697000026702881,113.19000244140625
2022-09-26,32.2599983215332,31.770000457763672,3655.0400390625,1623.300048828125,3.878000020980835,114.0999984741211
2022-09-27,32.599998474121094,32.119998931884766,3647.2900390625,1626.699951171875,3.9639999866485596,114.11000061035156
2022-09-28,30.18000030517578,30.579999923706055,3719.0400390625,1660.4000244140625,3.7049999237060547,112.5999984741211
2022-09-29,31.84000015258789,31.739999771118164,3640.469970703125,1658.5,3.746999979019165,112.25
2022-09-30,31.6200008392334,31.860000610351562,3585.6201171875,1662.4000244140625,3.803999900817871,112.12000274658203
2022-10-03,30.100000381469727,30.690000534057617,3678.429931640625,1692.9000244140625,3.6510000228881836,111.75
2022-10-04,29.06999969482422,29.670000076293945,3790.929931640625,1721.0999755859375,3.617000102996826,110.06999969482422
2022-10-05,28.549999237060547,29.43000030517578,3783.280029296875,1711.4000244140625,3.759000062942505,111.06999969482422
2022-10-06,30.520000457763672,30.790000915527344,3744.52001953125,1711.699951171875,3.8259999752044678,112.26000213623047
2022-10-07,31.360000610351562,32.099998474121094,3639.659912109375,1700.5,3.882999897003174,112.80000305175781
2022-10-10,32.45000076293945,32.72999954223633,3612.389892578125,1667.300048828125,3.888000011444092,113.13999938964844
2022-10-11,33.630001068115234,33.36000061035156,3588.840087890625,1678.699951171875,3.938999891281128,113.22000122070312
2022-10-12,33.56999969482422,33.130001068115234,3577.030029296875,1670.300048828125,3.9019999504089355,113.31999969482422
2022-10-13,31.940000534057617,31.799999237060547,3669.909912109375,1670.0,3.9519999027252197,112.36000061035156
2022-10-14,32.02000045776367,32.45000076293945,3583.070068359375,1641.699951171875,4.010000228881836,113.30999755859375
2022-10-17,31.3700008392334,31.739999771118164,3677.949951171875,1657.0,4.014999866485596,112.04000091552734
2022-10-18,30.5,30.979999542236328,3719.97998046875,1649.0,3.997999906539917,112.12999725341797
2022-10-19,30.760000228881836,31.350000381469727,3695.159912109375,1627.5,4.126999855041504,112.9800033569336
2022-10-20,29.979999542236328,30.809999465942383,3665.780029296875,1630.800048828125,4.22599983215332,112.87999725341797
2022-10-21,29.690000534057617,30.469999313354492,3752.75,1651.0,4.2129998207092285,112.01000213623047
2022-10-24,29.850000381469727,30.329999923706055,3797.340087890625,1648.699951171875,4.234000205993652,111.98999786376953
2022-10-25,28.459999084472656,29.290000915527344,3859.110107421875,1652.800048828125,4.107999801635742,110.94999694824219
2022-10-26,27.280000686645508,28.459999084472656,3830.60009765625,1664.0,4.014999866485596,109.69999694824219
2022-10-27,27.389999389648438,28.280000686645508,3807.300048828125,1660.699951171875,3.937000036239624,110.58999633789062
2022-10-28,25.75,26.899999618530273,3901.06005859375,1639.5999755859375,4.010000228881836,110.66999816894531
2022-10-31,25.8799991607666,26.920000076293945,3871.97998046875,1635.9000244140625,4.077000141143799,111.52999877929688
2022-11-01,25.809999465942383,26.690000534057617,3856.10009765625,1645.0,4.052000045776367,111.4800033569336
2022-11-02,25.860000610351562,27.219999313354492,3759.68994140625,1645.699951171875,4.059000015258789,111.3499984741211
2022-11-03,25.299999237060547,26.700000762939453,3719.889892578125,1627.300048828125,4.124000072479248,112.93000030517578
2022-11-04,24.549999237060547,26.389999389648438,3770.550048828125,1672.5,4.156000137329102,110.87999725341797
2022-11-07,24.350000381469727,26.260000228881836,3806.800048828125,1676.5,4.214000225067139,110.12000274658203
2022-11-08,25.540000915527344,27.100000381469727,3828.110107421875,1712.0999755859375,4.125999927520752,109.62000274658203
2022-11-09,26.09000015258789,27.90999984741211,3748.570068359375,1710.0999755859375,4.151000022888184,110.55000305175781
2022-11-10,23.530000686645508,26.18000030517578,3956.3701171875,1750.300048828125,3.8289999961853027,108.20999908447266
2022-11-11,22.520000457763672,25.739999771118164,3992.929931640625,1766.0,3.812999963760376,106.29000091552734
2022-11-14,23.729999542236328,26.1299991607666,3957.25,1773.5999755859375,3.865000009536743,106.66000366210938
2022-11-15,24.540000915527344,26.59000015258789,3991.72998046875,1773.800048828125,3.7990000247955322,106.4000015258789
2022-11-16,24.110000610351562,26.030000686645508,3958.7900390625,1773.0,3.691999912261963,106.27999877929688
2022-11-17,23.93000030517578,25.829999923706055,3946.56005859375,1760.800048828125,3.7750000953674316,106.69000244140625
2022-11-18,23.1200008392334,25.329999923706055,3965.340087890625,1751.9000244140625,3.818000078201294,106.93000030517578
2022-11-21,22.360000610351562,24.719999313354492,3949.93994140625,1737.4000244140625,3.825000047683716,107.83999633789062
2022-11-22,21.290000915527344,23.829999923706055,4003.580078125,1738.300048828125,3.757999897003174,107.22000122070312
2022-11-23,20.350000381469727,23.3799991607666,4027.260009765625,1744.9000244140625,3.7060000896453857,106.08000183105469
2022-11-25,20.5,23.59000015258789,4026.1201171875,1753.300048828125,3.690999984741211,105.95999908447266
2022-11-28,22.209999084472656,24.899999618530273,3963.93994140625,1740.0999755859375,3.703000068664551,106.68000030517578
2022-11-29,21.889999389648438,24.649999618530273,3957.6298828125,1748.4000244140625,3.747999906539917,106.81999969482422
2022-11-30,20.579999923706055,23.530000686645508,4080.110107421875,1746.0,3.703000068664551,105.94999694824219
2022-12-01,19.84000015258789,23.309999465942383,4076.570068359375,1801.0999755859375,3.5290000438690186,104.7300033569336
2022-12-02,19.059999465942383,22.959999084472656,4071.699951171875,1795.9000244140625,3.50600004196167,104.55000305175781
2022-12-05,20.75,23.889999389648438,3998.840087890625,1767.4000244140625,3.5989999771118164,105.29000091552734
2022-12-06,22.170000076293945,24.719999313354492,3941.260009765625,1769.300048828125,3.513000011444092,105.58000183105469
2022-12-07,22.68000030517578,25.18000030517578,3933.919921875,1785.5,3.4079999923706055,105.0999984741211
2022-12-08,22.290000915527344,24.729999542236328,3963.510009765625,1788.699951171875,3.490999937057495,104.7699966430664
2022-12-09,22.829999923706055,25.209999084472656,3934.3798828125,1798.0999755859375,3.566999912261963,104.80999755859375
2022-12-12,25.0,25.670000076293945,3990.56005859375,1780.5,3.6110000610351562,105.12999725341797
2022-12-13,22.549999237060547,24.290000915527344,4019.64990234375,1813.9000244140625,3.500999927520752,103.9800033569336
2022-12-14,21.139999389648438,23.459999084472656,3995.320068359375,1807.5,3.503000020980835,103.7699966430664
2022-12-15,22.829999923706055,25.079999923706055,3895.75,1777.199951171875,3.450000047683716,104.55999755859375
2022-12-16,22.6200008392334,25.149999618530273,3852.360107421875,1790.0,3.4820001125335693,104.69999694824219
2022-12-19,22.420000076293945,25.079999923706055,3817.659912109375,1787.699951171875,3.5810000896453857,104.72000122070312
2022-12-20,21.479999542236328,24.399999618530273,3821.6201171875,1815.9000244140625,3.684000015258789,103.97000122070312
2022-12-21,20.06999969482422,23.350000381469727,3878.43994140625,1815.9000244140625,3.684000015258789,104.16000366210938
2022-12-22,21.969999313354492,24.780000686645508,3822.389892578125,1787.0,3.6689999103546143,104.43000030517578
2022-12-23,20.8700008392334,24.1299991607666,3844.820068359375,1795.9000244140625,3.750999927520752,104.30999755859375
2022-12-27,21.649999618530273,24.43000030517578,3829.25,1814.800048828125,3.859999895095825,104.18000030517578
2022-12-28,22.139999389648438,24.579999923706055,3783.219970703125,1807.9000244140625,3.88700008392334,104.45999908447266
2022-12-29,21.440000534057617,23.950000762939453,3849.280029296875,1819.5,3.8350000381469727,103.83999633789062
2022-12-30,21.670000076293945,24.290000915527344,3839.5,1819.699951171875,3.878999948501587,103.5199966430664
2023-01-03,22.899999618530273,24.579999923706055,3824.139892578125,1839.699951171875,3.7929999828338623,104.5199966430664
2023-01-04,22.010000228881836,23.809999465942383,3852.969970703125,1852.800048828125,3.7090001106262207,104.25
2023-01-05,22.459999084472656,24.06999969482422,3808.10009765625,1834.800048828125,3.7200000286102295,105.04000091552734
2023-01-06,21.1299991607666,23.18000030517578,3895.080078125,1864.199951171875,3.569000005722046,103.87999725341797
2023-01-09,21.969999313354492,23.739999771118164,3892.090087890625,1872.699951171875,3.5169999599456787,103.0
2023-01-10,20.579999923706055,22.739999771118164,3919.25,1871.5999755859375,3.621000051498413,103.23999786376953
2023-01-11,21.09000015258789,22.739999771118164,3969.610107421875,1874.5999755859375,3.553999900817871,103.19000244140625
2023-01-12,18.829999923706055,21.579999923706055,3983.169921875,1895.5,3.4489998817443848,102.25
2023-01-13,18.350000381469727,21.139999389648438,3999.090087890625,1918.4000244140625,3.510999917984009,102.19999694824219
2023-01-17,19.360000610351562,21.450000762939453,3990.969970703125,1907.199951171875,3.5350000858306885,102.38999938964844
2023-01-18,20.34000015258789,22.270000457763672,3928.860107421875,1904.4000244140625,3.375,102.36000061035156
2023-01-19,20.520000457763672,22.450000762939453,3898.85009765625,1922.0999755859375,3.3970000743865967,102.05999755859375
2023-01-20,19.850000381469727,21.719999313354492,3972.610107421875,1926.4000244140625,3.4839999675750732,102.01000213623047
2023-01-23,19.809999465942383,21.600000381469727,4019.81005859375,1927.0999755859375,3.5250000953674316,102.13999938964844
2023-01-24,19.200000762939453,20.90999984741211,4016.949951171875,1933.9000244140625,3.4690001010894775,101.91999816894531
2023-01-25,19.079999923706055,20.940000534057617,4016.219970703125,1941.199951171875,3.4619998931884766,101.63999938964844
2023-01-26,18.729999542236328,20.700000762939453,4060.429931640625,1929.0999755859375,3.493000030517578,101.83999633789062
2023-01-27,18.510000228881836,20.469999313354492,4070.56005859375,1928.5999755859375,3.5179998874664307,101.93000030517578
2023-01-30,19.940000534057617,21.3700008392334,4017.77001953125,1922.9000244140625,3.5510001182556152,102.27999877929688
2023-01-31,19.399999618530273,20.809999465942383,4076.60009765625,1929.5,3.5290000438690186,102.0999984741211
2023-02-01,17.8700008392334,19.969999313354492,4119.2099609375,1927.800048828125,3.3970000743865967,101.22000122070312
2023-02-02,18.729999542236328,20.84000015258789,4179.759765625,1916.300048828125,3.3959999084472656,101.75
2023-02-03,18.329999923706055,20.780000686645508,4136.47998046875,1862.9000244140625,3.5320000648498535,102.91999816894531
2023-02-06,19.43000030517578,21.43000030517578,4111.080078125,1866.199951171875,3.634000062942505,103.62000274658203
2023-02-07,18.65999984741211,20.780000686645508,4164.0,1871.699951171875,3.6740000247955322,103.43000030517578
2023-02-08,19.6299991607666,21.81999969482422,4117.85986328125,1877.4000244140625,3.6530001163482666,103.41000366210938
2023-02-09,20.709999084472656,22.5,4081.5,1866.199951171875,3.683000087738037,103.22000122070312
2023-02-10,20.530000686645508,22.549999237060547,4090.4599609375,1862.800048828125,3.74399995803833,103.62999725341797
2023-02-13,20.34000015258789,21.969999313354492,4137.2900390625,1851.9000244140625,3.7170000076293945,103.3499984741211
2023-02-14,18.90999984741211,21.139999389648438,4136.1298828125,1854.0,3.760999917984009,103.2300033569336
2023-02-15,18.229999542236328,20.68000030517578,4147.60009765625,1834.199951171875,3.809000015258789,103.91999816894531
2023-02-16,20.170000076293945,21.8799991607666,4090.409912109375,1842.0,3.8429999351501465,103.86000061035156
2023-02-17,20.020000457763672,21.770000457763672,4079.090087890625,1840.4000244140625,3.828000068664551,103.86000061035156
2023-02-21,22.8700008392334,23.3799991607666,3997.340087890625,1833.0,3.9549999237060547,104.18000030517578
2023-02-22,22.290000915527344,22.68000030517578,3991.050048828125,1832.0,3.9230000972747803,104.58999633789062
2023-02-23,21.139999389648438,21.739999771118164,4012.320068359375,1818.0,3.878999948501587,104.5999984741211
2023-02-24,21.670000076293945,22.43000030517578,3970.0400390625,1808.800048828125,3.9489998817443848,105.20999908447266
2023-02-27,20.950000762939453,21.59000015258789,3982.239990234375,1817.0,3.921999931335449,104.66999816894531
2023-02-28,20.700000762939453,21.31999969482422,3970.14990234375,1828.9000244140625,3.9159998893737793,104.87000274658203
2023-03-01,20.579999923706055,21.360000610351562,3951.389892578125,1837.699951171875,3.99399995803833,104.4800033569336
2023-03-02,19.59000015258789,20.6299991607666,3981.35009765625,1833.5,4.072999954223633,105.02999877929688
2023-03-03,18.489999771118164,19.979999542236328,4045.639892578125,1847.699951171875,3.9639999866485596,104.5199966430664
2023-03-06,18.610000610351562,19.989999771118164,4048.419921875,1847.9000244140625,3.9830000400543213,104.3499984741211
2023-03-07,19.59000015258789,20.59000015258789,3986.3701171875,1813.9000244140625,3.9749999046325684,105.62000274658203
2023-03-08,19.110000610351562,20.190000534057617,3992.010009765625,1812.699951171875,3.9760000705718994,105.66000366210938
2023-03-09,22.610000610351562,22.8700008392334,3918.320068359375,1829.300048828125,3.924999952316284,105.30999755859375
2023-03-10,24.799999237060547,25.389999389648438,3861.590087890625,1862.0,3.694999933242798,104.58000183105469
2023-03-13,26.520000457763672,26.639999389648438,3855.760009765625,1911.699951171875,3.515000104904175,103.5999984741211
2023-03-14,23.729999542236328,24.8700008392334,3919.2900390625,1906.199951171875,3.638000011444092,103.5999984741211
2023-03-15,26.139999389648438,27.200000762939453,3891.929931640625,1926.5999755859375,3.492000102996826,104.6500015258789
2023-03-16,22.989999771118164,24.559999465942383,3960.280029296875,1919.0,3.5850000381469727,104.41999816894531
2023-03-17,25.510000228881836,27.420000076293945,3916.639892578125,1969.800048828125,3.3949999809265137,103.70999908447266
2023-03-20,24.149999618530273,25.850000381469727,3951.570068359375,1979.199951171875,3.4809999465942383,103.27999877929688
2023-03-21,21.3799991607666,23.56999969482422,4002.8701171875,1938.0,3.6059999465942383,103.26000213623047
2023-03-22,22.260000228881836,24.3799991607666,3936.969970703125,1946.800048828125,3.5,102.3499984741211
2023-03-23,22.610000610351562,24.530000686645508,3948.719970703125,1993.800048828125,3.4059998989105225,102.52999877929688
2023-03-24,21.739999771118164,23.959999084472656,3970.989990234375,1982.0999755859375,3.380000114440918,103.12000274658203
2023-03-27,20.600000381469727,22.8700008392334,3977.530029296875,1952.4000244140625,3.5280001163482666,102.86000061035156
2023-03-28,19.969999313354492,22.3799991607666,3971.27001953125,1972.4000244140625,3.563999891281128,102.43000030517578
2023-03-29,19.1200008392334,21.489999771118164,4027.81005859375,1966.0999755859375,3.565999984741211,102.63999938964844
2023-03-30,19.020000457763672,21.450000762939453,4050.830078125,1980.300048828125,3.5510001182556152,102.13999938964844
2023-03-31,18.700000762939453,21.229999542236328,4109.31005859375,1969.0,3.49399995803833,102.51000213623047
2023-04-03,18.549999237060547,20.829999923706055,4124.509765625,1983.9000244140625,3.430000066757202,102.08999633789062
2023-04-04,19.0,21.34000015258789,4100.60009765625,2022.199951171875,3.3369998931884766,101.58999633789062
2023-04-05,19.079999923706055,21.479999542236328,4090.3798828125,2020.9000244140625,3.2869999408721924,101.8499984741211
2023-04-06,18.399999618530273,21.0,4105.02001953125,2011.9000244140625,3.2880001068115234,101.81999969482422
2023-04-10,18.969999313354492,21.06999969482422,4109.10986328125,1989.0999755859375,3.4149999618530273,102.58000183105469
2023-04-11,19.100000381469727,21.010000228881836,4108.93994140625,2004.800048828125,3.434000015258789,102.19999694824219
2023-04-12,19.09000015258789,21.049999237060547,4091.949951171875,2010.9000244140625,3.4210000038146973,101.5
2023-04-13,17.799999237060547,20.260000228881836,4146.22021484375,2041.300048828125,3.4519999027252197,101.01000213623047
2023-04-14,17.06999969482422,20.030000686645508,4137.64013671875,2002.199951171875,3.5220000743865967,101.55000305175781
2023-04-17,16.950000762939453,19.649999618530273,4151.31982421875,1994.199951171875,3.5910000801086426,102.0999984741211
2023-04-18,16.829999923706055,19.81999969482422,4154.8701171875,2007.4000244140625,3.572000026702881,101.75
2023-04-19,16.459999084472656,20.020000457763672,4154.52001953125,1995.199951171875,3.6019999980926514,101.97000122070312
2023-04-20,17.170000076293945,20.549999237060547,4129.7900390625,2007.5999755859375,3.5450000762939453,101.83999633789062
2023-04-21,16.770000457763672,20.389999389648438,4133.52001953125,1979.5,3.569999933242798,101.81999969482422
2023-04-24,16.889999389648438,20.399999618530273,4137.0400390625,1989.0999755859375,3.515000104904175,101.3499984741211
2023-04-25,18.760000228881836,21.649999618530273,4071.6298828125,1994.0,3.3959999084472656,101.86000061035156
2023-04-26,18.84000015258789,21.540000915527344,4055.989990234375,1985.699951171875,3.431999921798706,101.47000122070312
2023-04-27,17.030000686645508,20.3700008392334,4135.35009765625,1989.9000244140625,3.5280001163482666,101.5
2023-04-28,15.779999732971191,19.540000915527344,4169.47998046875,1990.0999755859375,3.4519999027252197,101.66999816894531
2023-05-01,16.079999923706055,19.670000076293945,4167.8701171875,1983.4000244140625,3.5739998817443848,102.1500015258789
2023-05-02,17.780000686645508,20.75,4119.580078125,2014.300048828125,3.438999891281128,101.95999908447266
2023-05-03,18.34000015258789,21.290000915527344,4090.75,2028.5999755859375,3.4030001163482666,101.33999633789062
2023-05-04,20.09000015258789,22.770000457763672,4061.219970703125,2048.0,3.3510000705718994,101.4000015258789
2023-05-05,17.190000534057617,20.780000686645508,4136.25,2017.4000244140625,3.446000099182129,101.20999908447266
2023-05-08,16.979999542236328,20.709999084472656,4138.1201171875,2026.300048828125,3.5209999084472656,101.37000274658203
2023-05-09,17.709999084472656,21.170000076293945,4119.169921875,2036.199951171875,3.5209999084472656,101.63999938964844
2023-05-10,16.940000534057617,20.690000534057617,4137.64013671875,2030.5,3.438999891281128,101.4800033569336
2023-05-11,16.93000030517578,20.6200008392334,4130.6201171875,2014.699951171875,3.3970000743865967,102.05999755859375
2023-05-12,17.030000686645508,20.65999984741211,4124.080078125,2014.5,3.4630000591278076,102.68000030517578
2023-05-15,17.1200008392334,20.309999465942383,4136.27978515625,2018.0,3.507999897003174,102.43000030517578
2023-05-16,17.989999771118164,20.899999618530273,4109.89990234375,1988.4000244140625,3.5490000247955322,102.55999755859375
2023-05-17,16.8700008392334,20.049999237060547,4158.77001953125,1980.699951171875,3.5810000896453857,102.87999725341797
2023-05-18,16.049999237060547,19.329999923706055,4198.0498046875,1956.5,3.6480000019073486,103.58000183105469
2023-05-19,16.809999465942383,20.040000915527344,4191.97998046875,1978.699951171875,3.691999912261963,103.19999694824219
2023-05-22,17.209999084472656,20.360000610351562,4192.6298828125,1974.800048828125,3.7190001010894775,103.19999694824219
2023-05-23,18.530000686645508,21.059999465942383,4145.580078125,1972.4000244140625,3.697999954223633,103.48999786376953
2023-05-24,20.030000686645508,22.020000457763672,4115.240234375,1962.800048828125,3.7190001010894775,103.88999938964844
2023-05-25,19.139999389648438,21.3799991607666,4151.27978515625,1943.0999755859375,3.813999891281128,104.20999908447266
2023-05-26,17.950000762939453,20.440000534057617,4205.4501953125,1944.0999755859375,3.809999942779541,104.20999908447266
2023-05-30,17.459999084472656,20.1299991607666,4205.52001953125,1958.0,3.700000047683716,104.16999816894531
2023-05-31,17.940000534057617,20.209999084472656,4179.830078125,1963.9000244140625,3.63700008392334,104.31999969482422
2023-06-01,15.649999618530273,18.75,4221.02001953125,1978.0,3.6080000400543213,103.55999755859375
2023-06-02,14.600000381469727,17.920000076293945,4282.3701171875,1952.4000244140625,3.690999984741211,104.0199966430664
2023-06-05,14.729999542236328,17.899999618530273,4273.7900390625,1958.0,3.693000078201294,104.0
2023-06-06,13.960000038146973,17.040000915527344,4283.85009765625,1965.5,3.6989998817443848,104.12999725341797
2023-06-07,13.9399995803833,17.139999389648438,4267.52001953125,1942.699951171875,3.7839999198913574,104.0999984741211
2023-06-08,13.649999618530273,16.860000610351562,4293.93017578125,1963.5999755859375,3.7139999866485596,103.33999633789062
2023-06-09,13.829999923706055,16.959999084472656,4298.85986328125,1962.199951171875,3.744999885559082,103.55999755859375
2023-06-12,15.010000228881836,17.280000686645508,4338.93017578125,1955.300048828125,3.765000104904175,103.62999725341797
2023-06-13,14.609999656677246,17.229999542236328,4369.009765625,1944.5999755859375,3.8389999866485596,103.33999633789062
2023-06-14,13.880000114440918,16.860000610351562,4372.58984375,1955.300048828125,3.7960000038146973,103.01000213623047
2023-06-15,14.5,17.18000030517578,4425.83984375,1957.800048828125,3.7279999256134033,102.12000274658203
2023-06-16,13.539999961853027,16.75,4409.58984375,1958.4000244140625,3.7690000534057617,102.30000305175781
2023-06-20,13.880000114440918,17.299999237060547,4388.7099609375,1935.5,3.7290000915527344,102.54000091552734
2023-06-21,13.199999809265137,16.889999389648438,4365.68994140625,1933.300048828125,3.7230000495910645,102.06999969482422
2023-06-22,12.90999984741211,16.559999465942383,4381.89013671875,1912.699951171875,3.7990000247955322,102.38999938964844
2023-06-23,13.4399995803833,16.8700008392334,4348.330078125,1919.0999755859375,3.739000082015991,102.9000015258789
2023-06-26,14.25,17.049999237060547,4328.81982421875,1923.699951171875,3.7190001010894775,102.69000244140625
2023-06-27,13.739999771118164,16.440000534057617,4378.41015625,1914.0,3.7679998874664307,102.48999786376953
2023-06-28,13.430000305175781,15.899999618530273,4376.85986328125,1912.300048828125,3.7100000381469727,102.91000366210938
2023-06-29,13.539999961853027,16.100000381469727,4396.43994140625,1909.199951171875,3.8540000915527344,103.33999633789062
2023-06-30,13.59000015258789,16.020000457763672,4450.3798828125,1921.0999755859375,3.819000005722046,102.91000366210938
2023-07-03,13.569999694824219,16.06999969482422,4455.58984375,1921.699951171875,3.8580000400543213,102.98999786376953
2023-07-05,14.180000305175781,16.510000228881836,4446.81982421875,1919.5999755859375,3.944999933242798,103.37000274658203
2023-07-06,15.4399995803833,17.520000457763672,4411.58984375,1908.699951171875,4.040999889373779,103.16999816894531
2023-07-07,14.829999923706055,17.239999771118164,4398.9501953125,1926.199951171875,4.050000190734863,102.2699966430664
2023-07-10,15.069999694824219,17.25,4409.52978515625,1925.0,4.00600004196167,101.97000122070312
2023-07-11,14.84000015258789,16.969999313354492,4439.259765625,1931.300048828125,3.9800000190734863,101.7300033569336
2023-07-12,13.539999961853027,16.110000610351562,4472.16015625,1956.199951171875,3.8610000610351562,100.5199966430664
2023-07-13,13.609999656677246,16.1200008392334,4510.0400390625,1959.199951171875,3.760999917984009,99.7699966430664
2023-07-14,13.34000015258789,16.040000915527344,4505.419921875,1960.0999755859375,3.819000005722046,99.91000366210938
2023-07-17,13.479999542236328,16.270000457763672,4522.7900390625,1952.4000244140625,3.796999931335449,99.83999633789062
2023-07-18,13.300000190734863,16.1299991607666,4554.97998046875,1977.199951171875,3.7890000343322754,99.94000244140625
2023-07-19,13.760000228881836,16.559999465942383,4565.72021484375,1977.5,3.742000102996826,100.27999877929688
2023-07-20,13.989999771118164,16.65999984741211,4534.8701171875,1968.300048828125,3.8540000915527344,100.87999725341797
2023-07-21,13.600000381469727,16.399999618530273,4536.33984375,1964.300048828125,3.8369998931884766,101.06999969482422
2023-07-24,13.90999984741211,16.260000228881836,4554.64013671875,1960.300048828125,3.8570001125335693,101.3499984741211
2023-07-25,13.859999656677246,16.219999313354492,4567.4599609375,1962.0999755859375,3.9119999408721924,101.3499984741211
2023-07-26,13.1899995803833,15.789999961853027,4566.75,1968.9000244140625,3.8510000705718994,100.88999938964844
2023-07-27,14.40999984741211,16.6299991607666,4537.41015625,1945.4000244140625,4.01200008392334,101.7699966430664
2023-07-28,13.329999923706055,15.920000076293945,4582.22998046875,1960.4000244140625,3.9690001010894775,101.62000274658203
2023-07-31,13.630000114440918,16.010000228881836,4588.9599609375,1970.5,3.9590001106262207,101.86000061035156
2023-08-01,13.930000305175781,16.34000015258789,4576.72998046875,1940.699951171875,4.051000118255615,102.30000305175781
2023-08-02,16.09000015258789,17.959999084472656,4513.39013671875,1937.4000244140625,4.078000068664551,102.58999633789062
2023-08-03,15.920000076293945,17.719999313354492,4501.89013671875,1932.0,4.189000129699707,102.54000091552734
2023-08-04,17.100000381469727,18.610000610351562,4478.02978515625,1939.5999755859375,4.059999942779541,102.0199966430664
2023-08-07,15.770000457763672,17.719999313354492,4518.43994140625,1933.5,4.078000068664551,102.05000305175781
2023-08-08,15.989999771118164,18.1299991607666,4499.3798828125,1924.0999755859375,4.026000022888184,102.52999877929688
2023-08-09,15.960000038146973,18.049999237060547,4467.7099609375,1915.4000244140625,4.01200008392334,102.48999786376953
2023-08-10,15.850000381469727,18.15999984741211,4468.830078125,1914.4000244140625,4.079999923706055,102.5199966430664
2023-08-11,14.84000015258789,17.559999465942383,4464.0498046875,1912.9000244140625,4.168000221252441,102.83999633789062
2023-08-14,14.819999694824219,17.40999984741211,4489.72021484375,1910.5999755859375,4.184000015258789,103.19000244140625
2023-08-15,16.459999084472656,18.59000015258789,4437.85986328125,1902.5,4.2210001945495605,103.20999908447266
2023-08-16,16.780000686645508,18.969999313354492,4404.330078125,1896.0999755859375,4.257999897003174,103.41999816894531
2023-08-17,17.889999389648438,19.829999923706055,4370.35986328125,1884.0999755859375,4.308000087738037,103.44000244140625
2023-08-18,17.299999237060547,19.239999771118164,4369.7099609375,1886.0999755859375,4.250999927520752,103.37999725341797
2023-08-21,17.1299991607666,18.770000457763672,4399.77001953125,1893.300048828125,4.3420000076293945,103.33000183105469
2023-08-22,16.969999313354492,18.719999313354492,4387.5498046875,1896.4000244140625,4.328000068664551,103.55999755859375
2023-08-23,15.979999542236328,17.940000534057617,4436.009765625,1918.5,4.197999954223633,103.36000061035156
2023-08-24,17.200000762939453,18.75,4376.31005859375,1918.199951171875,4.235000133514404,103.9800033569336
2023-08-25,15.680000305175781,17.719999313354492,4405.7099609375,1911.0999755859375,4.238999843597412,104.08000183105469
2023-08-28,15.079999923706055,17.1200008392334,4433.31005859375,1917.9000244140625,4.211999893188477,104.05999755859375
2023-08-29,14.449999809265137,16.559999465942383,4497.6298828125,1936.5,4.122000217437744,103.55000305175781
2023-08-30,13.880000114440918,16.18000030517578,4514.8701171875,1944.300048828125,4.118000030517578,103.16000366210938
2023-08-31,13.569999694824219,15.920000076293945,4507.66015625,1938.199951171875,4.0929999351501465,103.62000274658203
2023-09-01,13.09000015258789,15.739999771118164,4515.77001953125,1939.800048828125,4.172999858856201,104.23999786376953
2023-09-05,14.010000228881836,16.239999771118164,4496.830078125,1926.199951171875,4.26800012588501,104.80999755859375
2023-09-06,14.449999809265137,16.610000610351562,4465.47998046875,1918.0999755859375,4.289999961853027,104.86000061035156
2023-09-07,14.399999618530273,16.579999923706055,4451.14013671875,1917.5,4.260000228881836,105.05999755859375
2023-09-08,13.84000015258789,16.139999389648438,4457.490234375,1918.4000244140625,4.257999897003174,105.08999633789062
2023-09-11,13.800000190734863,16.020000457763672,4487.4599609375,1923.300048828125,4.288000106811523,104.56999969482422
2023-09-12,14.229999542236328,16.25,4461.89990234375,1911.300048828125,4.263999938964844,104.70999908447266
2023-09-13,13.479999542236328,15.920000076293945,4467.43994140625,1909.0999755859375,4.249000072479248,104.7699966430664
2023-09-14,12.819999694824219,15.34000015258789,4505.10009765625,1910.0,4.288000106811523,105.41000366210938
2023-09-15,13.789999961853027,16.020000457763672,4450.31982421875,1923.699951171875,4.322000026702881,105.31999969482422
2023-09-18,14.0,16.1299991607666,4453.52978515625,1931.5,4.318999767303467,105.19999694824219
2023-09-19,14.109999656677246,16.1299991607666,4443.9501953125,1932.0,4.364999771118164,105.19999694824219
2023-09-20,15.140000343322754,16.809999465942383,4402.2001953125,1945.5999755859375,4.348999977111816,105.16000366210938
2023-09-21,17.540000915527344,18.239999771118164,4330.0,1919.199951171875,4.480000019073486,105.36000061035156
2023-09-22,17.200000762939453,18.09000015258789,4320.06005859375,1925.4000244140625,4.438000202178955,105.58000183105469
2023-09-25,16.899999618530273,18.020000457763672,4337.43994140625,1916.5999755859375,4.541999816894531,106.0
2023-09-26,18.940000534057617,19.719999313354492,4273.52978515625,1900.4000244140625,4.558000087738037,106.2300033569336
2023-09-27,18.219999313354492,19.110000610351562,4274.509765625,1871.5999755859375,4.625999927520752,106.66999816894531
2023-09-28,17.34000015258789,18.3799991607666,4299.7001953125,1860.4000244140625,4.5970001220703125,106.22000122070312
2023-09-29,17.520000457763672,18.510000228881836,4288.0498046875,1848.0999755859375,4.572999954223633,106.16999816894531
2023-10-02,17.610000610351562,18.6200008392334,4288.39013671875,1830.0,4.683000087738037,106.9000015258789
2023-10-03,19.780000686645508,20.40999984741211,4229.4501953125,1824.5999755859375,4.802000045776367,107.0
2023-10-04,18.579999923706055,19.520000457763672,4263.75,1818.5,4.735000133514404,106.80000305175781
2023-10-05,18.489999771118164,19.5,4258.18994140625,1816.5999755859375,4.7170000076293945,106.33000183105469
2023-10-06,17.450000762939453,18.729999542236328,4308.5,1830.199951171875,4.783999919891357,106.04000091552734
2023-10-09,17.700000762939453,18.809999465942383,4335.66015625,1849.5,4.796999931335449,106.08000183105469
2023-10-10,17.030000686645508,18.270000457763672,4358.240234375,1861.0,4.65500020980835,105.83000183105469
2023-10-11,16.09000015258789,17.6299991607666,4376.9501953125,1872.800048828125,4.59499979019165,105.81999969482422
2023-10-12,16.690000534057617,18.09000015258789,4349.60986328125,1869.300048828125,4.711999893188477,106.56999969482422
2023-10-13,19.31999969482422,20.56999969482422,4327.77978515625,1927.4000244140625,4.629000186920166,106.6500015258789
2023-10-16,17.209999084472656,18.790000915527344,4373.6298828125,1921.0999755859375,4.711999893188477,106.23999786376953
2023-10-17,17.8799991607666,19.260000228881836,4373.2001953125,1922.699951171875,4.8470001220703125,106.25
2023-10-18,19.219999313354492,20.469999313354492,4314.60009765625,1955.300048828125,4.9039998054504395,106.56999969482422
2023-10-19,21.399999618530273,22.190000534057617,4278.0,1968.4000244140625,4.98799991607666,106.25
2023-10-20,21.709999084472656,22.440000534057617,4224.16015625,1982.5,4.923999786376953,106.16000366210938
2023-10-23,20.3700008392334,21.329999923706055,4217.0400390625,1976.300048828125,4.8379998207092285,105.54000091552734
2023-10-24,18.969999313354492,20.209999084472656,4247.68017578125,1975.0,4.840000152587891,106.2699966430664
2023-10-25,20.190000534057617,21.329999923706055,4186.77001953125,1984.0999755859375,4.953000068664551,106.52999877929688
2023-10-26,20.68000030517578,21.56999969482422,4137.22998046875,1987.199951171875,4.84499979019165,106.5999984741211
2023-10-27,21.270000457763672,22.270000457763672,4117.3701171875,1988.5999755859375,4.84499979019165,106.55999755859375
2023-10-30,19.75,20.799999237060547,4166.81982421875,1996.199951171875,4.875,106.12000274658203
2023-10-31,18.139999389648438,19.489999771118164,4193.7998046875,1985.199951171875,4.875,106.66000366210938
2023-11-01,16.8700008392334,18.549999237060547,4237.85986328125,1978.800048828125,4.789000034332275,106.87999725341797
2023-11-02,15.65999984741211,17.799999237060547,4317.77978515625,1985.5999755859375,4.669000148773193,106.12000274658203
2023-11-03,14.90999984741211,17.219999313354492,4358.33984375,1991.5,4.558000087738037,105.0199966430664
2023-11-06,14.890000343322754,17.030000686645508,4365.97998046875,1981.5999755859375,4.6620001792907715,105.22000122070312
2023-11-07,14.8100004196167,16.920000076293945,4378.3798828125,1966.800048828125,4.571000099182129,105.54000091552734
2023-11-08,14.449999809265137,16.639999389648438,4382.77978515625,1951.5,4.5229997634887695,105.58999633789062
2023-11-09,15.289999961853027,17.299999237060547,4347.35009765625,1964.199951171875,4.630000114440918,105.91000366210938
2023-11-10,14.170000076293945,16.520000457763672,4415.240234375,1932.5999755859375,4.627999782562256,105.86000061035156
2023-11-13,14.760000228881836,16.610000610351562,4411.5498046875,1945.5,4.631999969482422,105.66000366210938
2023-11-14,14.15999984741211,16.290000915527344,4495.7001953125,1961.800048828125,4.440999984741211,104.11000061035156
2023-11-15,14.180000305175781,16.280000686645508,4502.8798828125,1960.0999755859375,4.534999847412109,104.38999938964844
2023-11-16,14.319999694824219,16.139999389648438,4508.240234375,1983.9000244140625,4.445000171661377,104.37000274658203
2023-11-17,13.800000190734863,15.850000381469727,4514.02001953125,1981.5999755859375,4.440999984741211,103.81999969482422
2023-11-20,13.40999984741211,15.6899995803833,4547.3798828125,1977.699951171875,4.421999931335449,103.47000122070312
2023-11-21,13.350000381469727,15.5,4538.18994140625,1999.300048828125,4.418000221252441,103.58999633789062
2023-11-22,12.850000381469727,15.479999542236328,4556.6201171875,1991.4000244140625,4.415999889373779,103.91999816894531
2023-11-24,12.460000038146973,15.119999885559082,4559.33984375,2002.199951171875,4.4720001220703125,103.4000015258789
2023-11-27,12.6899995803833,15.34000015258789,4550.43017578125,2011.800048828125,4.388999938964844,103.19999694824219
2023-11-28,12.6899995803833,15.239999771118164,4554.89013671875,2039.699951171875,4.335999965667725,102.75
2023-11-29,12.979999542236328,15.510000228881836,4550.580078125,2047.0999755859375,4.270999908447266,102.7699966430664
2023-11-30,12.920000076293945,15.4399995803833,4567.7998046875,2038.0999755859375,4.3520002365112305,103.5
2023-12-01,12.630000114440918,15.359999656677246,4594.6298828125,2071.0,4.22599983215332,103.2699966430664
2023-12-04,13.079999923706055,15.680000305175781,4569.77978515625,2024.0999755859375,4.288000106811523,103.63999938964844
2023-12-05,12.850000381469727,15.569999694824219,4567.18017578125,2018.5,4.171000003814697,104.05000305175781
2023-12-06,12.970000267028809,15.739999771118164,4549.33984375,2030.5,4.120999813079834,104.1500015258789
2023-12-07,13.0600004196167,15.649999618530273,4585.58984375,2029.9000244140625,4.129000186920166,103.54000091552734
2023-12-08,12.350000381469727,15.15999984741211,4604.3701171875,1998.300048828125,4.244999885559082,104.01000213623047
2023-12-11,12.630000114440918,15.1899995803833,4622.43994140625,1978.0,4.238999843597412,104.0999984741211
2023-12-12,12.069999694824219,14.829999923706055,4643.7001953125,1977.800048828125,4.205999851226807,103.87000274658203
2023-12-13,12.1899995803833,14.65999984741211,4707.08984375,1982.300048828125,4.0329999923706055,102.87000274658203
2023-12-14,12.479999542236328,14.789999961853027,4719.5498046875,2030.199951171875,3.930000066757202,101.95999908447266
2023-12-15,12.279999732971191,15.130000114440918,4719.18994140625,2021.0999755859375,3.927999973297119,102.55000305175781
2023-12-18,12.5600004196167,15.470000267028809,4740.56005859375,2026.300048828125,3.9539999961853027,102.51000213623047
2023-12-19,12.529999732971191,15.640000343322754,4768.3701171875,2038.4000244140625,3.921999931335449,102.16999816894531
2023-12-20,13.670000076293945,16.579999923706055,4698.35009765625,2034.5,3.877000093460083,102.41000366210938
2023-12-21,13.649999618530273,16.299999237060547,4746.75,2039.0999755859375,3.8940000534057617,101.83999633789062
2023-12-22,13.029999732971191,15.989999771118164,4754.6298828125,2057.10009765625,3.9010000228881836,101.69999694824219
2023-12-26,12.989999771118164,15.880000114440918,4774.75,2058.199951171875,3.885999917984009,101.47000122070312
2023-12-27,12.430000305175781,15.270000457763672,4781.580078125,2081.89990234375,3.7890000343322754,100.98999786376953
2023-12-28,12.470000267028809,15.229999542236328,4783.35009765625,2073.89990234375,3.8499999046325684,101.2300033569336
2023-12-29,12.449999809265137,15.260000228881836,4769.830078125,2062.39990234375,3.865999937057495,101.33000183105469
2024-01-02,13.199999809265137,15.479999542236328,4742.830078125,2064.39990234375,3.946000099182129,102.19999694824219
2024-01-03,14.039999961853027,16.040000915527344,4704.81005859375,2034.199951171875,3.9070000648498535,102.45999908447266
2024-01-04,14.130000114440918,16.040000915527344,4688.68017578125,2042.300048828125,3.990999937057495,102.41999816894531
2024-01-05,13.350000381469727,15.510000228881836,4697.240234375,2042.4000244140625,4.041999816894531,102.41000366210938
2024-01-08,13.079999923706055,15.140000343322754,4763.5400390625,2026.5999755859375,4.001999855041504,102.20999908447266
2024-01-09,12.760000228881836,14.899999618530273,4756.5,2026.4000244140625,4.019000053405762,102.56999969482422
2024-01-10,12.6899995803833,14.729999542236328,4783.4501953125,2021.699951171875,4.03000020980835,102.36000061035156
2024-01-11,12.4399995803833,14.5600004196167,4780.240234375,2014.300048828125,3.9769999980926514,102.29000091552734
2024-01-12,12.699999809265137,14.9399995803833,4783.830078125,2046.699951171875,3.950000047683716,102.4000015258789
2024-01-16,13.84000015258789,15.739999771118164,4765.97998046875,2026.0,4.065999984741211,103.36000061035156
2024-01-17,14.789999961853027,16.3799991607666,4739.2099609375,2002.5999755859375,4.105999946594238,103.44999694824219
2024-01-18,14.130000114440918,15.84000015258789,4780.93994140625,2018.5999755859375,4.144000053405762,103.54000091552734
2024-01-19,13.300000190734863,15.260000228881836,4839.81005859375,2026.5,4.145999908447266,103.29000091552734
2024-01-22,13.1899995803833,14.970000267028809,4850.43017578125,2019.800048828125,4.093999862670898,103.33000183105469
2024-01-23,12.550000190734863,14.520000457763672,4864.60009765625,2023.699951171875,4.142000198364258,103.62000274658203
2024-01-24,13.140000343322754,14.970000267028809,4868.5498046875,2013.9000244140625,4.177999973297119,103.23999786376953
2024-01-25,13.449999809265137,15.100000381469727,4894.16015625,2016.9000244140625,4.131999969482422,103.56999969482422
2024-01-26,13.260000228881836,15.029999732971191,4890.97021484375,2016.800048828125,4.159999847412109,103.47000122070312
2024-01-29,13.600000381469727,15.220000267028809,4927.93017578125,2025.199951171875,4.091000080108643,103.61000061035156
2024-01-30,13.3100004196167,15.140000343322754,4924.97021484375,2031.5,4.059000015258789,103.4000015258789
2024-01-31,14.350000381469727,15.960000038146973,4845.64990234375,2048.39990234375,3.9670000076293945,103.2699966430664
2024-02-01,13.880000114440918,15.5,4906.18994140625,2053.0,3.86299991607666,103.05000305175781
2024-02-02,13.850000381469727,15.609999656677246,4958.60986328125,2036.0999755859375,4.0329999923706055,103.91999816894531
2024-02-05,13.670000076293945,15.329999923706055,4942.81005859375,2025.699951171875,4.164000034332275,104.44999694824219
2024-02-06,13.0600004196167,14.989999771118164,4954.22998046875,2034.5,4.090000152587891,104.18000030517578
2024-02-07,12.829999923706055,14.850000381469727,4995.06005859375,2035.199951171875,4.110000133514404,104.04000091552734
2024-02-08,12.789999961853027,14.930000305175781,4997.91015625,2032.199951171875,4.170000076293945,104.1500015258789
2024-02-09,12.930000305175781,15.079999923706055,5026.60986328125,2023.300048828125,4.186999797821045,104.08000183105469
2024-02-12,13.930000305175781,15.670000076293945,5021.83984375,2018.199951171875,4.171999931335449,104.16999816894531
2024-02-13,15.850000381469727,16.81999969482422,4953.169921875,1992.9000244140625,4.315999984741211,104.95999908447266
2024-02-14,14.380000114440918,15.930000305175781,5000.6201171875,1990.300048828125,4.267000198364258,104.72000122070312
2024-02-15,14.010000228881836,15.760000228881836,5029.72998046875,2002.0999755859375,4.239999771118164,104.30000305175781
2024-02-16,14.239999771118164,15.859999656677246,5005.56982421875,2011.5,4.295000076293945,104.27999877929688
2024-02-20,15.420000076293945,16.40999984741211,4975.509765625,2027.5,4.275000095367432,104.08000183105469
2024-02-21,15.34000015258789,16.229999542236328,4981.7998046875,2022.300048828125,4.324999809265137,104.01000213623047
2024-02-22,14.539999961853027,15.770000457763672,5087.02978515625,2019.699951171875,4.327000141143799,103.95999908447266
2024-02-23,13.75,15.25,5088.7998046875,2038.5999755859375,4.260000228881836,103.94000244140625
2024-02-26,13.739999771118164,15.220000267028809,5069.52978515625,2028.5,4.298999786376953,103.83000183105469
2024-02-27,13.430000305175781,14.890000343322754,5078.18017578125,2034.0,4.315000057220459,103.83000183105469
2024-02-28,13.84000015258789,15.220000267028809,5069.759765625,2033.0,4.27400016784668,103.9800033569336
2024-02-29,13.399999618530273,14.930000305175781,5096.27001953125,2045.699951171875,4.251999855041504,104.16000366210938
2024-03-01,13.109999656677246,14.930000305175781,5137.080078125,2086.89990234375,4.179999828338623,103.86000061035156
2024-03-04,13.489999771118164,15.229999542236328,5130.9501953125,2117.699951171875,4.218999862670898,103.83000183105469
2024-03-05,14.460000038146973,15.90999984741211,5078.64990234375,2133.5,4.13700008392334,103.80000305175781
2024-03-06,14.5,15.970000267028809,5104.759765625,2150.300048828125,4.104000091552734,103.37000274658203
2024-03-07,14.4399995803833,15.90999984741211,5157.35986328125,2158.0,4.0920000076293945,102.81999969482422
2024-03-08,14.739999771118164,16.299999237060547,5123.68994140625,2178.60009765625,4.089000225067139,102.73999786376953
2024-03-11,15.220000267028809,16.459999084472656,5117.93994140625,2182.5,4.104000091552734,102.87000274658203
2024-03-12,13.84000015258789,15.65999984741211,5175.27001953125,2160.39990234375,4.15500020980835,102.95999908447266
2024-03-13,13.75,15.600000381469727,5165.31005859375,2175.39990234375,4.191999912261963,102.79000091552734
2024-03-14,14.399999618530273,16.1200008392334,5150.47998046875,2163.0,4.297999858856201,103.36000061035156
2024-03-15,14.40999984741211,16.40999984741211,5117.08984375,2157.300048828125,4.303999900817871,103.43000030517578
2024-03-18,14.329999923706055,16.219999313354492,5149.419921875,2160.699951171875,4.340000152587891,103.58000183105469
2024-03-19,13.819999694824219,15.770000457763672,5178.509765625,2156.300048828125,4.296999931335449,103.80999755859375
2024-03-20,13.039999961853027,15.279999732971191,5224.6201171875,2157.89990234375,4.2729997634887695,103.41000366210938
2024-03-21,12.920000076293945,15.180000305175781,5241.52978515625,2182.39990234375,4.270999908447266,104.0
2024-03-22,13.0600004196167,15.300000190734863,5234.18017578125,2158.10009765625,4.2179999351501465,104.43000030517578
2024-03-25,13.1899995803833,15.380000114440918,5218.18994140625,2174.800048828125,4.252999782562256,104.2300033569336
2024-03-26,13.239999771118164,15.289999961853027,5203.580078125,2175.60009765625,4.234000205993652,104.29000091552734
2024-03-27,12.779999732971191,15.010000228881836,5248.490234375,2190.60009765625,4.196000099182129,104.3499984741211
2024-03-28,13.010000228881836,15.1899995803833,5254.35009765625,2217.39990234375,4.205999851226807,104.55000305175781
2024-04-01,13.649999618530273,15.520000457763672,5243.77001953125,2236.5,4.328999996185303,105.0199966430664
2024-04-02,14.609999656677246,16.09000015258789,5205.81005859375,2261.0,4.364999771118164,104.81999969482422
2024-04-03,14.329999923706055,15.90999984741211,5211.490234375,2294.39990234375,4.355000019073486,104.25
2024-04-04,16.350000381469727,17.15999984741211,5147.2099609375,2288.800048828125,4.309000015258789,104.12000274658203
2024-04-05,16.030000686645508,17.18000030517578,5204.33984375,2325.699951171875,4.377999782562256,104.30000305175781
2024-04-08,15.1899995803833,16.559999465942383,5202.39013671875,2331.699951171875,4.423999786376953,104.13999938964844
2024-04-09,14.979999542236328,16.420000076293945,5209.91015625,2343.5,4.366000175476074,104.1500015258789
2024-04-10,15.800000190734863,17.040000915527344,5160.64013671875,2329.60009765625,4.559999942779541,105.25
2024-04-11,14.90999984741211,16.489999771118164,5199.06005859375,2354.800048828125,4.576000213623047,105.27999877929688
2024-04-12,17.309999465942383,18.200000762939453,5123.41015625,2356.199951171875,4.499000072479248,106.04000091552734
2024-04-15,19.229999542236328,19.549999237060547,5061.81982421875,2365.800048828125,4.627999782562256,106.20999908447266
2024-04-16,18.399999618530273,18.84000015258789,5051.41015625,2390.800048828125,4.658999919891357,106.26000213623047
2024-04-17,18.209999084472656,18.770000457763672,5022.2099609375,2371.699951171875,4.585000038146973,105.94999694824219
2024-04-18,18.0,18.65999984741211,5011.1201171875,2382.300048828125,4.646999835968018,106.1500015258789
2024-04-19,18.709999084472656,19.25,4967.22998046875,2398.39990234375,4.614999771118164,106.1500015258789
2024-04-22,16.940000534057617,17.6299991607666,5010.60009765625,2332.199951171875,4.623000144958496,106.08000183105469
2024-04-23,15.6899995803833,16.68000030517578,5070.5498046875,2327.699951171875,4.5980000495910645,105.69000244140625
2024-04-24,15.970000267028809,16.84000015258789,5071.6298828125,2324.5,4.6519999504089355,105.86000061035156
2024-04-25,15.369999885559082,16.3700008392334,5048.419921875,2329.800048828125,4.705999851226807,105.5999984741211
2024-04-26,15.029999732971191,16.270000457763672,5099.9599609375,2334.800048828125,4.669000148773193,105.94000244140625
2024-04-29,14.670000076293945,16.0,5116.169921875,2345.39990234375,4.613999843597412,105.58000183105469
2024-04-30,15.649999618530273,16.59000015258789,5035.68994140625,2291.39990234375,4.685999870300293,106.22000122070312
2024-05-01,15.390000343322754,16.56999969482422,5018.39013671875,2299.89990234375,4.59499979019165,105.76000213623047
2024-05-02,14.680000305175781,16.049999237060547,5064.2001953125,2299.199951171875,4.571000099182129,105.30000305175781
2024-05-03,13.489999771118164,15.270000457763672,5127.7900390625,2299.0,4.5,105.02999877929688
2024-05-06,13.489999771118164,15.020000457763672,5180.740234375,2321.60009765625,4.488999843597412,105.05000305175781
2024-05-07,13.229999542236328,14.949999809265137,5187.7001953125,2315.199951171875,4.4629998207092285,105.41000366210938
2024-05-08,13.0,14.899999618530273,5187.669921875,2313.60009765625,4.492000102996826,105.55000305175781
2024-05-09,12.6899995803833,14.710000038146973,5214.080078125,2332.10009765625,4.448999881744385,105.2300033569336
2024-05-10,12.550000190734863,14.65999984741211,5222.68017578125,2367.300048828125,4.504000186920166,105.30999755859375
2024-05-13,13.600000381469727,14.890000343322754,5221.419921875,2336.10009765625,4.480999946594238,105.22000122070312
2024-05-14,13.420000076293945,14.699999809265137,5246.68017578125,2353.39990234375,4.445000171661377,105.01000213623047
2024-05-15,12.449999809265137,14.079999923706055,5308.14990234375,2388.699951171875,4.355999946594238,104.3499984741211
2024-05-16,12.420000076293945,14.220000267028809,5297.10009765625,2380.0,4.376999855041504,104.45999908447266
2024-05-17,11.989999771118164,13.989999771118164,5303.27001953125,2412.199951171875,4.420000076293945,104.44999694824219
2024-05-20,12.149999618530273,14.109999656677246,5308.1298828125,2433.89990234375,4.436999797821045,104.56999969482422
2024-05-21,11.859999656677246,13.949999809265137,5321.41015625,2421.699951171875,4.414000034332275,104.66000366210938
2024-05-22,12.289999961853027,14.3100004196167,5307.009765625,2389.199951171875,4.434000015258789,104.94000244140625
2024-05-23,12.770000457763672,14.670000076293945,5267.83984375,2335.0,4.474999904632568,105.11000061035156
2024-05-24,11.930000305175781,14.170000076293945,5304.72021484375,2332.5,4.4670000076293945,104.72000122070312
2024-05-28,12.920000076293945,14.720000267028809,5306.0400390625,2355.199951171875,4.541999816894531,104.61000061035156
2024-05-29,14.279999732971191,15.449999809265137,5266.9501953125,2340.300048828125,4.624000072479248,105.0999984741211
2024-05-30,14.470000267028809,15.59000015258789,5235.47998046875,2342.89990234375,4.553999900817871,104.72000122070312
2024-05-31,12.920000076293945,14.65999984741211,5277.509765625,2322.89990234375,4.513999938964844,104.66999816894531
2024-06-03,13.109999656677246,14.800000190734863,5283.39990234375,2346.60009765625,4.4019999504089355,104.13999938964844
2024-06-04,13.15999984741211,14.880000114440918,5291.33984375,2325.5,4.335999965667725,104.11000061035156
2024-06-05,12.630000114440918,14.539999961853027,5354.02978515625,2354.10009765625,4.289000034332275,104.2699966430664
2024-06-06,12.579999923706055,14.539999961853027,5352.9599609375,2370.300048828125,4.281000137329102,104.0999984741211
2024-06-07,12.220000267028809,14.40999984741211,5346.990234375,2305.199951171875,4.429999828338623,104.88999938964844
2024-06-10,12.739999771118164,14.600000381469727,5360.7900390625,2307.699951171875,4.468999862670898,105.1500015258789
2024-06-11,12.850000381469727,14.489999771118164,5375.31982421875,2307.5,4.4039998054504395,105.2300033569336
2024-06-12,12.039999961853027,14.119999885559082,5421.02978515625,2336.0,4.295000076293945,104.6500015258789
2024-06-13,11.9399995803833,14.170000076293945,5433.740234375,2300.199951171875,4.23799991607666,105.19999694824219
2024-06-14,12.65999984741211,14.84000015258789,5431.60009765625,2331.39990234375,4.2129998207092285,105.55000305175781
2024-06-17,12.75,14.789999961853027,5473.22998046875,2312.39990234375,4.2789998054504395,105.31999969482422
2024-06-18,12.300000190734863,14.6899995803833,5487.02978515625,2330.39990234375,4.2170000076293945,105.26000213623047
2024-06-20,13.279999732971191,15.40999984741211,5473.169921875,2353.800048828125,4.254000186920166,105.58999633789062
2024-06-21,13.199999809265137,15.170000076293945,5464.6201171875,2316.39990234375,4.256999969482422,105.80000305175781
2024-06-24,13.329999923706055,15.229999542236328,5447.8701171875,2330.0,4.248000144958496,105.47000122070312
2024-06-25,12.84000015258789,14.859999656677246,5469.2998046875,2316.60009765625,4.23799991607666,105.61000061035156
2024-06-26,12.550000190734863,14.710000038146973,5477.89990234375,2299.199951171875,4.315999984741211,106.05000305175781
2024-06-27,12.239999771118164,14.420000076293945,5482.8701171875,2324.5,4.288000106811523,105.91000366210938
2024-06-28,12.4399995803833,14.520000457763672,5460.47998046875,2327.699951171875,4.3429999351501465,105.87000274658203
2024-07-01,12.220000267028809,14.1899995803833,5475.08984375,2327.60009765625,4.479000091552734,105.9000015258789
2024-07-02,12.029999732971191,14.010000228881836,5509.009765625,2323.0,4.435999870300293,105.72000122070312
2024-07-03,12.09000015258789,14.020000457763672,5537.02001953125,2359.800048828125,4.355000019073486,105.4000015258789
2024-07-05,12.479999542236328,14.350000381469727,5567.18994140625,2388.5,4.271999835968018,104.87999725341797
2024-07-08,12.369999885559082,14.289999961853027,5572.85009765625,2355.199951171875,4.269000053405762,105.01000213623047
2024-07-09,12.510000228881836,14.390000343322754,5576.97998046875,2360.10009765625,4.300000190734863,105.12000274658203
2024-07-10,12.850000381469727,14.5,5633.91015625,2372.199951171875,4.28000020980835,105.05000305175781
2024-07-11,12.920000076293945,14.670000076293945,5584.5400390625,2415.0,4.192999839782715,104.44000244140625
2024-07-12,12.460000038146973,14.369999885559082,5615.35009765625,2414.0,4.189000129699707,104.08999633789062
2024-07-15,13.119999885559082,14.869999885559082,5631.22021484375,2422.89990234375,4.229000091552734,104.19000244140625
2024-07-16,13.1899995803833,14.90999984741211,5667.2001953125,2462.39990234375,4.166999816894531,104.2699966430664
2024-07-17,14.479999542236328,15.789999961853027,5588.27001953125,2454.800048828125,4.145999908447266,103.75
2024-07-18,15.930000305175781,16.559999465942383,5544.58984375,2451.800048828125,4.189000129699707,104.16999816894531
2024-07-19,16.520000457763672,17.15999984741211,5505.0,2395.5,4.238999843597412,104.4000015258789
2024-07-22,14.90999984741211,16.09000015258789,5564.41015625,2392.0,4.260000228881836,104.30999755859375
2024-07-23,14.720000267028809,16.010000228881836,5555.740234375,2404.60009765625,4.238999843597412,104.44999694824219
2024-07-24,18.040000915527344,18.43000030517578,5427.1298828125,2413.300048828125,4.285999774932861,104.38999938964844
2024-07-25,18.459999084472656,18.690000534057617,5399.22021484375,2351.89990234375,4.25600004196167,104.36000061035156
2024-07-26,16.389999389648438,17.239999771118164,5459.10009765625,2380.0,4.199999809265137,104.31999969482422
2024-07-29,16.600000381469727,17.15999984741211,5463.5400390625,2377.300048828125,4.177999973297119,104.55999755859375
2024-07-30,17.690000534057617,18.010000228881836,5436.43994140625,2405.0,4.14300012588501,104.55000305175781
2024-07-31,16.360000610351562,16.969999313354492,5522.2998046875,2426.5,4.109000205993652,104.0999984741211
2024-08-01,18.59000015258789,19.139999389648438,5446.68017578125,2435.0,3.9760000705718994,104.41999816894531
2024-08-02,23.389999389648438,23.34000015258789,5346.56005859375,2425.699951171875,3.7920000553131104,103.20999908447266
2024-08-05,38.56999969482422,33.709999084472656,5186.330078125,2401.699951171875,3.7850000858306885,102.69000244140625
2024-08-06,27.709999084472656,26.760000228881836,5240.02978515625,2389.10009765625,3.888000011444092,102.97000122070312
2024-08-07,27.850000381469727,27.010000228881836,5199.5,2390.5,3.9679999351501465,103.19999694824219
2024-08-08,23.790000915527344,24.1299991607666,5319.31005859375,2422.199951171875,3.996999979019165,103.20999908447266
2024-08-09,20.3700008392334,21.18000030517578,5344.16015625,2432.10009765625,3.941999912261963,103.13999938964844
2024-08-12,20.709999084472656,21.6299991607666,5344.39013671875,2462.39990234375,3.9089999198913574,103.13999938964844
2024-08-13,18.1200008392334,19.860000610351562,5434.43017578125,2466.699951171875,3.8519999980926514,102.55999755859375
2024-08-14,16.190000534057617,18.450000762939453,5455.2099609375,2439.39990234375,3.819999933242798,102.56999969482422
2024-08-15,15.229999542236328,17.8799991607666,5543.22021484375,2453.10009765625,3.9260001182556152,102.9800033569336
2024-08-16,14.800000190734863,17.809999465942383,5554.25,2498.60009765625,3.8919999599456787,102.45999908447266
2024-08-19,14.649999618530273,17.59000015258789,5608.25,2501.800048828125,3.867000102996826,101.88999938964844
2024-08-20,15.880000114440918,18.280000686645508,5597.1201171875,2511.300048828125,3.818000078201294,101.44000244140625
2024-08-21,16.270000457763672,18.579999923706055,5620.85009765625,2508.39990234375,3.7780001163482666,101.04000091552734
2024-08-22,17.549999237060547,19.360000610351562,5570.64013671875,2478.89990234375,3.861999988555908,101.51000213623047
2024-08-23,15.859999656677246,18.190000534057617,5634.60986328125,2508.39990234375,3.806999921798706,100.72000122070312
2024-08-26,16.149999618530273,18.25,5616.83984375,2517.699951171875,3.818000078201294,100.8499984741211
2024-08-27,15.430000305175781,17.729999542236328,5625.7998046875,2516.0,3.8329999446868896,100.55000305175781
2024-08-28,17.110000610351562,18.899999618530273,5592.18017578125,2501.0,3.8410000801086426,101.08999633789062
2024-08-29,15.649999618530273,18.0,5591.9599609375,2525.699951171875,3.867000102996826,101.33999633789062
2024-08-30,15.0,17.43000030517578,5648.39990234375,2493.800048828125,3.9110000133514404,101.69999694824219
2024-09-03,20.719999313354492,21.700000762939453,5528.93017578125,2489.89990234375,3.8440001010894775,101.83000183105469
2024-09-04,21.31999969482422,22.06999969482422,5520.06982421875,2493.39990234375,3.7679998874664307,101.36000061035156
2024-09-05,19.899999618530273,20.93000030517578,5503.41015625,2511.39990234375,3.7309999465942383,101.11000061035156
2024-09-06,22.3799991607666,22.739999771118164,5408.419921875,2493.5,3.7100000381469727,101.18000030517578
2024-09-09,19.450000762939453,20.8799991607666,5471.0498046875,2501.800048828125,3.697000026702881,101.55000305175781
2024-09-10,19.079999923706055,20.549999237060547,5495.52001953125,2512.300048828125,3.6459999084472656,101.62999725341797
2024-09-11,17.690000534057617,19.59000015258789,5554.1298828125,2512.10009765625,3.6530001163482666,101.68000030517578
2024-09-12,17.06999969482422,19.479999542236328,5595.759765625,2551.199951171875,3.680000066757202,101.37000274658203
2024-09-13,16.559999465942383,19.280000686645508,5626.02001953125,2581.300048828125,3.6500000953674316,101.11000061035156
2024-09-16,17.139999389648438,19.809999465942383,5633.08984375,2580.39990234375,3.621000051498413,100.76000213623047
2024-09-17,17.610000610351562,20.1299991607666,5634.580078125,2564.300048828125,3.6419999599456787,100.88999938964844
2024-09-18,18.229999542236328,20.350000381469727,5618.259765625,2570.699951171875,3.684999942779541,100.5999984741211
2024-09-19,16.329999923706055,19.06999969482422,5713.64013671875,2588.0,3.740000009536743,100.61000061035156
2024-09-20,16.149999618530273,18.940000534057617,5702.5498046875,2619.89990234375,3.7279999256134033,100.72000122070312
2024-09-23,15.890000343322754,18.700000762939453,5718.56982421875,2626.5,3.739000082015991,100.91999816894531
2024-09-24,15.390000343322754,18.469999313354492,5732.93017578125,2651.199951171875,3.7360000610351562,100.37000274658203
2024-09-25,15.40999984741211,18.56999969482422,5722.259765625,2659.199951171875,3.7809998989105225,100.91999816894531
2024-09-26,15.369999885559082,18.450000762939453,5745.3701171875,2669.89990234375,3.7909998893737793,100.55999755859375
2024-09-27,16.959999084472656,19.540000915527344,5738.169921875,2644.300048828125,3.749000072479248,100.41999816894531
2024-09-30,16.729999542236328,19.219999313354492,5762.47998046875,2636.10009765625,3.802000045776367,100.77999877929688
2024-10-01,19.260000228881836,20.889999389648438,5708.75,2667.300048828125,3.743000030517578,101.19000244140625
2024-10-02,18.899999618530273,20.59000015258789,5709.5400390625,2647.10009765625,3.7850000858306885,101.68000030517578
2024-10-03,20.489999771118164,21.6299991607666,5699.93994140625,2657.10009765625,3.8499999046325684,101.98999786376953
2024-10-04,19.209999084472656,20.649999618530273,5751.06982421875,2645.800048828125,3.9809999465942383,102.5199966430664
2024-10-07,22.639999389648438,22.59000015258789,5695.93994140625,2644.800048828125,4.026000022888184,102.54000091552734
2024-10-08,21.420000076293945,21.520000457763672,5751.1298828125,2615.0,4.0329999923706055,102.55000305175781
2024-10-09,20.860000610351562,20.90999984741211,5792.0400390625,2606.0,4.066999912261963,102.93000030517578
2024-10-10,20.93000030517578,21.020000457763672,5780.0498046875,2620.60009765625,4.0960001945495605,102.98999786376953
2024-10-11,20.459999084472656,20.770000457763672,5815.02978515625,2657.60009765625,4.072999954223633,102.88999938964844
2024-10-14,19.700000762939453,20.1200008392334,5859.85009765625,2647.800048828125,4.0980000495910645,103.30000305175781
2024-10-15,20.639999389648438,20.799999237060547,5815.259765625,2661.39990234375,4.038000106811523,103.26000213623047
2024-10-16,19.579999923706055,20.31999969482422,5842.47021484375,2674.0,4.015999794006348,103.58999633789062
2024-10-17,19.110000610351562,19.809999465942383,5841.47021484375,2691.0,4.0960001945495605,103.83000183105469
2024-10-18,18.030000686645508,19.190000534057617,5864.669921875,2713.699951171875,4.072999954223633,103.48999786376953
2024-10-21,18.3700008392334,19.239999771118164,5853.97998046875,2723.10009765625,4.182000160217285,104.01000213623047
2024-10-22,18.200000762939453,19.170000076293945,5851.2001953125,2744.199951171875,4.203999996185303,104.08000183105469
2024-10-23,19.239999771118164,20.040000915527344,5797.419921875,2714.39990234375,4.242000102996826,104.43000030517578
2024-10-24,19.079999923706055,19.850000381469727,5809.85986328125,2734.89990234375,4.199999809265137,104.05999755859375
2024-10-25,20.329999923706055,20.940000534057617,5808.1201171875,2740.89990234375,4.23199987411499,104.26000213623047
2024-10-28,19.799999237060547,20.170000076293945,5823.52001953125,2742.89990234375,4.2779998779296875,104.31999969482422
2024-10-29,19.34000015258789,19.959999084472656,5832.919921875,2768.39990234375,4.27400016784668,104.27999877929688
2024-10-30,20.350000381469727,20.760000228881836,5813.669921875,2788.5,4.265999794006348,103.98999786376953
2024-10-31,23.15999984741211,22.639999389648438,5705.4501953125,2738.300048828125,4.283999919891357,103.9800033569336
2024-11-01,21.8799991607666,21.90999984741211,5728.7998046875,2738.60009765625,4.361000061035156,104.27999877929688
2024-11-04,21.979999542236328,21.56999969482422,5712.68994140625,2736.10009765625,4.309000015258789,103.88999938964844
2024-11-05,20.489999771118164,20.190000534057617,5782.759765625,2740.300048828125,4.289000034332275,103.41999816894531
2024-11-06,16.270000457763672,17.670000076293945,5929.0400390625,2667.60009765625,4.426000118255615,105.08999633789062
2024-11-07,15.199999809265137,16.950000762939453,5973.10009765625,2698.39990234375,4.341000080108643,104.51000213623047
2024-11-08,14.9399995803833,16.829999923706055,5995.5400390625,2687.5,4.306000232696533,105.0
2024-11-11,14.970000267028809,16.799999237060547,6001.35009765625,2611.199951171875,4.308000087738037,105.54000091552734
2024-11-12,14.710000038146973,16.709999084472656,5983.990234375,2600.0,4.432000160217285,106.0199966430664
2024-11-13,14.020000457763672,16.510000228881836,5985.3798828125,2580.800048828125,4.451000213623047,106.4800033569336
2024-11-14,14.3100004196167,16.68000030517578,5949.169921875,2568.199951171875,4.418000221252441,106.66999816894531
2024-11-15,16.139999389648438,17.809999465942383,5870.6201171875,2565.699951171875,4.427999973297119,106.69000244140625
2024-11-18,15.579999923706055,17.190000534057617,5893.6201171875,2610.60009765625,4.414000034332275,106.27999877929688
2024-11-19,16.350000381469727,17.690000534057617,5916.97998046875,2627.10009765625,4.379000186920166,106.20999908447266
2024-11-20,17.15999984741211,18.260000228881836,5917.10986328125,2648.199951171875,4.406000137329102,106.68000030517578
2024-11-21,16.8700008392334,18.18000030517578,5948.7099609375,2672.10009765625,4.432000160217285,106.97000122070312
2024-11-22,15.239999771118164,17.299999237060547,5969.33984375,2709.89990234375,4.409999847412109,107.48999786376953
2024-11-25,14.600000381469727,16.8700008392334,5987.3701171875,2616.800048828125,4.264999866485596,106.81999969482422
2024-11-26,14.100000381469727,16.530000686645508,6021.6298828125,2620.300048828125,4.302000045776367,107.01000213623047
2024-11-27,14.100000381469727,16.600000381469727,5998.740234375,2639.89990234375,4.242000102996826,106.08000183105469
2024-11-29,13.510000228881836,16.260000228881836,6032.3798828125,2657.0,4.177999973297119,105.73999786376953
2024-12-02,13.34000015258789,16.34000015258789,6047.14990234375,2634.89990234375,4.196000099182129,106.44999694824219
2024-12-03,13.300000190734863,16.239999771118164,6049.8798828125,2644.699951171875,4.2230000495910645,106.37000274658203
2024-12-04,13.449999809265137,16.389999389648438,6086.490234375,2653.800048828125,4.179999828338623,106.33999633789062
2024-12-05,13.539999961853027,16.579999923706055,6075.10986328125,2626.60009765625,4.179999828338623,105.70999908447266
2024-12-06,12.770000457763672,16.31999969482422,6090.27001953125,2638.60009765625,4.151000022888184,105.97000122070312
2024-12-09,14.1899995803833,17.09000015258789,6052.85009765625,2664.89990234375,4.198999881744385,106.1500015258789
2024-12-10,14.180000305175781,16.979999542236328,6034.91015625,2697.60009765625,4.2210001945495605,106.4000015258789
2024-12-11,13.579999923706055,16.8799991607666,6084.18994140625,2733.800048828125,4.270999908447266,106.70999908447266
2024-12-12,13.920000076293945,17.350000381469727,6051.25,2687.5,4.323999881744385,106.95999908447266
2024-12-13,13.8100004196167,17.149999618530273,6051.08984375,2656.0,4.39900016784668,107.0
2024-12-16,14.6899995803833,17.56999969482422,6074.080078125,2651.39990234375,4.396999835968018,106.86000061035156
2024-12-17,15.869999885559082,18.1299991607666,6050.60986328125,2644.39990234375,4.385000228881836,106.95999908447266
2024-12-18,27.6200008392334,24.239999771118164,5872.16015625,2636.5,4.49399995803833,108.02999877929688
2024-12-19,24.09000015258789,24.139999389648438,5867.080078125,2592.199951171875,4.570000171661377,108.41000366210938
2024-12-20,18.360000610351562,20.100000381469727,5930.85009765625,2628.699951171875,4.52400016784668,107.62000274658203
2024-12-23,16.780000686645508,18.649999618530273,5974.06982421875,2612.300048828125,4.598999977111816,108.04000091552734
2024-12-24,14.270000457763672,17.200000762939453,6040.0400390625,2620.0,4.591000080108643,108.26000213623047
2024-12-26,14.729999542236328,17.360000610351562,6037.58984375,2638.800048828125,4.578999996185303,108.12999725341797
2024-12-27,15.949999809265137,18.06999969482422,5970.83984375,2617.199951171875,4.61899995803833,108.0
2024-12-30,17.399999618530273,18.940000534057617,5906.93994140625,2606.10009765625,4.545000076293945,108.12999725341797
2024-12-31,17.350000381469727,18.979999542236328,5881.6298828125,2629.199951171875,4.572999954223633,108.48999786376953
2025-01-02,17.93000030517578,19.329999923706055,5868.5498046875,2658.89990234375,4.574999809265137,109.38999938964844
2025-01-03,16.1299991607666,18.139999389648438,5942.47021484375,2645.0,4.5960001945495605,108.94999694824219
2025-01-06,16.040000915527344,18.030000686645508,5975.3798828125,2638.39990234375,4.618000030517578,108.26000213623047
2025-01-07,17.81999969482422,19.190000534057617,5909.02978515625,2656.699951171875,4.683000087738037,108.54000091552734
2025-01-08,17.700000762939453,19.34000015258789,5918.25,2664.5,4.692999839782715,109.08999633789062
2025-01-10,19.540000915527344,20.969999313354492,5827.0400390625,2708.5,4.776000022888184,109.6500015258789
2025-01-13,19.190000534057617,20.43000030517578,5836.22021484375,2673.5,4.802999973297119,109.95999908447266
2025-01-14,18.709999084472656,19.989999771118164,5842.91015625,2677.5,4.788000106811523,109.2699966430664
2025-01-15,16.1200008392334,18.229999542236328,5949.91015625,2712.5,4.6529998779296875,109.08999633789062
2025-01-16,16.600000381469727,18.350000381469727,5937.33984375,2746.39990234375,4.605999946594238,108.95999908447266
2025-01-17,15.970000267028809,18.190000534057617,5996.66015625,2744.300048828125,4.609000205993652,109.3499984741211
2025-01-21,15.0600004196167,17.5,6049.240234375,2755.0,4.573999881744385,108.05999755859375
2025-01-22,15.100000381469727,17.809999465942383,6086.3701171875,2767.60009765625,4.598999977111816,108.16999816894531
2025-01-23,15.020000457763672,17.520000457763672,6118.7099609375,2763.10009765625,4.638000011444092,108.05000305175781
2025-01-24,14.850000381469727,17.549999237060547,6101.240234375,2777.300048828125,4.625999927520752,107.44000244140625
2025-01-27,17.899999618530273,18.969999313354492,6012.27978515625,2737.5,4.5279998779296875,107.33999633789062
2025-01-28,16.40999984741211,18.1299991607666,6067.7001953125,2766.800048828125,4.551000118255615,107.87000274658203
2025-01-29,16.559999465942383,18.149999618530273,6039.31005859375,2769.10009765625,4.554999828338623,108.0
2025-01-30,15.84000015258789,17.90999984741211,6071.169921875,2823.0,4.51200008392334,107.80000305175781
2025-01-31,16.43000030517578,18.43000030517578,6040.52978515625,2812.5,4.568999767303467,108.37000274658203
2025-02-03,18.6200008392334,19.549999237060547,5994.56982421875,2833.89990234375,4.543000221252441,108.98999786376953
2025-02-04,17.209999084472656,18.639999389648438,6037.8798828125,2853.300048828125,4.513000011444092,107.95999908447266
2025-02-05,15.770000457763672,17.959999084472656,6061.47998046875,2871.60009765625,4.421999931335449,107.58000183105469
2025-02-06,15.5,17.940000534057617,6083.56982421875,2856.0,4.440000057220459,107.69000244140625
2025-02-07,16.540000915527344,18.6299991607666,6025.990234375,2867.300048828125,4.486999988555908,108.04000091552734
2025-02-10,15.8100004196167,18.229999542236328,6066.43994140625,2914.300048828125,4.493000030517578,108.31999969482422
2025-02-11,16.020000457763672,18.280000686645508,6068.5,2912.5,4.5370001792907715,107.95999908447266
2025-02-12,15.890000343322754,18.309999465942383,6051.97021484375,2909.0,4.63700008392334,107.94000244140625
2025-02-13,15.100000381469727,17.84000015258789,6115.06982421875,2925.89990234375,4.525000095367432,107.30999755859375
2025-02-14,14.770000457763672,17.809999465942383,6114.6298828125,2883.60009765625,4.4720001220703125,106.56999969482422
2025-02-18,15.350000381469727,17.81999969482422,6129.580078125,2931.60009765625,4.544000148773193,107.05000305175781
2025-02-19,15.270000457763672,17.93000030517578,6144.14990234375,2919.39990234375,4.534999847412109,107.16999816894531
2025-02-20,15.65999984741211,18.010000228881836,6117.52001953125,2940.0,4.5,106.33999633789062
2025-02-21,18.209999084472656,19.479999542236328,6013.1298828125,2937.60009765625,4.420000076293945,106.61000061035156
2025-02-24,18.979999542236328,19.860000610351562,5983.25,2947.89990234375,4.39300012588501,106.5999984741211
2025-02-25,19.43000030517578,20.030000686645508,5955.25,2904.5,4.297999858856201,106.30999755859375
2025-02-26,19.100000381469727,19.75,5956.06005859375,2916.800048828125,4.249000072479248,106.41999816894531
2025-02-27,21.1299991607666,21.219999313354492,5861.56982421875,2883.199951171875,4.284999847412109,107.23999786376953
2025-02-28,19.6299991607666,20.18000030517578,5954.5,2836.800048828125,4.230999946594238,107.61000061035156
2025-03-03,22.780000686645508,22.18000030517578,5849.72021484375,2890.199951171875,4.179999828338623,106.75
2025-03-04,23.510000228881836,22.780000686645508,5778.14990234375,2909.60009765625,4.210000038146973,105.73999786376953
2025-03-05,21.93000030517578,21.719999313354492,5842.6298828125,2915.300048828125,4.264999866485596,105.73999786376953
2025-03-06,24.8700008392334,23.700000762939453,5738.52001953125,2916.60009765625,4.285999774932861,104.05999755859375
2025-03-07,23.3700008392334,22.59000015258789,5770.2001953125,2904.699951171875,4.316999912261963,103.83999633789062
2025-03-10,27.860000610351562,25.719999313354492,5614.56005859375,2891.0,4.2129998207092285,103.91000366210938
2025-03-11,26.920000076293945,25.34000015258789,5572.06982421875,2912.89990234375,4.288000106811523,103.44000244140625
2025-03-12,24.229999542236328,23.670000076293945,5599.2998046875,2939.10009765625,4.317999839782715,103.61000061035156
2025-03-13,24.65999984741211,24.059999465942383,5521.52001953125,2984.300048828125,4.27400016784668,103.83000183105469
2025-03-14,21.770000457763672,22.170000076293945,5638.93994140625,2994.5,4.308000087738037,103.72000122070312
2025-03-17,20.510000228881836,21.299999237060547,5675.1201171875,3000.0,4.306000232696533,103.37000274658203
2025-03-18,21.700000762939453,21.969999313354492,5614.66015625,3035.10009765625,4.281000137329102,103.23999786376953
2025-03-19,19.899999618530273,20.829999923706055,5675.2900390625,3035.89990234375,4.25600004196167,103.43000030517578
2025-03-20,19.799999237060547,20.709999084472656,5662.89013671875,3040.0,4.232999801635742,103.8499984741211
2025-03-21,19.280000686645508,20.350000381469727,5667.56005859375,3018.199951171875,4.251999855041504,104.08999633789062
2025-03-24,17.479999542236328,19.040000915527344,5767.56982421875,3013.10009765625,4.330999851226807,104.26000213623047
2025-03-25,17.149999618530273,19.049999237060547,5776.64990234375,3023.699951171875,4.307000160217285,104.18000030517578
2025-03-26,18.329999923706055,19.84000015258789,5712.2001953125,3020.89990234375,4.3379998207092285,104.55000305175781
2025-03-27,18.690000534057617,19.889999389648438,5693.31005859375,3060.199951171875,4.36899995803833,104.06999969482422
2025-03-28,21.649999618530273,22.010000228881836,5580.93994140625,3086.5,4.255000114440918,104.04000091552734
2025-03-31,22.280000686645508,21.969999313354492,5611.85009765625,3122.800048828125,4.245999813079834,104.20999908447266
2025-04-01,21.770000457763672,21.81999969482422,5633.06982421875,3118.89990234375,4.156000137329102,104.26000213623047
2025-04-02,21.510000228881836,21.450000762939453,5670.97021484375,3139.89990234375,4.196000099182129,103.80999755859375
2025-04-03,30.020000457763672,27.3799991607666,5396.52001953125,3097.0,4.054999828338623,102.06999969482422
2025-04-04,45.310001373291016,36.709999084472656,5074.080078125,3012.0,3.984999895095825,103.0199966430664
2025-04-07,46.97999954223633,36.880001068115234,5062.25,2951.300048828125,4.15500020980835,103.26000213623047
2025-04-08,52.33000183105469,41.5,4982.77001953125,2968.39990234375,4.26200008392334,102.95999908447266
2025-04-09,33.619998931884766,29.920000076293945,5456.89990234375,3056.5,4.400000095367432,102.9000015258789
2025-04-10,40.720001220703125,35.709999084472656,5268.0498046875,3155.199951171875,4.394000053405762,100.87000274658203
2025-04-11,37.560001373291016,33.90999984741211,5363.35986328125,3222.199951171875,4.493000030517578,99.77999877929688
2025-04-14,30.889999389648438,29.6299991607666,5405.97021484375,3204.800048828125,4.363999843597412,99.63999938964844
2025-04-15,30.1200008392334,29.0,5396.6298828125,3218.699951171875,4.322999954223633,100.22000122070312
2025-04-16,32.63999938964844,30.940000534057617,5275.7001953125,3326.60009765625,4.2789998054504395,99.37999725341797
2025-04-17,29.649999618530273,29.350000381469727,5282.7001953125,3308.699951171875,4.333000183105469,99.37999725341797
2025-04-21,33.81999969482422,31.829999923706055,5158.2001953125,3406.199951171875,4.40500020980835,98.27999877929688
2025-04-22,30.56999969482422,29.450000762939453,5287.759765625,3400.800048828125,4.388999938964844,98.91999816894531
2025-04-23,28.450000762939453,28.020000457763672,5375.85986328125,3276.300048828125,4.38700008392334,99.83999633789062
2025-04-24,26.469999313354492,26.440000534057617,5484.77001953125,3332.0,4.304999828338623,99.29000091552734
2025-04-25,24.84000015258789,25.3700008392334,5525.2099609375,3282.39990234375,4.265999794006348,99.47000122070312
2025-04-28,25.149999618530273,25.729999542236328,5528.75,3332.5,4.216000080108643,99.01000213623047
2025-04-29,24.170000076293945,25.219999313354492,5560.830078125,3318.800048828125,4.172999858856201,99.23999786376953
2025-04-30,24.700000762939453,25.540000915527344,5569.06005859375,3305.0,4.177000045776367,99.47000122070312
2025-05-01,24.600000381469727,25.489999771118164,5604.14013671875,3210.0,4.230999946594238,100.25
2025-05-02,22.68000030517578,24.0,5686.669921875,3231.89990234375,4.322000026702881,100.0
2025-05-05,23.639999389648438,24.549999237060547,5650.3798828125,3311.300048828125,4.3429999351501465,99.83000183105469
2025-05-06,24.760000228881836,25.40999984741211,5606.91015625,3411.39990234375,4.308000087738037,99.23999786376953
2025-05-07,23.549999237060547,24.700000762939453,5631.27978515625,3381.39990234375,4.275000095367432,99.61000061035156
2025-05-08,22.479999542236328,23.760000228881836,5663.93994140625,3296.60009765625,4.373000144958496,100.63999938964844
2025-05-09,21.899999618530273,23.3799991607666,5659.91015625,3335.39990234375,4.375,100.33999633789062
2025-05-12,18.389999389648438,20.219999313354492,5844.18994140625,3220.0,4.456999778747559,101.79000091552734
2025-05-13,18.219999313354492,20.09000015258789,5886.5498046875,3240.300048828125,4.499000072479248,101.0
2025-05-14,18.6200008392334,20.579999923706055,5892.580078125,3181.39990234375,4.5279998779296875,101.04000091552734
2025-05-15,17.829999923706055,20.25,5916.93017578125,3220.699951171875,4.454999923706055,100.87999725341797
2025-05-16,17.239999771118164,20.079999923706055,5958.3798828125,3182.0,4.440999984741211,101.08999633789062
2025-05-19,18.139999389648438,20.690000534057617,5963.60009765625,3228.89990234375,4.474999904632568,100.43000030517578
2025-05-20,18.09000015258789,20.719999313354492,5940.4599609375,3280.300048828125,4.480999946594238,100.12000274658203
2025-05-21,20.8700008392334,22.65999984741211,5844.60986328125,3309.300048828125,4.5960001945495605,99.55999755859375
2025-05-22,20.280000686645508,22.31999969482422,5842.009765625,3292.300048828125,4.552999973297119,99.95999908447266
2025-05-23,22.290000915527344,23.799999237060547,5802.81982421875,3363.60009765625,4.508999824523926,99.11000061035156
2025-05-27,18.959999084472656,21.290000915527344,5921.5400390625,3299.10009765625,4.434000015258789,99.5199966430664
2025-05-28,19.309999465942383,21.670000076293945,5888.5498046875,3293.60009765625,4.4770002365112305,99.87999725341797
2025-05-29,19.18000030517578,21.6200008392334,5912.169921875,3317.10009765625,4.423999786376953,99.27999877929688
2025-05-30,18.56999969482422,21.3799991607666,5911.68994140625,3288.89990234375,4.415999889373779,99.33000183105469
2025-06-02,18.360000610351562,21.09000015258789,5935.93994140625,3370.60009765625,4.461999893188477,98.69999694824219
2025-06-03,17.690000534057617,20.719999313354492,5970.3701171875,3350.199951171875,4.460000038146973,99.25
2025-06-04,17.610000610351562,20.65999984741211,5970.81005859375,3373.5,4.364999771118164,98.79000091552734
2025-06-05,18.479999542236328,21.110000610351562,5939.2998046875,3350.699951171875,4.394000053405762,98.73999786376953
2025-06-06,16.770000457763672,20.020000457763672,6000.35986328125,3322.699951171875,4.510000228881836,99.19000244140625
2025-06-09,17.15999984741211,20.09000015258789,6005.8798828125,3332.10009765625,4.48199987411499,98.94000244140625
2025-06-10,16.950000762939453,19.940000534057617,6038.81005859375,3320.89990234375,4.473999977111816,99.05000305175781
2025-06-11,17.260000228881836,20.299999237060547,6022.240234375,3321.300048828125,4.4120001792907715,98.62999725341797
2025-06-12,18.020000457763672,20.649999618530273,6045.259765625,3380.89990234375,4.35699987411499,97.91999816894531
2025-06-13,20.81999969482422,22.6200008392334,5976.97021484375,3431.199951171875,4.423999786376953,98.18000030517578
2025-06-16,19.110000610351562,21.229999542236328,6033.10986328125,3396.39990234375,4.452000141143799,98.0
2025-06-17,21.600000381469727,22.90999984741211,5982.72021484375,3386.60009765625,4.39300012588501,98.81999969482422
2025-06-18,20.139999389648438,21.969999313354492,5980.8701171875,3389.800048828125,4.396999835968018,98.91000366210938
2025-06-20,20.6200008392334,22.479999542236328,5967.83984375,3368.10009765625,4.375,98.70999908447266
2025-06-23,19.829999923706055,21.81999969482422,6025.169921875,3377.699951171875,4.320000171661377,98.41999816894531
2025-06-24,17.479999542236328,20.049999237060547,6092.18017578125,3317.39990234375,4.293000221252441,97.86000061035156
2025-06-25,16.760000228881836,19.670000076293945,6092.16015625,3327.10009765625,4.293000221252441,97.68000030517578
2025-06-26,16.59000015258789,19.450000762939453,6141.02001953125,3333.5,4.252999782562256,97.1500015258789
2025-06-27,16.31999969482422,19.450000762939453,6173.06982421875,3273.699951171875,4.2829999923706055,97.4000015258789
2025-06-30,16.729999542236328,19.440000534057617,6204.9501953125,3294.39990234375,4.230000019073486,96.87999725341797
2025-07-01,16.829999923706055,19.510000228881836,6198.009765625,3336.699951171875,4.250999927520752,96.81999969482422
2025-07-02,16.639999389648438,19.350000381469727,6227.419921875,3348.0,4.293000221252441,96.77999877929688
2025-07-03,16.3799991607666,19.209999084472656,6279.35009765625,3331.60009765625,4.3480000495910645,97.18000030517578
2025-07-07,17.790000915527344,20.209999084472656,6229.97998046875,3332.199951171875,4.394999980926514,97.4800033569336
2025-07-08,16.809999465942383,19.579999923706055,6225.52001953125,3307.0,4.414999961853027,97.51000213623047
2025-07-09,15.9399995803833,19.020000457763672,6263.259765625,3311.60009765625,4.3420000076293945,97.47000122070312
2025-07-10,15.779999732971191,18.920000076293945,6280.4599609375,3317.39990234375,4.3460001945495605,97.6500015258789
2025-07-11,16.399999618530273,19.3700008392334,6259.75,3356.0,4.422999858856201,97.8499984741211
2025-07-14,17.200000762939453,19.84000015258789,6268.56005859375,3351.5,4.427000045776367,98.08000183105469
2025-07-15,17.3799991607666,20.059999465942383,6243.759765625,3329.800048828125,4.488999843597412,98.62000274658203
2025-07-16,17.15999984741211,20.09000015258789,6263.7001953125,3352.5,4.454999923706055,98.38999938964844
2025-07-17,16.520000457763672,19.690000534057617,6297.35986328125,3340.10009765625,4.4629998207092285,98.7300033569336
2025-07-18,16.40999984741211,19.579999923706055,6296.7900390625,3353.0,4.432000160217285,98.4800033569336
2025-07-21,16.649999618530273,19.510000228881836,6305.60009765625,3401.89990234375,4.372000217437744,97.8499984741211
2025-07-22,16.5,19.530000686645508,6309.6201171875,3439.199951171875,4.335999965667725,97.38999938964844
2025-07-23,15.369999885559082,18.559999465942383,6358.91015625,3394.10009765625,4.388000011444092,97.20999908447266
2025-07-24,15.390000343322754,18.559999465942383,6363.35009765625,3371.0,4.4079999923706055,97.37999725341797
2025-07-25,14.930000305175781,18.31999969482422,6388.64013671875,3334.0,4.386000156402588,97.6500015258789
2025-07-28,15.029999732971191,18.15999984741211,6389.77001953125,3309.10009765625,4.420000076293945,98.66000366210938
2025-07-29,15.979999542236328,18.770000457763672,6370.85986328125,3323.39990234375,4.329999923706055,98.91000366210938
2025-07-30,15.479999542236328,18.350000381469727,6362.89990234375,3295.800048828125,4.375999927520752,99.94000244140625
2025-07-31,16.719999313354492,19.139999389648438,6339.39013671875,3293.199951171875,4.360000133514404,100.02999877929688
2025-08-01,20.3799991607666,21.239999771118164,6238.009765625,3347.699951171875,4.21999979019165,98.69000244140625
2025-08-04,17.520000457763672,19.610000610351562,6329.93994140625,3374.39990234375,4.199999809265137,98.77999877929688
2025-08-05,17.850000381469727,20.030000686645508,6299.18994140625,3381.89990234375,4.196000099182129,98.77999877929688
2025-08-06,16.770000457763672,19.469999313354492,6345.06005859375,3380.0,4.21999979019165,98.18000030517578
2025-08-07,16.56999969482422,19.350000381469727,6340.0,3400.300048828125,4.24399995803833,98.4000015258789
2025-08-08,15.149999618530273,18.700000762939453,6389.4501953125,3439.10009765625,4.284999847412109,98.18000030517578
2025-08-11,16.25,19.25,6373.4501953125,3353.10009765625,4.2729997634887695,98.5199966430664
2025-08-12,14.729999542236328,18.34000015258789,6445.759765625,3348.89990234375,4.293000221252441,98.0999984741211
2025-08-13,14.489999771118164,18.329999923706055,6466.580078125,3358.699951171875,4.23799991607666,97.83999633789062
2025-08-14,14.829999923706055,18.489999771118164,6468.5400390625,3335.199951171875,4.293000221252441,98.25
2025-08-15,15.09000015258789,18.639999389648438,6449.7998046875,3336.0,4.328000068664551,97.8499984741211
2025-08-18,14.989999771118164,18.450000762939453,6449.14990234375,3331.699951171875,4.341000080108643,98.16999816894531
2025-08-19,15.569999694824219,18.899999618530273,6411.3701171875,3313.39990234375,4.302000045776367,98.2699966430664
2025-08-20,15.6899995803833,19.100000381469727,6395.77978515625,3343.39990234375,4.296000003814697,98.22000122070312
2025-08-21,16.600000381469727,19.40999984741211,6370.169921875,3336.89990234375,4.329999923706055,98.62000274658203
2025-08-22,14.220000267028809,17.760000228881836,6466.91015625,3374.39990234375,4.260000228881836,97.72000122070312
2025-08-25,14.789999961853027,18.020000457763672,6439.31982421875,3373.800048828125,4.275000095367432,98.43000030517578
2025-08-26,14.619999885559082,17.899999618530273,6465.93994140625,3388.60009765625,4.257999897003174,98.2300033569336
2025-08-27,14.850000381469727,17.940000534057617,6481.39990234375,3404.60009765625,4.23799991607666,98.2300033569336
2025-08-28,14.430000305175781,17.719999313354492,6501.85986328125,3431.800048828125,4.206999778747559,97.80999755859375
2025-08-29,15.359999656677246,18.350000381469727,6460.259765625,3473.699951171875,4.2270002365112305,97.7699966430664
2025-09-02,17.170000076293945,19.3799991607666,6415.5400390625,3549.39990234375,4.2769999504089355,98.4000015258789
2025-09-03,16.350000381469727,18.93000030517578,6448.259765625,3593.199951171875,4.210999965667725,98.13999938964844
2025-09-04,15.300000190734863,18.389999389648438,6502.080078125,3565.800048828125,4.176000118255615,98.3499984741211
2025-09-05,15.180000305175781,18.420000076293945,6481.5,3613.199951171875,4.085999965667725,97.7699966430664
2025-09-08,15.109999656677246,18.290000915527344,6495.14990234375,3638.10009765625,4.046000003814697,97.44999694824219
2025-09-09,15.039999961853027,18.270000457763672,6512.60986328125,3643.300048828125,4.073999881744385,97.79000091552734
2025-09-10,15.350000381469727,18.440000534057617,6532.0400390625,3643.60009765625,4.0320000648498535,97.77999877929688
2025-09-11,14.710000038146973,18.030000686645508,6587.47021484375,3636.89990234375,4.011000156402588,97.54000091552734
2025-09-12,14.760000228881836,18.059999465942383,6584.2900390625,3649.39990234375,4.060999870300293,97.55000305175781
2025-09-15,15.6899995803833,18.530000686645508,6615.27978515625,3682.199951171875,4.033999919891357,97.30000305175781
2025-09-16,16.360000610351562,18.90999984741211,6606.759765625,3688.89990234375,4.026000022888184,96.62999725341797
2025-09-17,15.720000267028809,18.440000534057617,6600.35009765625,3681.800048828125,4.076000213623047,96.87000274658203
2025-09-18,15.699999809265137,18.520000457763672,6631.9599609375,3643.699951171875,4.104000091552734,97.3499984741211
2025-09-19,15.449999809265137,18.479999542236328,6664.35986328125,3671.5,4.138999938964844,97.63999938964844
2025-09-22,16.100000381469727,18.950000762939453,6693.75,3740.699951171875,4.14300012588501,97.33000183105469
2025-09-23,16.639999389648438,19.440000534057617,6656.919921875,3780.60009765625,4.119999885559082,97.26000213623047
2025-09-24,16.18000030517578,19.139999389648438,6637.97021484375,3732.10009765625,4.146999835968018,97.87000274658203
2025-09-25,16.739999771118164,19.459999084472656,6604.72021484375,3736.89990234375,4.171999931335449,98.55000305175781
2025-09-26,15.289999961853027,18.40999984741211,6643.7001953125,3775.300048828125,4.186999797821045,98.1500015258789
2025-09-29,16.1200008392334,18.760000228881836,6661.2099609375,3820.89990234375,4.140999794006348,97.91000366210938
2025-09-30,16.280000686645508,18.770000457763672,6688.4599609375,3840.800048828125,4.1479997634887695,97.7699966430664
2025-10-01,16.290000915527344,18.760000228881836,6711.2001953125,3867.5,4.105999946594238,97.70999908447266
2025-10-02,16.6299991607666,18.889999389648438,6715.35009765625,3839.699951171875,4.0879998207092285,97.8499984741211
2025-10-03,16.649999618530273,19.079999923706055,6715.7900390625,3880.800048828125,4.11899995803833,97.72000122070312
2025-10-06,16.3700008392334,19.1200008392334,6740.27978515625,3948.5,4.1620001792907715,98.11000061035156
2025-10-07,17.239999771118164,19.709999084472656,6714.58984375,3976.60009765625,4.126999855041504,98.58000183105469
2025-10-08,16.299999237060547,19.260000228881836,6753.72021484375,4043.300048828125,4.129000186920166,98.8499984741211
2025-10-09,16.43000030517578,19.3799991607666,6735.10986328125,3946.300048828125,4.1479997634887695,99.54000091552734
2025-10-10,21.65999984741211,22.809999465942383,6552.509765625,3975.89990234375,4.051000118255615,98.9800033569336
2025-10-13,19.030000686645508,20.93000030517578,6654.72021484375,4108.60009765625,4.051000118255615,99.2699966430664
2025-10-14,20.809999465942383,22.030000686645508,6644.31005859375,4138.7001953125,4.021999835968018,99.05000305175781
2025-10-15,20.639999389648438,21.940000534057617,6671.06005859375,4176.89990234375,4.046000003814697,98.79000091552734
2025-10-16,25.309999465942383,24.8700008392334,6629.06982421875,4280.2001953125,3.9760000705718994,98.38999938964844
2025-10-17,20.780000686645508,22.09000015258789,6664.009765625,4189.89990234375,4.006999969482422,98.43000030517578
2025-10-20,18.229999542236328,20.309999465942383,6735.1298828125,4336.39990234375,3.9860000610351562,98.58999633789062
2025-10-21,17.8700008392334,19.989999771118164,6735.35009765625,4087.699951171875,3.9630000591278076,98.93000030517578
2025-10-22,18.600000381469727,20.309999465942383,6699.39990234375,4044.39990234375,3.953000068664551,98.9000015258789
2025-10-23,17.299999237060547,19.649999618530273,6738.43994140625,4125.5,3.990999937057495,98.94000244140625
2025-10-24,16.3700008392334,19.200000762939453,6791.68994140625,4118.39990234375,3.996999979019165,98.94999694824219
2025-10-27,15.789999961853027,18.989999771118164,6875.16015625,4001.89990234375,3.996999979019165,98.77999877929688
2025-10-28,16.420000076293945,19.549999237060547,6890.89013671875,3966.199951171875,3.9830000400543213,98.69000244140625
2025-10-29,16.920000076293945,19.829999923706055,6890.58984375,3983.699951171875,4.058000087738037,99.22000122070312
2025-10-30,16.90999984741211,19.979999542236328,6822.33984375,4001.300048828125,4.0929999351501465,99.52999877929688
2025-10-31,17.440000534057617,20.489999771118164,6840.2001953125,3982.199951171875,4.10099983215332,99.80000305175781
2025-11-03,17.170000076293945,20.3799991607666,6851.97021484375,4000.300048828125,4.105999946594238,99.87000274658203
2025-11-04,19.0,21.290000915527344,6771.5498046875,3947.699951171875,4.089000225067139,100.22000122070312
2025-11-05,18.010000228881836,20.600000381469727,6796.2900390625,3980.300048828125,4.1570000648498535,100.19999694824219
2025-11-06,19.5,21.350000381469727,6720.31982421875,3979.89990234375,4.0929999351501465,99.7300033569336
2025-11-07,19.079999923706055,21.190000534057617,6728.7998046875,3999.39990234375,4.0929999351501465,99.5999984741211
2025-11-10,17.600000381469727,20.239999771118164,6832.43017578125,4111.7998046875,4.110000133514404,99.62000274658203
2025-11-11,17.280000686645508,20.190000534057617,6846.60986328125,4106.7998046875,4.119999885559082,99.45999908447266
2025-11-12,17.510000228881836,20.34000015258789,6850.919921875,4204.39990234375,4.065000057220459,99.4800033569336
2025-11-13,20.0,21.850000381469727,6737.490234375,4186.89990234375,4.111999988555908,99.18000030517578
2025-11-14,19.829999923706055,21.579999923706055,6734.10986328125,4087.60009765625,4.1479997634887695,99.2699966430664
2025-11-17,22.3799991607666,23.18000030517578,6672.41015625,4068.300048828125,4.132999897003174,99.58999633789062
2025-11-18,24.690000534057617,24.540000915527344,6617.31982421875,4061.300048828125,4.123000144958496,99.55000305175781
2025-11-19,23.65999984741211,23.989999771118164,6642.16015625,4077.699951171875,4.132999897003174,100.2300033569336
2025-11-20,26.420000076293945,25.760000228881836,6538.759765625,4056.5,4.105999946594238,100.16000366210938
2025-11-21,23.43000030517578,23.959999084472656,6602.990234375,4076.699951171875,4.063000202178955,100.18000030517578
2025-11-24,20.520000457763672,21.850000381469727,6705.1201171875,4091.89990234375,4.038000106811523,100.13999938964844
2025-11-25,18.559999465942383,20.729999542236328,6765.8798828125,4139.2001953125,4.001999855041504,99.66000366210938
2025-11-26,17.190000534057617,20.020000457763672,6812.60986328125,4165.2001953125,3.997999906539917,99.5999984741211
2025-11-28,16.350000381469727,19.639999389648438,6849.08984375,4218.2998046875,4.017000198364258,99.45999908447266
2025-12-01,17.239999771118164,20.219999313354492,6812.6298828125,4239.2998046875,4.0960001945495605,99.41000366210938
2025-12-02,16.59000015258789,19.84000015258789,6829.3701171875,4186.60009765625,4.085999965667725,99.36000061035156
2025-12-03,16.079999923706055,19.709999084472656,6849.72021484375,4199.2998046875,4.057000160217285,98.8499984741211
2025-12-04,15.779999732971191,19.489999771118164,6857.1201171875,4211.7998046875,4.107999801635742,98.98999786376953
2025-12-05,15.40999984741211,19.270000457763672,6870.39990234375,4212.89990234375,4.138999938964844,98.98999786376953
2025-12-08,16.65999984741211,19.90999984741211,6846.509765625,4187.2001953125,4.171999931335449,99.08999633789062
2025-12-09,16.93000030517578,20.079999923706055,6840.509765625,4206.7001953125,4.185999870300293,99.22000122070312
2025-12-10,15.770000457763672,19.350000381469727,6886.68017578125,4196.39990234375,4.164000034332275,98.79000091552734
2025-12-11,14.850000381469727,19.049999237060547,6901.0,4285.5,4.140999794006348,98.3499984741211
2025-12-12,15.739999771118164,19.25,6827.41015625,4300.10009765625,4.193999767303467,98.4000015258789
2025-12-15,16.5,19.68000030517578,6816.509765625,4306.7001953125,4.182000160217285,98.1500015258789
2025-12-16,16.479999542236328,19.670000076293945,6800.259765625,4304.5,4.14900016784668,98.1500015258789
2025-12-17,17.6200008392334,20.079999923706055,6721.43017578125,4347.5,4.151000022888184,98.37000274658203
2025-12-18,16.8700008392334,19.59000015258789,6774.759765625,4339.5,4.116000175476074,98.43000030517578
2025-12-19,14.90999984741211,18.25,6834.5,4361.39990234375,4.151000022888184,98.5999984741211
2025-12-22,14.079999923706055,17.790000915527344,6878.490234375,4444.60009765625,4.169000148773193,98.29000091552734
2025-12-23,14.0,17.84000015258789,6909.7900390625,4482.7998046875,4.169000148773193,97.94000244140625
2025-12-24,13.470000267028809,17.770000457763672,6932.0498046875,4480.60009765625,4.136000156402588,97.9800033569336
2025-12-26,13.600000381469727,17.770000457763672,6929.93994140625,4529.10009765625,4.136000156402588,98.0199966430664
2025-12-29,14.199999809265137,17.81999969482422,6905.740234375,4325.10009765625,4.116000175476074,98.04000091552734
2025-12-30,14.329999923706055,17.770000457763672,6896.240234375,4370.10009765625,4.130000114440918,98.23999786376953
2025-12-31,14.949999809265137,18.18000030517578,6845.5,4325.60009765625,4.163000106811523,98.27999877929688
2026-01-02,14.510000228881836,18.020000457763672,6858.47021484375,4314.39990234375,4.186999797821045,98.41999816894531
2026-01-05,14.899999618530273,18.31999969482422,6902.0498046875,4436.89990234375,4.164999961853027,98.2699966430664
2026-01-06,14.75,18.149999618530273,6944.81982421875,4482.2001953125,4.178999900817871,98.58000183105469
2026-01-07,15.380000114440918,18.59000015258789,6920.93017578125,4449.2998046875,4.138000011444092,98.68000030517578
2026-01-08,15.449999809265137,18.389999389648438,6921.4599609375,4449.7001953125,4.183000087738037,98.93000030517578
2026-01-09,14.489999771118164,17.8799991607666,6966.27978515625,4490.2998046875,4.171000003814697,99.12999725341797
2026-01-12,15.119999885559082,18.229999542236328,6977.27001953125,4604.2998046875,4.186999797821045,98.86000061035156
2026-01-13,15.979999542236328,18.850000381469727,6963.740234375,4589.2001953125,4.171000003814697,99.12999725341797
2026-01-14,16.75,19.3700008392334,6926.60009765625,4626.2998046875,4.139999866485596,99.12999725341797
2026-01-15,15.84000015258789,18.899999618530273,6944.47021484375,4616.2998046875,4.159999847412109,99.31999969482422
2026-01-16,15.859999656677246,18.989999771118164,6940.009765625,4588.39990234375,4.230999946594238,99.38999938964844
2026-01-20,20.09000015258789,21.280000686645508,6796.85986328125,4759.60009765625,4.295000076293945,98.63999938964844
2026-01-21,16.899999618530273,19.360000610351562,6875.6201171875,4831.7998046875,4.252999782562256,98.76000213623047
2026-01-22,15.640000343322754,18.75,6913.35009765625,4908.7998046875,4.249000072479248,98.36000061035156
2026-01-23,16.09000015258789,19.149999618530273,6915.60986328125,4976.2001953125,4.238999843597412,97.5999984741211
2026-01-26,16.149999618530273,19.06999969482422,6950.22998046875,5079.7001953125,4.2129998207092285,97.04000091552734
2026-01-27,16.350000381469727,19.219999313354492,6978.60009765625,5079.89990234375,4.2230000495910645,96.22000122070312
2026-01-28,16.350000381469727,19.299999237060547,6978.02978515625,5301.60009765625,4.250999927520752,96.44999694824219
2026-01-29,16.8799991607666,19.670000076293945,6969.009765625,5318.39990234375,4.2270002365112305,96.27999877929688
2026-01-30,17.440000534057617,20.06999969482422,6939.02978515625,4713.89990234375,4.241000175476074,96.98999786376953
2026-02-02,16.34000015258789,19.3700008392334,6976.43994140625,4622.5,4.275000095367432,97.61000061035156
2026-02-03,18.0,20.350000381469727,6917.81005859375,4903.7001953125,4.27400016784668,97.44000244140625
2026-02-04,18.639999389648438,20.6200008392334,6882.72021484375,4920.39990234375,4.275000095367432,97.62000274658203
2026-02-05,21.770000457763672,22.450000762939453,6798.39990234375,4861.39990234375,4.210000038146973,97.81999969482422
2026-02-06,20.3700008392334,20.3700008392334,6932.2998046875,4951.2001953125,4.205999851226807,97.62999725341797
2026-02-09,17.360000610351562,20.09000015258789,6964.81982421875,5050.89990234375,4.197999954223633,96.81999969482422
2026-02-10,17.790000915527344,20.43000030517578,6941.81005859375,5003.7998046875,4.146999835968018,96.80000305175781
2026-02-11,17.649999618530273,20.3700008392334,6941.47021484375,5071.60009765625,4.171999931335449,96.83000183105469
2026-02-12,20.81999969482422,22.170000076293945,6832.759765625,4923.7001953125,4.104000091552734,96.93000030517578
2026-02-13,20.600000381469727,22.170000076293945,6836.169921875,5022.0,4.056000232696533,96.87999725341797
2026-02-17,20.290000915527344,21.600000381469727,6843.22021484375,4882.89990234375,4.052000045776367,97.16000366210938
2026-02-18,19.6200008392334,21.389999389648438,6881.31005859375,4986.5,4.078999996185303,97.69999694824219
2026-02-19,20.229999542236328,21.8799991607666,6861.89013671875,4975.89990234375,4.074999809265137,97.93000030517578
2026-02-20,19.09000015258789,21.09000015258789,6909.509765625,5059.2998046875,4.085999965667725,97.80000305175781
2026-02-23,21.010000228881836,22.139999389648438,6837.75,5204.7001953125,4.0289998054504395,97.69999694824219
2026-02-24,19.549999237060547,21.34000015258789,6890.06982421875,5155.7998046875,4.0329999923706055,97.87999725341797
2026-02-25,17.93000030517578,20.360000610351562,6946.1298828125,5206.39990234375,4.047999858856201,97.69999694824219
2026-02-26,18.6299991607666,20.809999465942383,6908.85986328125,5176.5,4.017000198364258,97.79000091552734
2026-02-27,19.860000610351562,21.559999465942383,6878.8798828125,5230.5,3.9619998931884766,97.61000061035156
2026-03-02,21.440000534057617,22.440000534057617,6881.6201171875,5294.39990234375,4.047999858856201,98.37999725341797
2026-03-03,23.56999969482422,23.540000915527344,6816.6298828125,5107.39990234375,4.056000232696533,99.05000305175781
2026-03-04,21.149999618530273,22.290000915527344,6869.5,5120.2001953125,4.079999923706055,98.7699966430664
2026-03-05,23.75,23.860000610351562,6830.7099609375,5065.2998046875,4.145999908447266,99.31999969482422
2026-03-06,29.489999771118164,27.559999465942383,6740.02001953125,5146.10009765625,4.132999897003174,98.98999786376953
2026-03-09,25.5,25.34000015258789,6795.990234375,5091.5,4.136000156402588,99.18000030517578
2026-03-10,24.93000030517578,25.510000228881836,6781.47998046875,5229.7001953125,4.136000156402588,98.83000183105469
2026-03-11,24.229999542236328,24.969999313354492,6775.7998046875,5167.39990234375,4.208000183105469,99.2300033569336
2026-03-12,27.290000915527344,26.950000762939453,6672.6201171875,5115.7998046875,4.2729997634887695,99.73999786376953
2026-03-13,27.190000534057617,27.280000686645508,6632.18994140625,5052.5,4.284999847412109,100.36000061035156
2026-03-16,23.510000228881836,24.920000076293945,6699.3798828125,4994.0,4.21999979019165,99.70999908447266
2026-03-17,22.3700008392334,24.329999923706055,6716.08984375,5001.0,4.202000141143799,99.58000183105469
2026-03-18,25.09000015258789,26.559999465942383,6624.7001953125,4889.89990234375,4.258999824523926,100.08999633789062
2026-03-19,24.059999465942383,25.540000915527344,6606.490234375,4600.7001953125,4.281000137329102,99.2300033569336
2026-03-20,26.780000686645508,27.43000030517578,6506.47998046875,4570.39990234375,4.390999794006348,99.6500015258789
2026-03-23,26.149999618530273,26.100000381469727,6581.0,4404.10009765625,4.334000110626221,98.94999694824219
2026-03-24,26.950000762939453,26.559999465942383,6556.3701171875,4399.2998046875,4.392000198364258,99.43000030517578
2026-03-25,25.329999923706055,25.6299991607666,6591.89990234375,4549.7998046875,4.328000068664551,99.5999984741211
2026-03-26,27.440000534057617,27.15999984741211,6477.16015625,4375.5,4.415999889373779,99.9000015258789
2026-03-27,31.049999237060547,29.270000457763672,6368.85009765625,4492.0,4.440000057220459,100.1500015258789
2026-03-30,30.610000610351562,29.1299991607666,6343.72021484375,4526.0,4.3420000076293945,100.51000213623047
2026-03-31,25.25,25.549999237060547,6528.52001953125,4647.60009765625,4.310999870300293,99.95999908447266
2026-04-01,24.540000915527344,24.860000610351562,6575.31982421875,4783.2001953125,4.318999767303467,99.6500015258789
2026-04-02,23.8700008392334,24.719999313354492,6582.68994140625,4651.5,4.313000202178955,100.02999877929688
2026-04-06,24.170000076293945,24.770000457763672,6611.830078125,4656.7998046875,4.335000038146973,99.9800033569336
2026-04-07,25.780000686645508,25.56999969482422,6616.85009765625,4657.10009765625,4.3429999351501465,99.63999938964844
2026-04-08,21.040000915527344,22.68000030517578,6782.81005859375,4749.5,4.290999889373779,99.12999725341797
2026-04-09,19.489999771118164,21.809999465942383,6824.66015625,4792.2001953125,4.293000221252441,98.81999969482422
2026-04-10,19.229999542236328,21.860000610351562,6816.89013671875,4761.89990234375,4.316999912261963,98.6500015258789
2026-04-13,19.1200008392334,21.34000015258789,6886.240234375,4742.39990234375,4.296999931335449,98.37000274658203
2026-04-14,18.360000610351562,20.81999969482422,6967.3798828125,4825.0,4.25600004196167,98.12000274658203
2026-04-15,18.170000076293945,20.780000686645508,7022.9501953125,4800.0,4.2820000648498535,98.05999755859375
2026-04-16,17.940000534057617,20.770000457763672,7041.27978515625,4785.39990234375,4.309000015258789,98.22000122070312
2026-04-17,17.479999542236328,20.510000228881836,7126.06005859375,4857.60009765625,4.245999813079834,98.0999984741211
2026-04-20,18.8700008392334,21.239999771118164,7109.14013671875,4806.60009765625,4.25,98.05000305175781
2026-04-21,19.5,21.510000228881836,7064.009765625,4698.39990234375,4.291999816894531,98.41000366210938
2026-04-22,18.920000076293945,21.239999771118164,7137.89990234375,4732.5,4.294000148773193,98.58999633789062
2026-04-23,19.309999465942383,21.479999542236328,7108.39990234375,4705.10009765625,4.322999954223633,98.80000305175781
2026-04-24,18.709999084472656,21.299999237060547,7165.080078125,4722.2998046875,4.309999942779541,98.51000213623047
2026-04-27,18.020000457763672,20.770000457763672,7173.91015625,4675.39990234375,4.335999965667725,98.4800033569336
2026-04-28,17.829999923706055,20.489999771118164,7138.7998046875,4591.5,4.354000091552734,98.62000274658203
2026-04-29,18.809999465942383,21.190000534057617,7135.9501953125,4545.2001953125,4.418000221252441,98.91999816894531
2026-04-30,16.889999389648438,20.079999923706055,7209.009765625,4614.7001953125,4.389999866485596,98.08000183105469
2026-05-01,16.989999771118164,20.3700008392334,7230.1201171875,4629.89990234375,4.377999782562256,98.20999908447266
2026-05-04,18.290000915527344,21.049999237060547,7200.75,4519.5,4.446000099182129,98.47000122070312
2026-05-05,17.3799991607666,20.81999969482422,7259.22021484375,4555.7998046875,4.415999889373779,98.4800033569336
2026-05-06,17.389999389648438,20.56999969482422,7365.1201171875,4681.89990234375,4.355999946594238,98.0199966430664
2026-05-07,17.079999923706055,20.350000381469727,7337.10986328125,4699.7998046875,4.392000198364258,98.25
2026-05-08,17.190000534057617,20.5,7398.93017578125,4720.39990234375,4.363999843597412,97.83999633789062
